row,field,printed,stored,action
world-assaut-2026-0001,blue_country,Guinea Conakry,Guinea,resolved
world-assaut-2026-0010,blue_country,"Hong Kong, China",Hong Kong,resolved
world-assaut-2026-0015,red_country,"Hong Kong, China",Hong Kong,resolved
world-assaut-2026-0020,red_country,"Hong Kong, China",Hong Kong,resolved
world-assaut-2026-0022,blue_country,Guinea Conakry,Guinea,resolved
world-assaut-2026-0026,blue_country,Democratic Republic of Congo,DR Congo,resolved
world-assaut-2026-0031,blue_country,"Hong Kong, China",Hong Kong,resolved
world-assaut-2026-0037,blue_country,Refugee,Refugee Team,resolved
world-assaut-2026-0043,red_country,Great Britain,United Kingdom,resolved
world-assaut-2026-0049,blue_country,Refugee,Refugee Team,resolved
world-assaut-2026-0053,red_country,"Hong Kong, China",Hong Kong,resolved
world-assaut-2026-0058,red_country,Great Britain,United Kingdom,resolved
world-assaut-2026-0074,blue_country,"Hong Kong, China",Hong Kong,resolved
world-assaut-2026-0083,red_country,Democratic Republic of Congo,DR Congo,resolved
world-assaut-2026-0115,blue_country,"Hong Kong, China",Hong Kong,resolved
world-assaut-2026-0136,blue_country,"Hong Kong, China",Hong Kong,resolved
world-assaut-2026-0141,red_country,Great Britain,United Kingdom,resolved
world-assaut-2026-0162,red_country,Great Britain,United Kingdom,resolved
world-assaut-2026-0166,blue_country,Great Britain,United Kingdom,resolved
world-assaut-2026-0180,blue_country,"Hong Kong, China",Hong Kong,resolved
world-assaut-2026-0185,blue_country,Great Britain,United Kingdom,resolved
world-assaut-2026-0200,blue_country,"Hong Kong, China",Hong Kong,resolved
world-assaut-2026-0205,red_country,"Hong Kong, China",Hong Kong,resolved
world-assaut-2026-0208,blue_country,Guinea Conakry,Guinea,resolved
world-assaut-2026-0210,blue_country,Refugee,Refugee Team,resolved
world-assaut-2026-0226,red_country,Great Britain,United Kingdom,resolved
world-assaut-2026-0228,blue_country,Guinea Conakry,Guinea,resolved
world-assaut-2026-0234,red_country,"Hong Kong, China",Hong Kong,resolved
world-assaut-2026-0239,blue_country,Guinea Conakry,Guinea,resolved
world-assaut-2026-0249,blue_country,Great Britain,United Kingdom,resolved
world-assaut-2026-0256,blue_country,Great Britain,United Kingdom,resolved
world-assaut-2026-0279,blue_country,Great Britain,United Kingdom,resolved
fisav-european-assaut-championships-2025-pool-result-02A-A1A2,blue_country,Denm Ark,Denmark,resolved
fisav-european-assaut-championships-2025-pool-result-02A-A1A3,blue,LEM AYLLEUX NATHALIE,LEMAYLLEUX NATHALIE,repaired
fisav-european-assaut-championships-2025-pool-result-02A-A1A3,loser,LEM AYLLEUX NATHALIE,LEMAYLLEUX NATHALIE,repaired
fisav-european-assaut-championships-2025-pool-result-02A-A1A4,blue_country,Italia,Italy,resolved
fisav-european-assaut-championships-2025-pool-result-02A-A2A3,blue,LEM AYLLEUX NATHALIE,LEMAYLLEUX NATHALIE,repaired
fisav-european-assaut-championships-2025-pool-result-02A-A2A3,red_country,Denm Ark,Denmark,resolved
fisav-european-assaut-championships-2025-pool-result-02A-A2A3,winner,LEM AYLLEUX NATHALIE,LEMAYLLEUX NATHALIE,repaired
fisav-european-assaut-championships-2025-pool-result-02A-A2A4,red_country,Denm Ark,Denmark,resolved
fisav-european-assaut-championships-2025-pool-result-02A-A2A4,blue_country,Italia,Italy,resolved
fisav-european-assaut-championships-2025-pool-result-02A-A3A4,red,LEM AYLLEUX NATHALIE,LEMAYLLEUX NATHALIE,repaired
fisav-european-assaut-championships-2025-pool-result-02A-A3A4,blue_country,Italia,Italy,resolved
fisav-european-assaut-championships-2025-pool-result-02A-A3A4,loser,LEM AYLLEUX NATHALIE,LEMAYLLEUX NATHALIE,repaired
fisav-european-assaut-championships-2025-pool-result-02-semi02,blue_country,Italia,Italy,resolved
fisav-european-assaut-championships-2025-pool-result-03A-A1A3,blue_country,Germ Any,Germany,resolved
fisav-european-assaut-championships-2025-pool-result-03A-A1A4,blue,ASLAN SUM EYYE IDILNUR,ASLAN SUMEYYE IDILNUR,repaired
fisav-european-assaut-championships-2025-pool-result-03A-A1A4,loser,ASLAN SUM EYYE IDILNUR,ASLAN SUMEYYE IDILNUR,repaired
fisav-european-assaut-championships-2025-pool-result-03A-A2A3,blue_country,Germ Any,Germany,resolved
fisav-european-assaut-championships-2025-pool-result-03A-A2A4,blue,ASLAN SUM EYYE IDILNUR,ASLAN SUMEYYE IDILNUR,repaired
fisav-european-assaut-championships-2025-pool-result-03A-A2A4,loser,ASLAN SUM EYYE IDILNUR,ASLAN SUMEYYE IDILNUR,repaired
fisav-european-assaut-championships-2025-pool-result-03A-A3A4,blue,ASLAN SUM EYYE IDILNUR,ASLAN SUMEYYE IDILNUR,repaired
fisav-european-assaut-championships-2025-pool-result-03A-A3A4,red_country,Germ Any,Germany,resolved
fisav-european-assaut-championships-2025-pool-result-03A-A3A4,loser,ASLAN SUM EYYE IDILNUR,ASLAN SUMEYYE IDILNUR,repaired
fisav-european-assaut-championships-2025-pool-result-03B-B1B2,blue,TSENKOVA M ONICA,TSENKOVA MONICA,repaired
fisav-european-assaut-championships-2025-pool-result-03B-B1B2,red_country,Italia,Italy,resolved
fisav-european-assaut-championships-2025-pool-result-03B-B1B2,loser,TSENKOVA M ONICA,TSENKOVA MONICA,repaired
fisav-european-assaut-championships-2025-pool-result-03B-B1B3,red_country,Italia,Italy,resolved
fisav-european-assaut-championships-2025-pool-result-03B-B1B4,red_country,Italia,Italy,resolved
fisav-european-assaut-championships-2025-pool-result-03B-B2B3,red,TSENKOVA M ONICA,TSENKOVA MONICA,repaired
fisav-european-assaut-championships-2025-pool-result-03B-B2B3,loser,TSENKOVA M ONICA,TSENKOVA MONICA,repaired
fisav-european-assaut-championships-2025-pool-result-03B-B2B4,red,TSENKOVA M ONICA,TSENKOVA MONICA,repaired
fisav-european-assaut-championships-2025-pool-result-03B-B2B4,loser,TSENKOVA M ONICA,TSENKOVA MONICA,repaired
fisav-european-assaut-championships-2025-pool-result-03-semi02,red_country,Italia,Italy,resolved
fisav-european-assaut-championships-2025-pool-result-03-final01,blue_country,Italia,Italy,resolved
fisav-european-assaut-championships-2025-pool-result-04A-A1A2,red,LEM AIRE EM M A,LEMAIRE EM M A,repaired
fisav-european-assaut-championships-2025-pool-result-04A-A1A2,loser,LEM AIRE EM M A,LEMAIRE EM M A,repaired
fisav-european-assaut-championships-2025-pool-result-04A-A1A3,red,LEM AIRE EM M A,LEMAIRE EM M A,repaired
fisav-european-assaut-championships-2025-pool-result-04A-A1A3,blue_country,Germ Any,Germany,resolved
fisav-european-assaut-championships-2025-pool-result-04A-A1A3,winner,LEM AIRE EM M A,LEMAIRE EM M A,repaired
fisav-european-assaut-championships-2025-pool-result-04A-A2A3,blue_country,Germ Any,Germany,resolved
fisav-european-assaut-championships-2025-pool-result-04B-B1B2,blue_country,Italia,Italy,resolved
fisav-european-assaut-championships-2025-pool-result-04B-B2B3,red_country,Italia,Italy,resolved
fisav-european-assaut-championships-2025-pool-result-04-semi01,blue_country,Italia,Italy,resolved
fisav-european-assaut-championships-2025-pool-result-04-semi02,blue,LEM AIRE EM M A,LEMAIRE EM M A,repaired
fisav-european-assaut-championships-2025-pool-result-04-semi02,winner,LEM AIRE EM M A,LEMAIRE EM M A,repaired
fisav-european-assaut-championships-2025-pool-result-04-final01,blue,LEM AIRE EM M A,LEMAIRE EM M A,repaired
fisav-european-assaut-championships-2025-pool-result-04-final01,loser,LEM AIRE EM M A,LEMAIRE EM M A,repaired
fisav-european-assaut-championships-2025-pool-result-05A-A1A3,blue,OTASEVIC M IA,OTASEVIC MIA,repaired
fisav-european-assaut-championships-2025-pool-result-05A-A1A3,loser,OTASEVIC M IA,OTASEVIC MIA,repaired
fisav-european-assaut-championships-2025-pool-result-05A-A2A3,blue,OTASEVIC M IA,OTASEVIC MIA,repaired
fisav-european-assaut-championships-2025-pool-result-05A-A2A3,winner,OTASEVIC M IA,OTASEVIC MIA,repaired
fisav-european-assaut-championships-2025-pool-result-05B-B1B3,blue_country,Germ Any,Germany,resolved
fisav-european-assaut-championships-2025-pool-result-05B-B1B4,blue_country,Italia,Italy,resolved
fisav-european-assaut-championships-2025-pool-result-05B-B2B3,blue_country,Germ Any,Germany,resolved
fisav-european-assaut-championships-2025-pool-result-05B-B2B4,blue_country,Italia,Italy,resolved
fisav-european-assaut-championships-2025-pool-result-05B-B3B4,red_country,Germ Any,Germany,resolved
fisav-european-assaut-championships-2025-pool-result-05B-B3B4,blue_country,Italia,Italy,resolved
fisav-european-assaut-championships-2025-pool-result-05-semi02,blue,OTASEVIC M IA,OTASEVIC MIA,repaired
fisav-european-assaut-championships-2025-pool-result-05-semi02,red_country,Italia,Italy,resolved
fisav-european-assaut-championships-2025-pool-result-05-semi02,winner,OTASEVIC M IA,OTASEVIC MIA,repaired
fisav-european-assaut-championships-2025-pool-result-05-final01,blue,OTASEVIC M IA,OTASEVIC MIA,repaired
fisav-european-assaut-championships-2025-pool-result-05-final01,loser,OTASEVIC M IA,OTASEVIC MIA,repaired
fisav-european-assaut-championships-2025-pool-result-06A-A1A2,red,BUGADA M ARINE,BUGADA MARINE,repaired
fisav-european-assaut-championships-2025-pool-result-06A-A1A2,blue,M INET GWENAELLE,MINET GWENAELLE,repaired
fisav-european-assaut-championships-2025-pool-result-06A-A1A2,winner,BUGADA M ARINE,BUGADA MARINE,repaired
fisav-european-assaut-championships-2025-pool-result-06A-A1A2,loser,M INET GWENAELLE,MINET GWENAELLE,repaired
fisav-european-assaut-championships-2025-pool-result-06A-A1A3,red,BUGADA M ARINE,BUGADA MARINE,repaired
fisav-european-assaut-championships-2025-pool-result-06A-A1A3,blue,EICHHORN M ARY-LYN,EICHHORN MARY-LYN,repaired
fisav-european-assaut-championships-2025-pool-result-06A-A1A3,blue_country,Germ Any,Germany,resolved
fisav-european-assaut-championships-2025-pool-result-06A-A1A3,winner,BUGADA M ARINE,BUGADA MARINE,repaired
fisav-european-assaut-championships-2025-pool-result-06A-A1A3,loser,EICHHORN M ARY-LYN,EICHHORN MARY-LYN,repaired
fisav-european-assaut-championships-2025-pool-result-06A-A1A4,red,BUGADA M ARINE,BUGADA MARINE,repaired
fisav-european-assaut-championships-2025-pool-result-06A-A1A4,winner,BUGADA M ARINE,BUGADA MARINE,repaired
fisav-european-assaut-championships-2025-pool-result-06A-A1A5,red,BUGADA M ARINE,BUGADA MARINE,repaired
fisav-european-assaut-championships-2025-pool-result-06A-A1A5,winner,BUGADA M ARINE,BUGADA MARINE,repaired
fisav-european-assaut-championships-2025-pool-result-06A-A2A3,red,M INET GWENAELLE,MINET GWENAELLE,repaired
fisav-european-assaut-championships-2025-pool-result-06A-A2A3,blue,EICHHORN M ARY-LYN,EICHHORN MARY-LYN,repaired
fisav-european-assaut-championships-2025-pool-result-06A-A2A3,blue_country,Germ Any,Germany,resolved
fisav-european-assaut-championships-2025-pool-result-06A-A2A3,winner,M INET GWENAELLE,MINET GWENAELLE,repaired
fisav-european-assaut-championships-2025-pool-result-06A-A2A3,loser,EICHHORN M ARY-LYN,EICHHORN MARY-LYN,repaired
fisav-european-assaut-championships-2025-pool-result-06A-A2A4,red,M INET GWENAELLE,MINET GWENAELLE,repaired
fisav-european-assaut-championships-2025-pool-result-06A-A2A4,winner,M INET GWENAELLE,MINET GWENAELLE,repaired
fisav-european-assaut-championships-2025-pool-result-06A-A2A5,red,M INET GWENAELLE,MINET GWENAELLE,repaired
fisav-european-assaut-championships-2025-pool-result-06A-A2A5,loser,M INET GWENAELLE,MINET GWENAELLE,repaired
fisav-european-assaut-championships-2025-pool-result-06A-A3A4,red,EICHHORN M ARY-LYN,EICHHORN MARY-LYN,repaired
fisav-european-assaut-championships-2025-pool-result-06A-A3A4,red_country,Germ Any,Germany,resolved
fisav-european-assaut-championships-2025-pool-result-06A-A3A4,winner,EICHHORN M ARY-LYN,EICHHORN MARY-LYN,repaired
fisav-european-assaut-championships-2025-pool-result-06A-A3A5,red,EICHHORN M ARY-LYN,EICHHORN MARY-LYN,repaired
fisav-european-assaut-championships-2025-pool-result-06A-A3A5,red_country,Germ Any,Germany,resolved
fisav-european-assaut-championships-2025-pool-result-06A-A3A5,loser,EICHHORN M ARY-LYN,EICHHORN MARY-LYN,repaired
fisav-european-assaut-championships-2025-pool-result-06-final01,red,BUGADA M ARINE,BUGADA MARINE,repaired
fisav-european-assaut-championships-2025-pool-result-06-final01,winner,BUGADA M ARINE,BUGADA MARINE,repaired
fisav-european-assaut-championships-2025-pool-result-08A-A1A2,blue,TOUSSAINT M ARGUERITE,TOUSSAINT MARGUERITE,repaired
fisav-european-assaut-championships-2025-pool-result-08A-A1A2,winner,TOUSSAINT M ARGUERITE,TOUSSAINT MARGUERITE,repaired
fisav-european-assaut-championships-2025-pool-result-08A-A2A3,red,TOUSSAINT M ARGUERITE,TOUSSAINT MARGUERITE,repaired
fisav-european-assaut-championships-2025-pool-result-08A-A2A3,loser,TOUSSAINT M ARGUERITE,TOUSSAINT MARGUERITE,repaired
fisav-european-assaut-championships-2025-pool-result-08-final01,blue,TOUSSAINT M ARGUERITE,TOUSSAINT MARGUERITE,repaired
fisav-european-assaut-championships-2025-pool-result-08-final01,winner,TOUSSAINT M ARGUERITE,TOUSSAINT MARGUERITE,repaired
fisav-european-assaut-championships-2025-pool-result-10A-A1A2,red,LAURENT M EDHI,LAURENT MEDHI,repaired
fisav-european-assaut-championships-2025-pool-result-10A-A1A2,blue_country,Italia,Italy,resolved
fisav-european-assaut-championships-2025-pool-result-10A-A1A2,winner,LAURENT M EDHI,LAURENT MEDHI,repaired
fisav-european-assaut-championships-2025-pool-result-10A-A1A3,red,LAURENT M EDHI,LAURENT MEDHI,repaired
fisav-european-assaut-championships-2025-pool-result-10A-A1A3,winner,LAURENT M EDHI,LAURENT MEDHI,repaired
fisav-european-assaut-championships-2025-pool-result-10A-A2A3,red_country,Italia,Italy,resolved
fisav-european-assaut-championships-2025-pool-result-10B-B1B2,red,BULEK M ARKO,BULEK MARKO,repaired
fisav-european-assaut-championships-2025-pool-result-10B-B1B2,winner,BULEK M ARKO,BULEK MARKO,repaired
fisav-european-assaut-championships-2025-pool-result-10B-B1B3,red,BULEK M ARKO,BULEK MARKO,repaired
fisav-european-assaut-championships-2025-pool-result-10B-B1B3,blue,PERETS ROM AN,PERETS ROMAN,repaired
fisav-european-assaut-championships-2025-pool-result-10B-B1B3,winner,BULEK M ARKO,BULEK MARKO,repaired
fisav-european-assaut-championships-2025-pool-result-10B-B1B3,loser,PERETS ROM AN,PERETS ROMAN,repaired
fisav-european-assaut-championships-2025-pool-result-10B-B1B4,red,BULEK M ARKO,BULEK MARKO,repaired
fisav-european-assaut-championships-2025-pool-result-10B-B1B4,blue,GERSTM ANN M ARCO,GERSTM ANN MARCO,repaired
fisav-european-assaut-championships-2025-pool-result-10B-B1B4,winner,GERSTM ANN M ARCO,GERSTM ANN MARCO,repaired
fisav-european-assaut-championships-2025-pool-result-10B-B1B4,loser,BULEK M ARKO,BULEK MARKO,repaired
fisav-european-assaut-championships-2025-pool-result-10B-B2B3,blue,PERETS ROM AN,PERETS ROMAN,repaired
fisav-european-assaut-championships-2025-pool-result-10B-B2B3,winner,PERETS ROM AN,PERETS ROMAN,repaired
fisav-european-assaut-championships-2025-pool-result-10B-B2B4,blue,GERSTM ANN M ARCO,GERSTM ANN MARCO,repaired
fisav-european-assaut-championships-2025-pool-result-10B-B2B4,winner,GERSTM ANN M ARCO,GERSTM ANN MARCO,repaired
fisav-european-assaut-championships-2025-pool-result-10B-B3B4,red,PERETS ROM AN,PERETS ROMAN,repaired
fisav-european-assaut-championships-2025-pool-result-10B-B3B4,blue,GERSTM ANN M ARCO,GERSTM ANN MARCO,repaired
fisav-european-assaut-championships-2025-pool-result-10B-B3B4,winner,GERSTM ANN M ARCO,GERSTM ANN MARCO,repaired
fisav-european-assaut-championships-2025-pool-result-10B-B3B4,loser,PERETS ROM AN,PERETS ROMAN,repaired
fisav-european-assaut-championships-2025-pool-result-10-semi01,red,LAURENT M EDHI,LAURENT MEDHI,repaired
fisav-european-assaut-championships-2025-pool-result-10-semi01,blue,BULEK M ARKO,BULEK MARKO,repaired
fisav-european-assaut-championships-2025-pool-result-10-semi01,winner,LAURENT M EDHI,LAURENT MEDHI,repaired
fisav-european-assaut-championships-2025-pool-result-10-semi01,loser,BULEK M ARKO,BULEK MARKO,repaired
fisav-european-assaut-championships-2025-pool-result-10-semi02,red,GERSTM ANN M ARCO,GERSTM ANN MARCO,repaired
fisav-european-assaut-championships-2025-pool-result-10-semi02,blue_country,Italia,Italy,resolved
fisav-european-assaut-championships-2025-pool-result-10-semi02,winner,GERSTM ANN M ARCO,GERSTM ANN MARCO,repaired
fisav-european-assaut-championships-2025-pool-result-10-final01,red,LAURENT M EDHI,LAURENT MEDHI,repaired
fisav-european-assaut-championships-2025-pool-result-10-final01,blue,GERSTM ANN M ARCO,GERSTM ANN MARCO,repaired
fisav-european-assaut-championships-2025-pool-result-10-final01,winner,LAURENT M EDHI,LAURENT MEDHI,repaired
fisav-european-assaut-championships-2025-pool-result-10-final01,loser,GERSTM ANN M ARCO,GERSTM ANN MARCO,repaired
fisav-european-assaut-championships-2025-pool-result-11A-A1A2,red,ALLENO M AXENCE,ALLENO MAXENCE,repaired
fisav-european-assaut-championships-2025-pool-result-11A-A1A2,winner,ALLENO M AXENCE,ALLENO MAXENCE,repaired
fisav-european-assaut-championships-2025-pool-result-11A-A1A3,red,ALLENO M AXENCE,ALLENO MAXENCE,repaired
fisav-european-assaut-championships-2025-pool-result-11A-A1A3,winner,ALLENO M AXENCE,ALLENO MAXENCE,repaired
fisav-european-assaut-championships-2025-pool-result-11B-B1B3,blue,GAVRAN M ATEJ,GAVRAN MATEJ,repaired
fisav-european-assaut-championships-2025-pool-result-11B-B1B3,winner,GAVRAN M ATEJ,GAVRAN MATEJ,repaired
fisav-european-assaut-championships-2025-pool-result-11B-B1B4,blue,DEL M ONTE M ATTEO,DEL MONTE MATTEO,repaired
fisav-european-assaut-championships-2025-pool-result-11B-B1B4,blue_country,Italia,Italy,resolved
fisav-european-assaut-championships-2025-pool-result-11B-B1B4,winner,DEL M ONTE M ATTEO,DEL MONTE MATTEO,repaired
fisav-european-assaut-championships-2025-pool-result-11B-B2B3,blue,GAVRAN M ATEJ,GAVRAN MATEJ,repaired
fisav-european-assaut-championships-2025-pool-result-11B-B2B3,winner,GAVRAN M ATEJ,GAVRAN MATEJ,repaired
fisav-european-assaut-championships-2025-pool-result-11B-B2B4,blue,DEL M ONTE M ATTEO,DEL MONTE MATTEO,repaired
fisav-european-assaut-championships-2025-pool-result-11B-B2B4,blue_country,Italia,Italy,resolved
fisav-european-assaut-championships-2025-pool-result-11B-B2B4,winner,DEL M ONTE M ATTEO,DEL MONTE MATTEO,repaired
fisav-european-assaut-championships-2025-pool-result-11B-B3B4,red,GAVRAN M ATEJ,GAVRAN MATEJ,repaired
fisav-european-assaut-championships-2025-pool-result-11B-B3B4,blue,DEL M ONTE M ATTEO,DEL MONTE MATTEO,repaired
fisav-european-assaut-championships-2025-pool-result-11B-B3B4,blue_country,Italia,Italy,resolved
fisav-european-assaut-championships-2025-pool-result-11B-B3B4,winner,GAVRAN M ATEJ,GAVRAN MATEJ,repaired
fisav-european-assaut-championships-2025-pool-result-11B-B3B4,loser,DEL M ONTE M ATTEO,DEL MONTE MATTEO,repaired
fisav-european-assaut-championships-2025-pool-result-11-semi01,red,ALLENO M AXENCE,ALLENO MAXENCE,repaired
fisav-european-assaut-championships-2025-pool-result-11-semi01,blue,DEL M ONTE M ATTEO,DEL MONTE MATTEO,repaired
fisav-european-assaut-championships-2025-pool-result-11-semi01,blue_country,Italia,Italy,resolved
fisav-european-assaut-championships-2025-pool-result-11-semi01,winner,ALLENO M AXENCE,ALLENO MAXENCE,repaired
fisav-european-assaut-championships-2025-pool-result-11-semi01,loser,DEL M ONTE M ATTEO,DEL MONTE MATTEO,repaired
fisav-european-assaut-championships-2025-pool-result-11-semi02,red,GAVRAN M ATEJ,GAVRAN MATEJ,repaired
fisav-european-assaut-championships-2025-pool-result-11-semi02,loser,GAVRAN M ATEJ,GAVRAN MATEJ,repaired
fisav-european-assaut-championships-2025-pool-result-11-final01,red,ALLENO M AXENCE,ALLENO MAXENCE,repaired
fisav-european-assaut-championships-2025-pool-result-11-final01,winner,ALLENO M AXENCE,ALLENO MAXENCE,repaired
fisav-european-assaut-championships-2025-pool-result-12B-B1B2,red,LE PREVOST M AXIM E,LE PREVOST MAXIM E,repaired
fisav-european-assaut-championships-2025-pool-result-12B-B1B2,winner,LE PREVOST M AXIM E,LE PREVOST MAXIM E,repaired
fisav-european-assaut-championships-2025-pool-result-12B-B1B3,red,LE PREVOST M AXIM E,LE PREVOST MAXIM E,repaired
fisav-european-assaut-championships-2025-pool-result-12B-B1B3,blue_country,Germ Any,Germany,resolved
fisav-european-assaut-championships-2025-pool-result-12B-B1B3,winner,LE PREVOST M AXIM E,LE PREVOST MAXIM E,repaired
fisav-european-assaut-championships-2025-pool-result-12B-B2B3,blue_country,Germ Any,Germany,resolved
fisav-european-assaut-championships-2025-pool-result-12C-C1C2,red,DODIC M IHAJLO,DODIC MIHAJLO,repaired
fisav-european-assaut-championships-2025-pool-result-12C-C1C2,winner,DODIC M IHAJLO,DODIC MIHAJLO,repaired
fisav-european-assaut-championships-2025-pool-result-12C-C1C3,red,DODIC M IHAJLO,DODIC MIHAJLO,repaired
fisav-european-assaut-championships-2025-pool-result-12C-C1C3,blue,M ARI TOM M ASO,MARI TOM MASO,repaired
fisav-european-assaut-championships-2025-pool-result-12C-C1C3,blue_country,Italia,Italy,resolved
fisav-european-assaut-championships-2025-pool-result-12C-C1C3,winner,DODIC M IHAJLO,DODIC MIHAJLO,repaired
fisav-european-assaut-championships-2025-pool-result-12C-C1C3,loser,M ARI TOM M ASO,MARI TOM MASO,repaired
fisav-european-assaut-championships-2025-pool-result-12C-C2C3,blue,M ARI TOM M ASO,MARI TOM MASO,repaired
fisav-european-assaut-championships-2025-pool-result-12C-C2C3,blue_country,Italia,Italy,resolved
fisav-european-assaut-championships-2025-pool-result-12C-C2C3,winner,M ARI TOM M ASO,MARI TOM MASO,repaired
fisav-european-assaut-championships-2025-pool-result-12-quarter01,blue,M ARI TOM M ASO,MARI TOM MASO,repaired
fisav-european-assaut-championships-2025-pool-result-12-quarter01,red_country,Germ Any,Germany,resolved
fisav-european-assaut-championships-2025-pool-result-12-quarter01,blue_country,Italia,Italy,resolved
fisav-european-assaut-championships-2025-pool-result-12-quarter01,loser,M ARI TOM M ASO,MARI TOM MASO,repaired
fisav-european-assaut-championships-2025-pool-result-12-quarter02,red,LE PREVOST M AXIM E,LE PREVOST MAXIM E,repaired
fisav-european-assaut-championships-2025-pool-result-12-quarter02,winner,LE PREVOST M AXIM E,LE PREVOST MAXIM E,repaired
fisav-european-assaut-championships-2025-pool-result-12-semi01,blue_country,Germ Any,Germany,resolved
fisav-european-assaut-championships-2025-pool-result-12-semi02,red,DODIC M IHAJLO,DODIC MIHAJLO,repaired
fisav-european-assaut-championships-2025-pool-result-12-semi02,blue,LE PREVOST M AXIM E,LE PREVOST MAXIM E,repaired
fisav-european-assaut-championships-2025-pool-result-12-semi02,winner,LE PREVOST M AXIM E,LE PREVOST MAXIM E,repaired
fisav-european-assaut-championships-2025-pool-result-12-semi02,loser,DODIC M IHAJLO,DODIC MIHAJLO,repaired
fisav-european-assaut-championships-2025-pool-result-12-final01,blue,LE PREVOST M AXIM E,LE PREVOST MAXIM E,repaired
fisav-european-assaut-championships-2025-pool-result-12-final01,winner,LE PREVOST M AXIM E,LE PREVOST MAXIM E,repaired
fisav-european-assaut-championships-2025-pool-result-13A-A1A4,blue,M EANEY ALEKSIS,MEANEY ALEKSIS,repaired
fisav-european-assaut-championships-2025-pool-result-13A-A1A4,loser,M EANEY ALEKSIS,MEANEY ALEKSIS,repaired
fisav-european-assaut-championships-2025-pool-result-13A-A2A4,blue,M EANEY ALEKSIS,MEANEY ALEKSIS,repaired
fisav-european-assaut-championships-2025-pool-result-13A-A2A4,loser,M EANEY ALEKSIS,MEANEY ALEKSIS,repaired
fisav-european-assaut-championships-2025-pool-result-13A-A3A4,blue,M EANEY ALEKSIS,MEANEY ALEKSIS,repaired
fisav-european-assaut-championships-2025-pool-result-13A-A3A4,loser,M EANEY ALEKSIS,MEANEY ALEKSIS,repaired
fisav-european-assaut-championships-2025-pool-result-13B-B1B2,red_country,Germ Any,Germany,resolved
fisav-european-assaut-championships-2025-pool-result-13B-B1B3,red_country,Germ Any,Germany,resolved
fisav-european-assaut-championships-2025-pool-result-13B-B1B4,blue,ANTILL JAM ES,ANTILL JAMES,repaired
fisav-european-assaut-championships-2025-pool-result-13B-B1B4,red_country,Germ Any,Germany,resolved
fisav-european-assaut-championships-2025-pool-result-13B-B1B4,winner,ANTILL JAM ES,ANTILL JAMES,repaired
fisav-european-assaut-championships-2025-pool-result-13B-B2B4,blue,ANTILL JAM ES,ANTILL JAMES,repaired
fisav-european-assaut-championships-2025-pool-result-13B-B2B4,winner,ANTILL JAM ES,ANTILL JAMES,repaired
fisav-european-assaut-championships-2025-pool-result-13B-B3B4,blue,ANTILL JAM ES,ANTILL JAMES,repaired
fisav-european-assaut-championships-2025-pool-result-13B-B3B4,loser,ANTILL JAM ES,ANTILL JAMES,repaired
fisav-european-assaut-championships-2025-pool-result-13-semi01,blue,ANTILL JAM ES,ANTILL JAMES,repaired
fisav-european-assaut-championships-2025-pool-result-13-semi01,loser,ANTILL JAM ES,ANTILL JAMES,repaired
fisav-european-assaut-championships-2025-pool-result-14B-B1B2,blue,M ESZAROS M ATYAS,MESZAROS MATYAS,repaired
fisav-european-assaut-championships-2025-pool-result-14B-B1B2,winner,M ESZAROS M ATYAS,MESZAROS MATYAS,repaired
fisav-european-assaut-championships-2025-pool-result-14B-B1B3,blue,SOUTHWOOD JAM ES,SOUTHWOOD JAMES,repaired
fisav-european-assaut-championships-2025-pool-result-14B-B1B3,winner,SOUTHWOOD JAM ES,SOUTHWOOD JAMES,repaired
fisav-european-assaut-championships-2025-pool-result-14B-B2B3,red,M ESZAROS M ATYAS,MESZAROS MATYAS,repaired
fisav-european-assaut-championships-2025-pool-result-14B-B2B3,blue,SOUTHWOOD JAM ES,SOUTHWOOD JAMES,repaired
fisav-european-assaut-championships-2025-pool-result-14B-B2B3,winner,SOUTHWOOD JAM ES,SOUTHWOOD JAMES,repaired
fisav-european-assaut-championships-2025-pool-result-14B-B2B3,loser,M ESZAROS M ATYAS,MESZAROS MATYAS,repaired
fisav-european-assaut-championships-2025-pool-result-15A-A1A2,red,"SPREM EM ANUEL (Pesé 81,5Kg)",SPREM EMANUEL,repaired
fisav-european-assaut-championships-2025-pool-result-15A-A1A2,blue,EDGREN JOHANNES (Pesé 82Kg),EDGREN JOHANNES,repaired
fisav-european-assaut-championships-2025-pool-result-15A-A1A2,winner,"SPREM EM ANUEL (Pesé 81,5Kg)",SPREM EMANUEL,repaired
fisav-european-assaut-championships-2025-pool-result-15A-A1A2,loser,EDGREN JOHANNES (Pesé 82Kg),EDGREN JOHANNES,repaired
fisav-european-assaut-championships-2025-pool-result-15A-A1A3,red,"SPREM EM ANUEL (Pesé 81,5Kg)",SPREM EMANUEL,repaired
fisav-european-assaut-championships-2025-pool-result-15A-A1A3,blue,"M ICHAT DIM ITRI (Pesé 81,6Kg)",MICHAT DIMITRI,repaired
fisav-european-assaut-championships-2025-pool-result-15A-A1A3,winner,"M ICHAT DIM ITRI (Pesé 81,6Kg)",MICHAT DIMITRI,repaired
fisav-european-assaut-championships-2025-pool-result-15A-A1A3,loser,"SPREM EM ANUEL (Pesé 81,5Kg)",SPREM EMANUEL,repaired
fisav-european-assaut-championships-2025-pool-result-15A-A2A3,red,EDGREN JOHANNES (Pesé 82Kg),EDGREN JOHANNES,repaired
fisav-european-assaut-championships-2025-pool-result-15A-A2A3,blue,"M ICHAT DIM ITRI (Pesé 81,6Kg)",MICHAT DIMITRI,repaired
fisav-european-assaut-championships-2025-pool-result-15A-A2A3,winner,EDGREN JOHANNES (Pesé 82Kg),EDGREN JOHANNES,repaired
fisav-european-assaut-championships-2025-pool-result-15A-A2A3,loser,"M ICHAT DIM ITRI (Pesé 81,6Kg)",MICHAT DIMITRI,repaired
fisav-european-assaut-championships-2025-pool-result-15B-B1B2,red_country,Italia,Italy,resolved
fisav-european-assaut-championships-2025-pool-result-15B-B1B3,blue,PIRIC DAM IR,PIRIC DAMIR,repaired
fisav-european-assaut-championships-2025-pool-result-15B-B1B3,red_country,Italia,Italy,resolved
fisav-european-assaut-championships-2025-pool-result-15B-B1B3,winner,PIRIC DAM IR,PIRIC DAMIR,repaired
fisav-european-assaut-championships-2025-pool-result-15B-B2B3,blue,PIRIC DAM IR,PIRIC DAMIR,repaired
fisav-european-assaut-championships-2025-pool-result-15B-B2B3,loser,PIRIC DAM IR,PIRIC DAMIR,repaired
fisav-european-assaut-championships-2025-pool-result-15-quarter01,red,PIRIC DAM IR,PIRIC DAMIR,repaired
fisav-european-assaut-championships-2025-pool-result-15-quarter01,winner,PIRIC DAM IR,PIRIC DAMIR,repaired
fisav-european-assaut-championships-2025-pool-result-15-quarter02,blue,EDGREN JOHANNES (Pesé 82Kg),EDGREN JOHANNES,repaired
fisav-european-assaut-championships-2025-pool-result-15-quarter02,loser,EDGREN JOHANNES (Pesé 82Kg),EDGREN JOHANNES,repaired
fisav-european-assaut-championships-2025-pool-result-15-semi01,red,"SPREM EM ANUEL (Pesé 81,5Kg)",SPREM EMANUEL,repaired
fisav-european-assaut-championships-2025-pool-result-15-semi01,blue,PIRIC DAM IR,PIRIC DAMIR,repaired
fisav-european-assaut-championships-2025-pool-result-15-semi01,winner,"SPREM EM ANUEL (Pesé 81,5Kg)",SPREM EMANUEL,repaired
fisav-european-assaut-championships-2025-pool-result-15-semi01,loser,PIRIC DAM IR,PIRIC DAMIR,repaired
fisav-european-assaut-championships-2025-pool-result-15-final01,red,"SPREM EM ANUEL (Pesé 81,5Kg)",SPREM EMANUEL,repaired
fisav-european-assaut-championships-2025-pool-result-15-final01,loser,"SPREM EM ANUEL (Pesé 81,5Kg)",SPREM EMANUEL,repaired
fisav-european-assaut-championships-2025-pool-result-16A-A1A2,blue,AM IM ER M EHDI,AM IM ER MEHDI,repaired
fisav-european-assaut-championships-2025-pool-result-16A-A1A2,loser,AM IM ER M EHDI,AM IM ER MEHDI,repaired
fisav-european-assaut-championships-2025-pool-result-16A-A2A3,red,AM IM ER M EHDI,AM IM ER MEHDI,repaired
fisav-european-assaut-championships-2025-pool-result-16A-A2A3,winner,AM IM ER M EHDI,AM IM ER MEHDI,repaired
fisav-european-assaut-championships-2025-pool-result-16B-B1B3,blue_country,Germ Any,Germany,resolved
fisav-european-assaut-championships-2025-pool-result-16B-B2B3,blue_country,Germ Any,Germany,resolved
fisav-european-assaut-championships-2025-pool-result-16B-B3B4,red_country,Germ Any,Germany,resolved
fisav-european-assaut-championships-2025-pool-result-16-semi02,blue,AM IM ER M EHDI,AM IM ER MEHDI,repaired
fisav-european-assaut-championships-2025-pool-result-16-semi02,loser,AM IM ER M EHDI,AM IM ER MEHDI,repaired
fisav-world-assaut-championships-2024-slovenia-pool--02B-B1B2,red_country,Mauritius Niegel,Mauritius Niegel,unresolved: kept verbatim
fisav-world-assaut-championships-2024-slovenia-pool--02B-B1B3,red_country,Mauritius Niegel,Mauritius Niegel,unresolved: kept verbatim
fisav-world-assaut-championships-2024-slovenia-pool--03B-B1B2,red_country,Great Britain,United Kingdom,resolved
fisav-world-assaut-championships-2024-slovenia-pool--03B-B1B3,red_country,Great Britain,United Kingdom,resolved
fisav-world-assaut-championships-2024-slovenia-pool--03-quarter01,red_country,Great Britain,United Kingdom,resolved
fisav-world-assaut-championships-2024-slovenia-pool--04E-E2E3,red_country,Great Britain,United Kingdom,resolved
fisav-world-assaut-championships-2024-slovenia-pool--05B-B1B2,blue_country,Guinea Conakry,Guinea,resolved
fisav-world-assaut-championships-2024-slovenia-pool--05B-B2B3,red_country,Guinea Conakry,Guinea,resolved
fisav-world-assaut-championships-2024-slovenia-pool--05B-B2B4,red_country,Guinea Conakry,Guinea,resolved
fisav-world-assaut-championships-2024-slovenia-pool--05C-C1C2,red_country,Great Britain,United Kingdom,resolved
fisav-world-assaut-championships-2024-slovenia-pool--05C-C1C3,red_country,Great Britain,United Kingdom,resolved
fisav-world-assaut-championships-2024-slovenia-pool--05-semi01,blue_country,Great Britain,United Kingdom,resolved
fisav-world-assaut-championships-2024-slovenia-pool--05-semi02,red_country,Guinea Conakry,Guinea,resolved
fisav-world-assaut-championships-2024-slovenia-pool--05-final01,blue_country,Guinea Conakry,Guinea,resolved
fisav-world-assaut-championships-2024-slovenia-pool--06C-C1C4,blue_country,Great Britain,United Kingdom,resolved
fisav-world-assaut-championships-2024-slovenia-pool--06C-C2C4,blue_country,Great Britain,United Kingdom,resolved
fisav-world-assaut-championships-2024-slovenia-pool--06C-C3C4,blue_country,Great Britain,United Kingdom,resolved
fisav-world-assaut-championships-2024-slovenia-pool--06-quarter01,blue_country,Great Britain,United Kingdom,resolved
fisav-world-assaut-championships-2024-slovenia-pool--06-semi02,blue_country,Great Britain,United Kingdom,resolved
fisav-world-assaut-championships-2024-slovenia-pool--06-final01,blue_country,Great Britain,United Kingdom,resolved
fisav-world-assaut-championships-2024-slovenia-pool--07B-B1B2,red_country,Great Britain,United Kingdom,resolved
fisav-world-assaut-championships-2024-slovenia-pool--07B-B1B3,red_country,Great Britain,United Kingdom,resolved
fisav-world-assaut-championships-2024-slovenia-pool--11A-A1A4,blue_country,Great Britain,United Kingdom,resolved
fisav-world-assaut-championships-2024-slovenia-pool--11A-A2A4,blue_country,Great Britain,United Kingdom,resolved
fisav-world-assaut-championships-2024-slovenia-pool--11A-A3A4,blue_country,Great Britain,United Kingdom,resolved
fisav-world-youth-2023-pool-results-04A-A1A2,blue_country,Usa,United States,resolved
fisav-world-youth-2023-pool-results-04A-A2A3,red_country,Usa,United States,resolved
fisav-world-youth-2023-pool-results-06A-A1A4,blue_country,Usa,United States,resolved
fisav-world-youth-2023-pool-results-06A-A2A4,blue_country,Usa,United States,resolved
fisav-world-youth-2023-pool-results-06A-A3A4,blue_country,Usa,United States,resolved
fisav-world-youth-2023-pool-results-06A-A4A5,red_country,Usa,United States,resolved
fisav-world-youth-2023-pool-results-09A-A1A2,red_country,Great Britain,United Kingdom,resolved
fisav-world-youth-2023-pool-results-09A-A1A3,red_country,Great Britain,United Kingdom,resolved
fisav-world-youth-2023-pool-results-09A-A1A4,red_country,Great Britain,United Kingdom,resolved
fisav-world-youth-2023-pool-results-11A-A1A5,blue_country,Great Britain,United Kingdom,resolved
fisav-world-youth-2023-pool-results-11A-A2A5,blue_country,Great Britain,United Kingdom,resolved
fisav-world-youth-2023-pool-results-11A-A3A5,blue_country,Great Britain,United Kingdom,resolved
fisav-world-youth-2023-pool-results-11A-A4A5,blue_country,Great Britain,United Kingdom,resolved
fisav-world-youth-2023-pool-results-13A-A1A3,blue_country,Usa,United States,resolved
fisav-world-youth-2023-pool-results-13A-A2A3,blue_country,Usa,United States,resolved
fisav-world-youth-2023-pool-results-13A-A3A4,red_country,Usa,United States,resolved
fisav-world-youth-2023-pool-results-13A-A3A5,red_country,Usa,United States,resolved
fisav-world-youth-2023-pool-results-14A-A1A2,blue_country,Usa,United States,resolved
fisav-world-youth-2023-pool-results-14A-A2A3,red_country,Usa,United States,resolved
fisav-world-youth-2023-pool-results-14A-A2A4,red_country,Usa,United States,resolved
fisav-world-youth-2023-pool-results-14A-A2A5,red_country,Usa,United States,resolved
fisav-world-combat-championships-2023-pool-results-07A-A1A4,blue_country,Usa,United States,resolved
fisav-world-combat-championships-2023-pool-results-07A-A2A4,blue_country,Usa,United States,resolved
fisav-world-combat-championships-2023-pool-results-07A-A3A4,blue_country,Usa,United States,resolved
fisav-world-combat-championships-2023-pool-results-07A-A4A5,red_country,Usa,United States,resolved
fisav-world-combat-championships-2023-pool-results-10A-A1A2,red_country,Méghane,Méghane,unresolved: kept verbatim
fisav-world-combat-championships-2023-pool-results-10A-A1A2,blue_country,Anastasiia,Anastasiia,unresolved: kept verbatim
fisav-world-combat-championships-2023-pool-results-10A-A1A3,red_country,Méghane,Méghane,unresolved: kept verbatim
fisav-world-combat-championships-2023-pool-results-10A-A1A3,blue_country,Alexandra,Alexandra,unresolved: kept verbatim
fisav-world-combat-championships-2023-pool-results-10A-A2A3,red_country,Anastasiia,Anastasiia,unresolved: kept verbatim
fisav-world-combat-championships-2023-pool-results-10A-A2A3,blue_country,Alexandra,Alexandra,unresolved: kept verbatim
fisav-51-pool-results-combat-2019-675-senior-women-52kg-01-final,red,Poule,,"dropped: reads as fixture text, not a name"
fisav-51-pool-results-combat-2019-670-senior-men-80kg-01-final,red,Poule,,"dropped: reads as fixture text, not a name"
fisav-world-assaut-2026-boulogne-p03-C01,blue_country,"Hong Kong, China",Hong Kong,resolved
fisav-world-assaut-2026-boulogne-p03-C03,red_country,"Hong Kong, China",Hong Kong,resolved
fisav-world-assaut-2026-boulogne-p05-A02,blue_country,Guinea Conakry,Guinea,resolved
fisav-world-assaut-2026-boulogne-p05-A03,blue_country,Guinea Conakry,Guinea,resolved
fisav-world-assaut-2026-boulogne-p05-E01,red_country,"Hong Kong, China",Hong Kong,resolved
fisav-world-assaut-2026-boulogne-p05-E02,red_country,"Hong Kong, China",Hong Kong,resolved
fisav-world-assaut-2026-boulogne-p06-semi01,blue,DESARME Pierre-,DESARME Pierre,repaired
fisav-world-assaut-2026-boulogne-p06-semi01,winner,DESARME Pierre-,DESARME Pierre,repaired
fisav-world-assaut-2026-boulogne-p07-D01,blue_country,"Hong Kong, China",Hong Kong,resolved
fisav-world-assaut-2026-boulogne-p07-D04,red_country,"Hong Kong, China",Hong Kong,resolved
fisav-world-assaut-2026-boulogne-p07-D05,red_country,"Hong Kong, China",Hong Kong,resolved
fisav-world-assaut-2026-boulogne-p09-A02,blue_country,Guinea Conakry,Guinea,resolved
fisav-world-assaut-2026-boulogne-p09-A03,blue_country,Guinea Conakry,Guinea,resolved
fisav-world-assaut-2026-boulogne-p09-D02,blue_country,"Hong Kong, China",Hong Kong,resolved
fisav-world-assaut-2026-boulogne-p09-D03,blue_country,"Hong Kong, China",Hong Kong,resolved
fisav-world-assaut-2026-boulogne-p10-F03,blue_country,Refugee,Refugee Team,resolved
fisav-world-assaut-2026-boulogne-p10-F05,blue_country,Refugee,Refugee Team,resolved
fisav-world-assaut-2026-boulogne-p10-F06,blue_country,Refugee,Refugee Team,resolved
fisav-world-assaut-2026-boulogne-p11-B01,red_country,Great Britain,United Kingdom,resolved
fisav-world-assaut-2026-boulogne-p11-B02,red_country,Great Britain,United Kingdom,resolved
fisav-world-assaut-2026-boulogne-p13-B01,blue_country,Great Britain,United Kingdom,resolved
fisav-world-assaut-2026-boulogne-p13-B03,red_country,Great Britain,United Kingdom,resolved
fisav-world-assaut-2026-boulogne-p18-B01,red_country,Great Britain,United Kingdom,resolved
fisav-world-assaut-2026-boulogne-p18-B02,red_country,Great Britain,United Kingdom,resolved
fisav-world-assaut-2026-boulogne-p22-B03,blue_country,"Hong Kong, China",Hong Kong,resolved
fisav-world-assaut-2026-boulogne-p22-B05,blue_country,"Hong Kong, China",Hong Kong,resolved
fisav-world-assaut-2026-boulogne-p22-B06,blue_country,"Hong Kong, China",Hong Kong,resolved
fisav-world-combat-2025-plovdiv-p19-final01,red,- NANDI Chloe,NANDI Chloe,repaired
fisav-world-combat-2025-plovdiv-p19-final01,blue,- Lee Lalić,Lee Lalić,repaired
fisav-world-combat-2025-plovdiv-p21-final01,blue,- Katarina Klarić,Katarina Klarić,repaired
fisav-world-combat-2025-plovdiv-p24-final01,red,- Lucija Bilobrk,Lucija Bilobrk,repaired
fisav-world-combat-2025-plovdiv-p24-final01,blue,- DIRINGER Viviane,DIRINGER Viviane,repaired
ffsavate-finales-championnat-de-france-elite-a-2025-paris-02-final,red_club,U S CRETEIL,USCRETEIL,repaired
ffsavate-championnat-de-france-assaut-2025-finales-paris-01-final,red_club,U S CRETEIL,USCRETEIL,repaired
ffsavate-championnat-de-france-assaut-2025-finales-paris-04-final,blue_club,U S CRETEIL,USCRETEIL,repaired
ffsavate-championnat-de-france-assaut-2025-finales-paris-05-final,blue,CADIC Solweig,čaćić Solweig,repaired
ffsavate-championnat-de-france-assaut-2025-finales-paris-05-final,loser,CADIC Solweig,čaćić Solweig,repaired
ffsavate-championnat-de-france-assaut-2025-finales-paris-14-final,blue_club,U S CRETEIL,USCRETEIL,repaired
ffsavate-championnat-de-france-assaut-2025-finales-paris-15-final,blue_club,U S CRETEIL,USCRETEIL,repaired
ffsavate-finales-championnat-de-france-juniors-2025-01-final,blue_club,COURBEVOIE SAVATE B F,COURBEVOIE SAVATE BF,repaired
ffsavate-finales-championnat-de-france-juniors-2025-03-final,blue_club,S SAVATITUDE,SSAVATITUDE,repaired
ffsavate-finales-championnat-de-france-juniors-2025-06-final,red_club,C S MEAUX BOXE ACT PUGILISTIQUE,CSMEAUX BOXE ACT PUGILISTIQUE,repaired
ffsavate-finales-championnat-de-france-2e-s-rie-angoul-me-202-02-final,red,MEGE Julie SBF TRAMOYES (01) Hors,,dropped: contains digits
ffsavate-championnat-de-france-elite-a-11-mars-2023-03-final,red,KNOCK DOWN la 4e reprise,,dropped: contains digits
ffsavate-finales-nationales-2023-m-rignac-01-final,red,TACINE Mohand .................................COOPYR SPORTIF ication 3 °,,dropped: contains digits
ffsavate-finales-nationales-2023-m-rignac-01-final,blue,VIRAMAN Roan .................................S B C QUARTIER FRANÇAIS ication 3 °,,dropped: contains digits
ffsavate-championnat-de-france-espoirs-masculin-2023-001,red_club,SAVAT O POING,SAVAT OPOING,repaired
ffsavate-championnat-de-france-espoirs-masculin-2023-002,red_club,SAVAT O POING,SAVAT OPOING,repaired
ffsavate-championnat-de-france-espoirs-masculin-2023-021,red_club,U S CRETEIL,USCRETEIL,repaired
ffsavate-championnat-de-france-espoirs-masculin-2023-023,blue_club,U S CRETEIL,USCRETEIL,repaired
ffsavate-championnat-de-france-espoirs-masculin-2023-029,blue_club,SAVAT O POING,SAVAT OPOING,repaired
ffsavate-championnat-de-france-espoirs-masculin-2023-043,red_club,SAVAT O POING,SAVAT OPOING,repaired
ffsavate-championnat-de-france-espoirs-masculin-2023-045,blue_club,U S CRETEIL,USCRETEIL,repaired
ffsavate-championnat-de-france-espoirs-masculin-2023-050,blue_club,SAVAT O POING,SAVAT OPOING,repaired
ffsavate-championnat-de-france-elite-b-feminin-2023-003,red_club,GANT D HERMINE VANNETAIS,GANT DHERMINE VANNETAIS,repaired
ffsavate-championnat-de-france-elite-b-feminin-2023-004,red_club,GANT D HERMINE VANNETAIS,GANT DHERMINE VANNETAIS,repaired
ffsavate-championnat-de-france-elite-b-feminin-2023-006,blue_club,GANT D HERMINE VANNETAIS,GANT DHERMINE VANNETAIS,repaired
ffsavate-championnat-de-france-elite-b-feminin-2023-007,blue_club,GANT D HERMINE VANNETAIS,GANT DHERMINE VANNETAIS,repaired
ffsavate-championnat-de-france-veterans-masculin-2023-paris-005,blue_club,A BF SALON DE PROVENCE,ABF SALON DE PROVENCE,repaired
ffsavate-championnat-de-france-veterans-masculin-2023-paris-028,red_club,A BF SALON DE PROVENCE,ABF SALON DE PROVENCE,repaired
ffsavate-championnat-de-france-veterans-masculin-2023-paris-047,blue_club,CERCLE DE B F ERMONT,CERCLE DE BFERMONT,repaired
ffsavate-championnat-de-france-veterans-masculin-2023-paris-057,blue_club,CERCLE DE B F ERMONT,CERCLE DE BFERMONT,repaired
ffsavate-championnat-de-france-veterans-masculin-2023-paris-073,red_club,CERCLE DE B F ERMONT,CERCLE DE BFERMONT,repaired
ffsavate-championnat-de-france-veterans-masculin-2023-paris-083,blue_club,CERCLE DE B F ERMONT,CERCLE DE BFERMONT,repaired
ffsavate-championnat-de-france-juniors-2024-verdun-002,red_club,M J C SAVATE COTOISE,MJCSAVATE COTOISE,repaired
ffsavate-championnat-de-france-juniors-2024-verdun-003,blue_club,M J C SAVATE COTOISE,MJCSAVATE COTOISE,repaired
ffsavate-championnat-de-france-juniors-2024-verdun-006,red_club,CS MEAUX BOXE ACT PUG.,CSMEAUX BOXE ACT PUG.,repaired
ffsavate-championnat-de-france-2e-serie-masculin-2024-verdun-008,red_club,K TEAM,KTEAM,repaired
fisav-world-combat-2023-amiens-final-60kg-final,red_country,Francia,France,resolved
cesav-european-combat-championships-2024-varazze-01A-A1A2,red_country,SERBIA,Serbia,resolved
cesav-european-combat-championships-2024-varazze-01A-A1A2,blue_country,ITALIA,Italy,resolved
cesav-european-combat-championships-2024-varazze-01A-A1A3,red_country,SERBIA,Serbia,resolved
cesav-european-combat-championships-2024-varazze-01A-A1A3,blue_country,UKRAINE,Ukraine,resolved
cesav-european-combat-championships-2024-varazze-01A-A2A3,red_country,ITALIA,Italy,resolved
cesav-european-combat-championships-2024-varazze-01A-A2A3,blue_country,UKRAINE,Ukraine,resolved
cesav-european-combat-championships-2024-varazze-01-final01,red_country,UKRAINE,Ukraine,resolved
cesav-european-combat-championships-2024-varazze-01-final01,blue_country,ITALIA,Italy,resolved
cesav-european-combat-championships-2024-varazze-03A-A1A2,red_country,UKRAINE,Ukraine,resolved
cesav-european-combat-championships-2024-varazze-03A-A1A2,blue_country,FRANCE,France,resolved
cesav-european-combat-championships-2024-varazze-03A-A1A3,red_country,UKRAINE,Ukraine,resolved
cesav-european-combat-championships-2024-varazze-03A-A1A3,blue_country,HUNGRIA,HUNGRIA,unresolved: kept verbatim
cesav-european-combat-championships-2024-varazze-03A-A2A3,red_country,FRANCE,France,resolved
cesav-european-combat-championships-2024-varazze-03A-A2A3,blue_country,HUNGRIA,HUNGRIA,unresolved: kept verbatim
cesav-european-combat-championships-2024-varazze-03-final01,red_country,FRANCE,France,resolved
cesav-european-combat-championships-2024-varazze-03-final01,blue_country,UKRAINE,Ukraine,resolved
cesav-european-combat-championships-2024-varazze-04A-A1A2,red_country,FRANCE,France,resolved
cesav-european-combat-championships-2024-varazze-04A-A1A2,blue_country,ITALIA,Italy,resolved
cesav-european-combat-championships-2024-varazze-04A-A1A3,red_country,FRANCE,France,resolved
cesav-european-combat-championships-2024-varazze-04A-A1A3,blue_country,CROATIA,Croatia,resolved
cesav-european-combat-championships-2024-varazze-04A-A2A3,red_country,ITALIA,Italy,resolved
cesav-european-combat-championships-2024-varazze-04A-A2A3,blue_country,CROATIA,Croatia,resolved
cesav-european-combat-championships-2024-varazze-04-final01,red_country,FRANCE,France,resolved
cesav-european-combat-championships-2024-varazze-04-final01,blue_country,CROATIA,Croatia,resolved
cesav-european-combat-championships-2024-varazze-05A-A1A2,red_country,CROATIA,Croatia,resolved
cesav-european-combat-championships-2024-varazze-05A-A1A2,blue_country,FRANCE,France,resolved
cesav-european-combat-championships-2024-varazze-05A-A1A3,red_country,CROATIA,Croatia,resolved
cesav-european-combat-championships-2024-varazze-05A-A1A3,blue_country,HUNGRIA,HUNGRIA,unresolved: kept verbatim
cesav-european-combat-championships-2024-varazze-05A-A1A4,red_country,CROATIA,Croatia,resolved
cesav-european-combat-championships-2024-varazze-05A-A1A4,blue_country,UKRAINE,Ukraine,resolved
cesav-european-combat-championships-2024-varazze-05A-A2A3,red_country,FRANCE,France,resolved
cesav-european-combat-championships-2024-varazze-05A-A2A3,blue_country,HUNGRIA,HUNGRIA,unresolved: kept verbatim
cesav-european-combat-championships-2024-varazze-05A-A2A4,red_country,FRANCE,France,resolved
cesav-european-combat-championships-2024-varazze-05A-A2A4,blue_country,UKRAINE,Ukraine,resolved
cesav-european-combat-championships-2024-varazze-05A-A3A4,red_country,HUNGRIA,HUNGRIA,unresolved: kept verbatim
cesav-european-combat-championships-2024-varazze-05A-A3A4,blue_country,UKRAINE,Ukraine,resolved
cesav-european-combat-championships-2024-varazze-05-final01,red_country,CROATIA,Croatia,resolved
cesav-european-combat-championships-2024-varazze-05-final01,blue_country,UKRAINE,Ukraine,resolved
cesav-european-combat-championships-2024-varazze-06A-A1A2,red_country,UKRAINE,Ukraine,resolved
cesav-european-combat-championships-2024-varazze-06A-A1A2,blue_country,SERBIA,Serbia,resolved
cesav-european-combat-championships-2024-varazze-06A-A1A3,red_country,UKRAINE,Ukraine,resolved
cesav-european-combat-championships-2024-varazze-06A-A1A3,blue_country,FRANCE,France,resolved
cesav-european-combat-championships-2024-varazze-06A-A2A3,red_country,SERBIA,Serbia,resolved
cesav-european-combat-championships-2024-varazze-06A-A2A3,blue_country,FRANCE,France,resolved
cesav-european-combat-championships-2024-varazze-06-final01,red_country,UKRAINE,Ukraine,resolved
cesav-european-combat-championships-2024-varazze-06-final01,blue_country,FRANCE,France,resolved
cesav-european-combat-championships-2024-varazze-07A-A1A2,red_country,CROATIA,Croatia,resolved
cesav-european-combat-championships-2024-varazze-07A-A1A2,blue_country,SERBIA,Serbia,resolved
cesav-european-combat-championships-2024-varazze-07A-A1A3,red_country,CROATIA,Croatia,resolved
cesav-european-combat-championships-2024-varazze-07A-A1A3,blue_country,FRANCE,France,resolved
cesav-european-combat-championships-2024-varazze-07A-A2A3,red_country,SERBIA,Serbia,resolved
cesav-european-combat-championships-2024-varazze-07A-A2A3,blue_country,FRANCE,France,resolved
cesav-european-combat-championships-2024-varazze-07-final01,red_country,CROATIA,Croatia,resolved
cesav-european-combat-championships-2024-varazze-07-final01,blue_country,FRANCE,France,resolved
cesav-european-combat-championships-2024-varazze-08-final01,red_country,FRANCE,France,resolved
cesav-european-combat-championships-2024-varazze-08-final01,blue_country,UKRAINE,Ukraine,resolved
cesav-european-combat-championships-2024-varazze-09A-A1A2,red_country,UKRAINE,Ukraine,resolved
cesav-european-combat-championships-2024-varazze-09A-A1A2,blue_country,FRANCE,France,resolved
cesav-european-combat-championships-2024-varazze-09A-A1A3,red_country,UKRAINE,Ukraine,resolved
cesav-european-combat-championships-2024-varazze-09A-A1A3,blue_country,BULGARIA,Bulgaria,resolved
cesav-european-combat-championships-2024-varazze-09A-A2A3,red_country,FRANCE,France,resolved
cesav-european-combat-championships-2024-varazze-09A-A2A3,blue_country,BULGARIA,Bulgaria,resolved
cesav-european-combat-championships-2024-varazze-09-final01,red_country,BULGARIA,Bulgaria,resolved
cesav-european-combat-championships-2024-varazze-09-final01,blue_country,FRANCE,France,resolved
cesav-european-combat-championships-2024-varazze-10A-A1A2,red_country,CROATIA,Croatia,resolved
cesav-european-combat-championships-2024-varazze-10A-A1A2,blue_country,FRANCE,France,resolved
cesav-european-combat-championships-2024-varazze-10A-A1A3,red_country,CROATIA,Croatia,resolved
cesav-european-combat-championships-2024-varazze-10A-A1A3,blue_country,ITALIA,Italy,resolved
cesav-european-combat-championships-2024-varazze-10A-A2A3,red_country,FRANCE,France,resolved
cesav-european-combat-championships-2024-varazze-10A-A2A3,blue_country,ITALIA,Italy,resolved
cesav-european-combat-championships-2024-varazze-10-final01,red_country,FRANCE,France,resolved
cesav-european-combat-championships-2024-varazze-10-final01,blue_country,ITALIA,Italy,resolved
cesav-european-combat-championships-2024-varazze-11A-A1A2,red_country,CROATIA,Croatia,resolved
cesav-european-combat-championships-2024-varazze-11A-A1A2,blue_country,FRANCE,France,resolved
cesav-european-combat-championships-2024-varazze-11A-A1A3,red_country,CROATIA,Croatia,resolved
cesav-european-combat-championships-2024-varazze-11A-A1A3,blue_country,ITALIA,Italy,resolved
cesav-european-combat-championships-2024-varazze-11A-A2A3,red_country,FRANCE,France,resolved
cesav-european-combat-championships-2024-varazze-11A-A2A3,blue_country,ITALIA,Italy,resolved
cesav-european-combat-championships-2024-varazze-11-final01,red_country,CROATIA,Croatia,resolved
cesav-european-combat-championships-2024-varazze-11-final01,blue_country,FRANCE,France,resolved
cesav-european-combat-championships-2024-varazze-12A-A1A2,red_country,CROATIA,Croatia,resolved
cesav-european-combat-championships-2024-varazze-12A-A1A2,blue_country,SERBIA,Serbia,resolved
cesav-european-combat-championships-2024-varazze-12A-A1A3,red_country,CROATIA,Croatia,resolved
cesav-european-combat-championships-2024-varazze-12A-A1A3,blue_country,FRANCE,France,resolved
cesav-european-combat-championships-2024-varazze-12A-A2A3,red_country,SERBIA,Serbia,resolved
cesav-european-combat-championships-2024-varazze-12A-A2A3,blue_country,FRANCE,France,resolved
cesav-european-combat-championships-2024-varazze-12-final01,red_country,FRANCE,France,resolved
cesav-european-combat-championships-2024-varazze-12-final01,blue_country,SERBIA,Serbia,resolved
cesav-european-combat-championships-2024-varazze-13A-A1A2,red_country,FRANCE,France,resolved
cesav-european-combat-championships-2024-varazze-13A-A1A2,blue_country,FINLAND,Finland,resolved
cesav-european-combat-championships-2024-varazze-13A-A1A3,red_country,FRANCE,France,resolved
cesav-european-combat-championships-2024-varazze-13A-A1A3,blue_country,SLOVENIA,Slovenia,resolved
cesav-european-combat-championships-2024-varazze-13A-A2A3,red_country,FINLAND,Finland,resolved
cesav-european-combat-championships-2024-varazze-13A-A2A3,blue_country,SLOVENIA,Slovenia,resolved
cesav-european-combat-championships-2024-varazze-13-final01,red_country,FRANCE,France,resolved
cesav-european-combat-championships-2024-varazze-13-final01,blue_country,FINLAND,Finland,resolved
cesav-european-combat-championships-2024-varazze-14A-A1A2,red_country,PORTUGAL,Portugal,resolved
cesav-european-combat-championships-2024-varazze-14A-A1A2,blue_country,FRANCE,France,resolved
cesav-european-combat-championships-2024-varazze-14A-A1A3,red_country,PORTUGAL,Portugal,resolved
cesav-european-combat-championships-2024-varazze-14A-A1A3,blue_country,AUSTRIA,Austria,resolved
cesav-european-combat-championships-2024-varazze-14A-A2A3,red_country,FRANCE,France,resolved
cesav-european-combat-championships-2024-varazze-14A-A2A3,blue_country,AUSTRIA,Austria,resolved
cesav-european-combat-championships-2024-varazze-14-final01,red_country,FRANCE,France,resolved
cesav-european-combat-championships-2024-varazze-14-final01,blue_country,PORTUGAL,Portugal,resolved
cesav-european-combat-championships-2024-varazze-15A-A1A2,red_country,ITALIA,Italy,resolved
cesav-european-combat-championships-2024-varazze-15A-A1A2,blue_country,UKRAINE,Ukraine,resolved
cesav-european-combat-championships-2024-varazze-15A-A1A3,red_country,ITALIA,Italy,resolved
cesav-european-combat-championships-2024-varazze-15A-A1A3,blue_country,FRANCE,France,resolved
cesav-european-combat-championships-2024-varazze-15A-A1A4,red_country,ITALIA,Italy,resolved
cesav-european-combat-championships-2024-varazze-15A-A1A4,blue_country,BULGARIA,Bulgaria,resolved
cesav-european-combat-championships-2024-varazze-15A-A2A4,red_country,UKRAINE,Ukraine,resolved
cesav-european-combat-championships-2024-varazze-15A-A2A4,blue_country,BULGARIA,Bulgaria,resolved
cesav-european-combat-championships-2024-varazze-15A-A3A4,red_country,FRANCE,France,resolved
cesav-european-combat-championships-2024-varazze-15A-A3A4,blue_country,BULGARIA,Bulgaria,resolved
cesav-european-combat-championships-2024-varazze-16A-A1A2,red_country,CROATIA,Croatia,resolved
cesav-european-combat-championships-2024-varazze-16A-A1A2,blue_country,UKRAINE,Ukraine,resolved
cesav-european-combat-championships-2024-varazze-16A-A1A3,red_country,CROATIA,Croatia,resolved
cesav-european-combat-championships-2024-varazze-16A-A1A3,blue_country,FRANCE,France,resolved
cesav-european-combat-championships-2024-varazze-16A-A2A3,red_country,UKRAINE,Ukraine,resolved
cesav-european-combat-championships-2024-varazze-16A-A2A3,blue_country,FRANCE,France,resolved
cesav-european-combat-championships-2024-varazze-16B-B1B2,red_country,SERBIA,Serbia,resolved
cesav-european-combat-championships-2024-varazze-16B-B1B2,blue_country,BULGARIA,Bulgaria,resolved
cesav-european-combat-championships-2024-varazze-16B-B1B3,red_country,SERBIA,Serbia,resolved
cesav-european-combat-championships-2024-varazze-16B-B1B3,blue_country,ITALIA,Italy,resolved
cesav-european-combat-championships-2024-varazze-16B-B2B3,red_country,BULGARIA,Bulgaria,resolved
cesav-european-combat-championships-2024-varazze-16B-B2B3,blue_country,ITALIA,Italy,resolved
cesav-european-combat-championships-2024-varazze-16-semi01,red_country,FRANCE,France,resolved
cesav-european-combat-championships-2024-varazze-16-semi01,blue_country,SERBIA,Serbia,resolved
cesav-european-combat-championships-2024-varazze-16-semi02,red_country,ITALIA,Italy,resolved
cesav-european-combat-championships-2024-varazze-16-semi02,blue_country,CROATIA,Croatia,resolved
cesav-european-combat-championships-2024-varazze-16-final01,red_country,FRANCE,France,resolved
cesav-european-combat-championships-2024-varazze-16-final01,blue_country,ITALIA,Italy,resolved
cesav-european-combat-championships-2024-varazze-17A-A1A2,red_country,FRANCE,France,resolved
cesav-european-combat-championships-2024-varazze-17A-A1A2,blue_country,SLOVENIA,Slovenia,resolved
cesav-european-combat-championships-2024-varazze-17A-A1A3,red_country,FRANCE,France,resolved
cesav-european-combat-championships-2024-varazze-17A-A1A3,blue_country,CROATIA,Croatia,resolved
cesav-european-combat-championships-2024-varazze-17A-A2A3,red_country,SLOVENIA,Slovenia,resolved
cesav-european-combat-championships-2024-varazze-17A-A2A3,blue_country,CROATIA,Croatia,resolved
cesav-european-combat-championships-2024-varazze-17B-B1B2,red_country,UKRAINE,Ukraine,resolved
cesav-european-combat-championships-2024-varazze-17B-B1B2,blue_country,SERBIA,Serbia,resolved
cesav-european-combat-championships-2024-varazze-17B-B1B3,red_country,UKRAINE,Ukraine,resolved
cesav-european-combat-championships-2024-varazze-17B-B1B3,blue_country,BELGIUM,Belgium,resolved
cesav-european-combat-championships-2024-varazze-17B-B2B3,red_country,SERBIA,Serbia,resolved
cesav-european-combat-championships-2024-varazze-17B-B2B3,blue_country,BELGIUM,Belgium,resolved
cesav-european-combat-championships-2024-varazze-17-semi01,red_country,FRANCE,France,resolved
cesav-european-combat-championships-2024-varazze-17-semi01,blue_country,BELGIUM,Belgium,resolved
cesav-european-combat-championships-2024-varazze-17-semi02,red_country,UKRAINE,Ukraine,resolved
cesav-european-combat-championships-2024-varazze-17-semi02,blue_country,CROATIA,Croatia,resolved
cesav-european-combat-championships-2024-varazze-17-final01,red_country,FRANCE,France,resolved
cesav-european-combat-championships-2024-varazze-17-final01,blue_country,CROATIA,Croatia,resolved
cesav-european-combat-championships-2024-varazze-18A-A1A2,red_country,CROATIA,Croatia,resolved
cesav-european-combat-championships-2024-varazze-18A-A1A2,blue_country,UKRAINE,Ukraine,resolved
cesav-european-combat-championships-2024-varazze-18A-A1A3,red_country,CROATIA,Croatia,resolved
cesav-european-combat-championships-2024-varazze-18A-A1A3,blue_country,SERBIA,Serbia,resolved
cesav-european-combat-championships-2024-varazze-18A-A2A3,red_country,UKRAINE,Ukraine,resolved
cesav-european-combat-championships-2024-varazze-18A-A2A3,blue_country,SERBIA,Serbia,resolved
cesav-european-combat-championships-2024-varazze-18-final01,red_country,CROATIA,Croatia,resolved
cesav-european-combat-championships-2024-varazze-18-final01,blue_country,SERBIA,Serbia,resolved
cesav-youth-european-championships-2026-therme-olimia-01A-A1A2,red_country,FRANCE,France,resolved
cesav-youth-european-championships-2026-therme-olimia-01A-A1A2,blue_country,TURQUIE,Turkey,resolved
cesav-youth-european-championships-2026-therme-olimia-01A-A1A3,red_country,FRANCE,France,resolved
cesav-youth-european-championships-2026-therme-olimia-01A-A1A3,blue_country,AZERBAÏJAN,Azerbaijan,resolved
cesav-youth-european-championships-2026-therme-olimia-01A-A2A3,red_country,TURQUIE,Turkey,resolved
cesav-youth-european-championships-2026-therme-olimia-01A-A2A3,blue_country,AZERBAÏJAN,Azerbaijan,resolved
cesav-youth-european-championships-2026-therme-olimia-01-final01,red_country,FRANCE,France,resolved
cesav-youth-european-championships-2026-therme-olimia-01-final01,blue_country,AZERBAÏJAN,Azerbaijan,resolved
cesav-youth-european-championships-2026-therme-olimia-02A-A1A2,red_country,CROATIE,Croatia,resolved
cesav-youth-european-championships-2026-therme-olimia-02A-A1A2,blue_country,BELGIQUE,Belgium,resolved
cesav-youth-european-championships-2026-therme-olimia-02A-A1A3,red_country,CROATIE,Croatia,resolved
cesav-youth-european-championships-2026-therme-olimia-02A-A1A3,blue_country,AZERBAÏJAN,Azerbaijan,resolved
cesav-youth-european-championships-2026-therme-olimia-02A-A2A3,red_country,BELGIQUE,Belgium,resolved
cesav-youth-european-championships-2026-therme-olimia-02A-A2A3,blue_country,AZERBAÏJAN,Azerbaijan,resolved
cesav-youth-european-championships-2026-therme-olimia-02B-B1B2,red_country,FRANCE,France,resolved
cesav-youth-european-championships-2026-therme-olimia-02B-B1B2,blue_country,UKRAINE,Ukraine,resolved
cesav-youth-european-championships-2026-therme-olimia-02B-B1B3,red_country,FRANCE,France,resolved
cesav-youth-european-championships-2026-therme-olimia-02B-B1B3,blue_country,TURQUIE,Turkey,resolved
cesav-youth-european-championships-2026-therme-olimia-02B-B2B3,red_country,UKRAINE,Ukraine,resolved
cesav-youth-european-championships-2026-therme-olimia-02B-B2B3,blue_country,TURQUIE,Turkey,resolved
cesav-youth-european-championships-2026-therme-olimia-02-semi01,red_country,CROATIE,Croatia,resolved
cesav-youth-european-championships-2026-therme-olimia-02-semi01,blue_country,TURQUIE,Turkey,resolved
cesav-youth-european-championships-2026-therme-olimia-02-semi02,red_country,FRANCE,France,resolved
cesav-youth-european-championships-2026-therme-olimia-02-semi02,blue_country,BELGIQUE,Belgium,resolved
cesav-youth-european-championships-2026-therme-olimia-02-final01,red_country,CROATIE,Croatia,resolved
cesav-youth-european-championships-2026-therme-olimia-02-final01,blue_country,FRANCE,France,resolved
cesav-youth-european-championships-2026-therme-olimia-03A-A1A2,red_country,TURQUIE,Turkey,resolved
cesav-youth-european-championships-2026-therme-olimia-03A-A1A2,blue_country,AZERBAÏJAN,Azerbaijan,resolved
cesav-youth-european-championships-2026-therme-olimia-03A-A1A3,red_country,TURQUIE,Turkey,resolved
cesav-youth-european-championships-2026-therme-olimia-03A-A1A3,blue_country,CROATIE,Croatia,resolved
cesav-youth-european-championships-2026-therme-olimia-03A-A1A4,red_country,TURQUIE,Turkey,resolved
cesav-youth-european-championships-2026-therme-olimia-03A-A1A4,blue_country,FRANCE,France,resolved
cesav-youth-european-championships-2026-therme-olimia-03A-A2A3,red_country,AZERBAÏJAN,Azerbaijan,resolved
cesav-youth-european-championships-2026-therme-olimia-03A-A2A3,blue_country,CROATIE,Croatia,resolved
cesav-youth-european-championships-2026-therme-olimia-03A-A2A4,red_country,AZERBAÏJAN,Azerbaijan,resolved
cesav-youth-european-championships-2026-therme-olimia-03A-A2A4,blue_country,FRANCE,France,resolved
cesav-youth-european-championships-2026-therme-olimia-03A-A3A4,red_country,CROATIE,Croatia,resolved
cesav-youth-european-championships-2026-therme-olimia-03A-A3A4,blue_country,FRANCE,France,resolved
cesav-youth-european-championships-2026-therme-olimia-03-final01,red_country,FRANCE,France,resolved
cesav-youth-european-championships-2026-therme-olimia-03-final01,blue_country,CROATIE,Croatia,resolved
cesav-youth-european-championships-2026-therme-olimia-04A-A1A2,red_country,HONGRIE,Hungary,resolved
cesav-youth-european-championships-2026-therme-olimia-04A-A1A2,blue_country,FRANCE,France,resolved
cesav-youth-european-championships-2026-therme-olimia-04A-A1A3,red_country,HONGRIE,Hungary,resolved
cesav-youth-european-championships-2026-therme-olimia-04A-A1A3,blue_country,ITALIE,Italy,resolved
cesav-youth-european-championships-2026-therme-olimia-04A-A1A4,red_country,HONGRIE,Hungary,resolved
cesav-youth-european-championships-2026-therme-olimia-04A-A1A4,blue_country,GRECE,Greece,resolved
cesav-youth-european-championships-2026-therme-olimia-04A-A2A3,red_country,FRANCE,France,resolved
cesav-youth-european-championships-2026-therme-olimia-04A-A2A3,blue_country,ITALIE,Italy,resolved
cesav-youth-european-championships-2026-therme-olimia-04A-A2A4,red_country,FRANCE,France,resolved
cesav-youth-european-championships-2026-therme-olimia-04A-A2A4,blue_country,GRECE,Greece,resolved
cesav-youth-european-championships-2026-therme-olimia-04A-A3A4,red_country,ITALIE,Italy,resolved
cesav-youth-european-championships-2026-therme-olimia-04A-A3A4,blue_country,GRECE,Greece,resolved
cesav-youth-european-championships-2026-therme-olimia-04B-B1B2,red_country,TURQUIE,Turkey,resolved
cesav-youth-european-championships-2026-therme-olimia-04B-B1B2,blue_country,FINLANDE,Finland,resolved
cesav-youth-european-championships-2026-therme-olimia-04B-B1B3,red_country,TURQUIE,Turkey,resolved
cesav-youth-european-championships-2026-therme-olimia-04B-B1B3,blue_country,AUTRICHE,Austria,resolved
cesav-youth-european-championships-2026-therme-olimia-04B-B2B3,red_country,FINLANDE,Finland,resolved
cesav-youth-european-championships-2026-therme-olimia-04B-B2B3,blue_country,AUTRICHE,Austria,resolved
cesav-youth-european-championships-2026-therme-olimia-04C-C1C2,red_country,BULGARIE,Bulgaria,resolved
cesav-youth-european-championships-2026-therme-olimia-04C-C1C2,blue_country,UKRAINE,Ukraine,resolved
cesav-youth-european-championships-2026-therme-olimia-04C-C1C3,red_country,BULGARIE,Bulgaria,resolved
cesav-youth-european-championships-2026-therme-olimia-04C-C1C3,blue_country,AZERBAÏJAN,Azerbaijan,resolved
cesav-youth-european-championships-2026-therme-olimia-04C-C2C3,red_country,UKRAINE,Ukraine,resolved
cesav-youth-european-championships-2026-therme-olimia-04C-C2C3,blue_country,AZERBAÏJAN,Azerbaijan,resolved
cesav-youth-european-championships-2026-therme-olimia-04-semi01,red_country,FRANCE,France,resolved
cesav-youth-european-championships-2026-therme-olimia-04-semi01,blue_country,AUTRICHE,Austria,resolved
cesav-youth-european-championships-2026-therme-olimia-04-semi02,red_country,BULGARIE,Bulgaria,resolved
cesav-youth-european-championships-2026-therme-olimia-04-semi02,blue_country,ITALIE,Italy,resolved
cesav-youth-european-championships-2026-therme-olimia-04-final01,red_country,FRANCE,France,resolved
cesav-youth-european-championships-2026-therme-olimia-04-final01,blue_country,BULGARIE,Bulgaria,resolved
cesav-youth-european-championships-2026-therme-olimia-05A-A1A2,red_country,SLOVENIE,Slovenia,resolved
cesav-youth-european-championships-2026-therme-olimia-05A-A1A2,blue_country,GRECE,Greece,resolved
cesav-youth-european-championships-2026-therme-olimia-05A-A1A3,red_country,SLOVENIE,Slovenia,resolved
cesav-youth-european-championships-2026-therme-olimia-05A-A1A3,blue_country,TURQUIE,Turkey,resolved
cesav-youth-european-championships-2026-therme-olimia-05A-A2A3,red_country,GRECE,Greece,resolved
cesav-youth-european-championships-2026-therme-olimia-05A-A2A3,blue_country,TURQUIE,Turkey,resolved
cesav-youth-european-championships-2026-therme-olimia-05B-B1B2,red_country,FRANCE,France,resolved
cesav-youth-european-championships-2026-therme-olimia-05B-B1B2,blue_country,SERBIE,Serbia,resolved
cesav-youth-european-championships-2026-therme-olimia-05B-B1B3,red_country,FRANCE,France,resolved
cesav-youth-european-championships-2026-therme-olimia-05B-B1B3,blue_country,ITALIE,Italy,resolved
cesav-youth-european-championships-2026-therme-olimia-05B-B2B3,red_country,SERBIE,Serbia,resolved
cesav-youth-european-championships-2026-therme-olimia-05B-B2B3,blue_country,ITALIE,Italy,resolved
cesav-youth-european-championships-2026-therme-olimia-05-semi01,red_country,SLOVENIE,Slovenia,resolved
cesav-youth-european-championships-2026-therme-olimia-05-semi01,blue_country,SERBIE,Serbia,resolved
cesav-youth-european-championships-2026-therme-olimia-05-semi02,red_country,FRANCE,France,resolved
cesav-youth-european-championships-2026-therme-olimia-05-semi02,blue_country,GRECE,Greece,resolved
cesav-youth-european-championships-2026-therme-olimia-05-final01,red_country,SLOVENIE,Slovenia,resolved
cesav-youth-european-championships-2026-therme-olimia-05-final01,blue_country,FRANCE,France,resolved
cesav-youth-european-championships-2026-therme-olimia-06A-A1A2,red_country,TURQUIE,Turkey,resolved
cesav-youth-european-championships-2026-therme-olimia-06A-A1A2,blue_country,ITALIE,Italy,resolved
cesav-youth-european-championships-2026-therme-olimia-06A-A1A3,red_country,TURQUIE,Turkey,resolved
cesav-youth-european-championships-2026-therme-olimia-06A-A1A3,blue_country,CROATIE,Croatia,resolved
cesav-youth-european-championships-2026-therme-olimia-06A-A2A3,red_country,ITALIE,Italy,resolved
cesav-youth-european-championships-2026-therme-olimia-06A-A2A3,blue_country,CROATIE,Croatia,resolved
cesav-youth-european-championships-2026-therme-olimia-06B-B1B2,red_country,FRANCE,France,resolved
cesav-youth-european-championships-2026-therme-olimia-06B-B1B2,blue_country,GRECE,Greece,resolved
cesav-youth-european-championships-2026-therme-olimia-06B-B1B3,red_country,FRANCE,France,resolved
cesav-youth-european-championships-2026-therme-olimia-06B-B1B3,blue_country,SLOVENIE,Slovenia,resolved
cesav-youth-european-championships-2026-therme-olimia-06B-B2B3,red_country,GRECE,Greece,resolved
cesav-youth-european-championships-2026-therme-olimia-06B-B2B3,blue_country,SLOVENIE,Slovenia,resolved
cesav-youth-european-championships-2026-therme-olimia-06-semi01,red_country,CROATIE,Croatia,resolved
cesav-youth-european-championships-2026-therme-olimia-06-semi01,blue_country,SLOVENIE,Slovenia,resolved
cesav-youth-european-championships-2026-therme-olimia-06-semi02,red_country,FRANCE,France,resolved
cesav-youth-european-championships-2026-therme-olimia-06-semi02,blue_country,ITALIE,Italy,resolved
cesav-youth-european-championships-2026-therme-olimia-06-final01,red_country,CROATIE,Croatia,resolved
cesav-youth-european-championships-2026-therme-olimia-06-final01,blue_country,FRANCE,France,resolved
cesav-youth-european-championships-2026-therme-olimia-07A-A1A2,red_country,SERBIE,Serbia,resolved
cesav-youth-european-championships-2026-therme-olimia-07A-A1A2,blue_country,GRECE,Greece,resolved
cesav-youth-european-championships-2026-therme-olimia-07A-A1A3,red_country,SERBIE,Serbia,resolved
cesav-youth-european-championships-2026-therme-olimia-07A-A1A3,blue_country,CROATIE,Croatia,resolved
cesav-youth-european-championships-2026-therme-olimia-07A-A2A3,red_country,GRECE,Greece,resolved
cesav-youth-european-championships-2026-therme-olimia-07A-A2A3,blue_country,CROATIE,Croatia,resolved
cesav-youth-european-championships-2026-therme-olimia-07B-B1B2,red_country,FRANCE,France,resolved
cesav-youth-european-championships-2026-therme-olimia-07B-B1B2,blue_country,TURQUIE,Turkey,resolved
cesav-youth-european-championships-2026-therme-olimia-07B-B1B3,red_country,FRANCE,France,resolved
cesav-youth-european-championships-2026-therme-olimia-07B-B1B3,blue_country,AZERBAÏJAN,Azerbaijan,resolved
cesav-youth-european-championships-2026-therme-olimia-07B-B2B3,red_country,TURQUIE,Turkey,resolved
cesav-youth-european-championships-2026-therme-olimia-07B-B2B3,blue_country,AZERBAÏJAN,Azerbaijan,resolved
cesav-youth-european-championships-2026-therme-olimia-07-semi01,red_country,CROATIE,Croatia,resolved
cesav-youth-european-championships-2026-therme-olimia-07-semi01,blue_country,AZERBAÏJAN,Azerbaijan,resolved
cesav-youth-european-championships-2026-therme-olimia-07-semi02,red_country,FRANCE,France,resolved
cesav-youth-european-championships-2026-therme-olimia-07-semi02,blue_country,SERBIE,Serbia,resolved
cesav-youth-european-championships-2026-therme-olimia-07-final01,red_country,FRANCE,France,resolved
cesav-youth-european-championships-2026-therme-olimia-07-final01,blue_country,CROATIE,Croatia,resolved
cesav-youth-european-championships-2026-therme-olimia-08A-A1A2,red_country,FRANCE,France,resolved
cesav-youth-european-championships-2026-therme-olimia-08A-A1A2,blue_country,TURQUIE,Turkey,resolved
cesav-youth-european-championships-2026-therme-olimia-08A-A1A3,red_country,FRANCE,France,resolved
cesav-youth-european-championships-2026-therme-olimia-08A-A1A3,blue_country,AZERBAÏJAN,Azerbaijan,resolved
cesav-youth-european-championships-2026-therme-olimia-08A-A2A3,red_country,TURQUIE,Turkey,resolved
cesav-youth-european-championships-2026-therme-olimia-08A-A2A3,blue_country,AZERBAÏJAN,Azerbaijan,resolved
cesav-youth-european-championships-2026-therme-olimia-08B-B1B2,red_country,CROATIE,Croatia,resolved
cesav-youth-european-championships-2026-therme-olimia-08B-B1B2,blue_country,AUTRICHE,Austria,resolved
cesav-youth-european-championships-2026-therme-olimia-08B-B1B3,red_country,CROATIE,Croatia,resolved
cesav-youth-european-championships-2026-therme-olimia-08B-B1B3,blue_country,SERBIE,Serbia,resolved
cesav-youth-european-championships-2026-therme-olimia-08B-B2B3,red_country,AUTRICHE,Austria,resolved
cesav-youth-european-championships-2026-therme-olimia-08B-B2B3,blue_country,SERBIE,Serbia,resolved
cesav-youth-european-championships-2026-therme-olimia-08-semi01,red_country,FRANCE,France,resolved
cesav-youth-european-championships-2026-therme-olimia-08-semi01,blue_country,SERBIE,Serbia,resolved
cesav-youth-european-championships-2026-therme-olimia-08-semi02,red_country,CROATIE,Croatia,resolved
cesav-youth-european-championships-2026-therme-olimia-08-semi02,blue_country,AZERBAÏJAN,Azerbaijan,resolved
cesav-youth-european-championships-2026-therme-olimia-08-final01,red_country,FRANCE,France,resolved
cesav-youth-european-championships-2026-therme-olimia-08-final01,blue_country,CROATIE,Croatia,resolved
cesav-youth-european-championships-2026-therme-olimia-09A-A1A2,red_country,CROATIE,Croatia,resolved
cesav-youth-european-championships-2026-therme-olimia-09A-A1A2,blue_country,FRANCE,France,resolved
cesav-youth-european-championships-2026-therme-olimia-09A-A1A3,red_country,CROATIE,Croatia,resolved
cesav-youth-european-championships-2026-therme-olimia-09A-A1A3,blue_country,BELGIQUE,Belgium,resolved
cesav-youth-european-championships-2026-therme-olimia-09A-A1A4,red_country,CROATIE,Croatia,resolved
cesav-youth-european-championships-2026-therme-olimia-09A-A1A4,blue_country,TURQUIE,Turkey,resolved
cesav-youth-european-championships-2026-therme-olimia-09A-A1A5,red_country,CROATIE,Croatia,resolved
cesav-youth-european-championships-2026-therme-olimia-09A-A1A5,blue_country,AZERBAÏJAN,Azerbaijan,resolved
cesav-youth-european-championships-2026-therme-olimia-09A-A2A3,red_country,FRANCE,France,resolved
cesav-youth-european-championships-2026-therme-olimia-09A-A2A3,blue_country,BELGIQUE,Belgium,resolved
cesav-youth-european-championships-2026-therme-olimia-09A-A2A4,red_country,FRANCE,France,resolved
cesav-youth-european-championships-2026-therme-olimia-09A-A2A4,blue_country,TURQUIE,Turkey,resolved
cesav-youth-european-championships-2026-therme-olimia-09A-A2A5,red_country,FRANCE,France,resolved
cesav-youth-european-championships-2026-therme-olimia-09A-A2A5,blue_country,AZERBAÏJAN,Azerbaijan,resolved
cesav-youth-european-championships-2026-therme-olimia-09A-A3A4,red_country,BELGIQUE,Belgium,resolved
cesav-youth-european-championships-2026-therme-olimia-09A-A3A4,blue_country,TURQUIE,Turkey,resolved
cesav-youth-european-championships-2026-therme-olimia-09A-A3A5,red_country,BELGIQUE,Belgium,resolved
cesav-youth-european-championships-2026-therme-olimia-09A-A3A5,blue_country,AZERBAÏJAN,Azerbaijan,resolved
cesav-youth-european-championships-2026-therme-olimia-09A-A4A5,red_country,TURQUIE,Turkey,resolved
cesav-youth-european-championships-2026-therme-olimia-09A-A4A5,blue_country,AZERBAÏJAN,Azerbaijan,resolved
cesav-youth-european-championships-2026-therme-olimia-09-final01,red_country,CROATIE,Croatia,resolved
cesav-youth-european-championships-2026-therme-olimia-09-final01,blue_country,FRANCE,France,resolved
cesav-youth-european-championships-2026-therme-olimia-10A-A1A2,red_country,FRANCE,France,resolved
cesav-youth-european-championships-2026-therme-olimia-10A-A1A2,blue_country,SERBIE,Serbia,resolved
cesav-youth-european-championships-2026-therme-olimia-10A-A1A3,red_country,FRANCE,France,resolved
cesav-youth-european-championships-2026-therme-olimia-10A-A1A3,blue_country,TURQUIE,Turkey,resolved
cesav-youth-european-championships-2026-therme-olimia-10A-A1A4,red_country,FRANCE,France,resolved
cesav-youth-european-championships-2026-therme-olimia-10A-A1A4,blue_country,CROATIE,Croatia,resolved
cesav-youth-european-championships-2026-therme-olimia-10A-A1A5,red_country,FRANCE,France,resolved
cesav-youth-european-championships-2026-therme-olimia-10A-A1A5,blue_country,UKRAINE,Ukraine,resolved
cesav-youth-european-championships-2026-therme-olimia-10A-A2A3,red_country,SERBIE,Serbia,resolved
cesav-youth-european-championships-2026-therme-olimia-10A-A2A3,blue_country,TURQUIE,Turkey,resolved
cesav-youth-european-championships-2026-therme-olimia-10A-A2A4,red_country,SERBIE,Serbia,resolved
cesav-youth-european-championships-2026-therme-olimia-10A-A2A4,blue_country,CROATIE,Croatia,resolved
cesav-youth-european-championships-2026-therme-olimia-10A-A2A5,red_country,SERBIE,Serbia,resolved
cesav-youth-european-championships-2026-therme-olimia-10A-A2A5,blue_country,UKRAINE,Ukraine,resolved
cesav-youth-european-championships-2026-therme-olimia-10A-A3A4,red_country,TURQUIE,Turkey,resolved
cesav-youth-european-championships-2026-therme-olimia-10A-A3A4,blue_country,CROATIE,Croatia,resolved
cesav-youth-european-championships-2026-therme-olimia-10A-A3A5,red_country,TURQUIE,Turkey,resolved
cesav-youth-european-championships-2026-therme-olimia-10A-A3A5,blue_country,UKRAINE,Ukraine,resolved
cesav-youth-european-championships-2026-therme-olimia-10A-A4A5,red_country,CROATIE,Croatia,resolved
cesav-youth-european-championships-2026-therme-olimia-10A-A4A5,blue_country,UKRAINE,Ukraine,resolved
cesav-youth-european-championships-2026-therme-olimia-10-final01,red_country,SERBIE,Serbia,resolved
cesav-youth-european-championships-2026-therme-olimia-10-final01,blue_country,FRANCE,France,resolved
cesav-youth-european-championships-2026-therme-olimia-11A-A1A2,red_country,BULGARIE,Bulgaria,resolved
cesav-youth-european-championships-2026-therme-olimia-11A-A1A2,blue_country,CROATIE,Croatia,resolved
cesav-youth-european-championships-2026-therme-olimia-11A-A1A3,red_country,BULGARIE,Bulgaria,resolved
cesav-youth-european-championships-2026-therme-olimia-11A-A1A3,blue_country,TURQUIE,Turkey,resolved
cesav-youth-european-championships-2026-therme-olimia-11A-A2A3,red_country,CROATIE,Croatia,resolved
cesav-youth-european-championships-2026-therme-olimia-11A-A2A3,blue_country,TURQUIE,Turkey,resolved
cesav-youth-european-championships-2026-therme-olimia-11B-B1B2,red_country,BELGIQUE,Belgium,resolved
cesav-youth-european-championships-2026-therme-olimia-11B-B1B2,blue_country,UKRAINE,Ukraine,resolved
cesav-youth-european-championships-2026-therme-olimia-11B-B1B3,red_country,BELGIQUE,Belgium,resolved
cesav-youth-european-championships-2026-therme-olimia-11B-B1B3,blue_country,FRANCE,France,resolved
cesav-youth-european-championships-2026-therme-olimia-11B-B1B4,red_country,BELGIQUE,Belgium,resolved
cesav-youth-european-championships-2026-therme-olimia-11B-B1B4,blue_country,SERBIE,Serbia,resolved
cesav-youth-european-championships-2026-therme-olimia-11B-B2B3,red_country,UKRAINE,Ukraine,resolved
cesav-youth-european-championships-2026-therme-olimia-11B-B2B3,blue_country,FRANCE,France,resolved
cesav-youth-european-championships-2026-therme-olimia-11B-B2B4,red_country,UKRAINE,Ukraine,resolved
cesav-youth-european-championships-2026-therme-olimia-11B-B2B4,blue_country,SERBIE,Serbia,resolved
cesav-youth-european-championships-2026-therme-olimia-11B-B3B4,red_country,FRANCE,France,resolved
cesav-youth-european-championships-2026-therme-olimia-11B-B3B4,blue_country,SERBIE,Serbia,resolved
cesav-youth-european-championships-2026-therme-olimia-11-semi01,red_country,BULGARIE,Bulgaria,resolved
cesav-youth-european-championships-2026-therme-olimia-11-semi01,blue_country,BELGIQUE,Belgium,resolved
cesav-youth-european-championships-2026-therme-olimia-11-semi02,red_country,FRANCE,France,resolved
cesav-youth-european-championships-2026-therme-olimia-11-semi02,blue_country,TURQUIE,Turkey,resolved
cesav-youth-european-championships-2026-therme-olimia-11-final01,red_country,BELGIQUE,Belgium,resolved
cesav-youth-european-championships-2026-therme-olimia-11-final01,blue_country,FRANCE,France,resolved
cesav-youth-european-championships-2026-therme-olimia-12A-A1A2,red_country,ITALIE,Italy,resolved
cesav-youth-european-championships-2026-therme-olimia-12A-A1A2,blue_country,CROATIE,Croatia,resolved
cesav-youth-european-championships-2026-therme-olimia-12A-A1A3,red_country,ITALIE,Italy,resolved
cesav-youth-european-championships-2026-therme-olimia-12A-A1A3,blue_country,FRANCE,France,resolved
cesav-youth-european-championships-2026-therme-olimia-12A-A1A4,red_country,ITALIE,Italy,resolved
cesav-youth-european-championships-2026-therme-olimia-12A-A1A4,blue_country,TURQUIE,Turkey,resolved
cesav-youth-european-championships-2026-therme-olimia-12A-A2A3,red_country,CROATIE,Croatia,resolved
cesav-youth-european-championships-2026-therme-olimia-12A-A2A3,blue_country,FRANCE,France,resolved
cesav-youth-european-championships-2026-therme-olimia-12A-A2A4,red_country,CROATIE,Croatia,resolved
cesav-youth-european-championships-2026-therme-olimia-12A-A2A4,blue_country,TURQUIE,Turkey,resolved
cesav-youth-european-championships-2026-therme-olimia-12A-A3A4,red_country,FRANCE,France,resolved
cesav-youth-european-championships-2026-therme-olimia-12A-A3A4,blue_country,TURQUIE,Turkey,resolved
cesav-youth-european-championships-2026-therme-olimia-12B-B1B2,red_country,SERBIE,Serbia,resolved
cesav-youth-european-championships-2026-therme-olimia-12B-B1B2,blue_country,UKRAINE,Ukraine,resolved
cesav-youth-european-championships-2026-therme-olimia-12B-B1B3,red_country,SERBIE,Serbia,resolved
cesav-youth-european-championships-2026-therme-olimia-12B-B1B3,blue_country,SLOVENIE,Slovenia,resolved
cesav-youth-european-championships-2026-therme-olimia-12B-B1B4,red_country,SERBIE,Serbia,resolved
cesav-youth-european-championships-2026-therme-olimia-12B-B1B4,blue_country,BULGARIE,Bulgaria,resolved
cesav-youth-european-championships-2026-therme-olimia-12B-B2B3,red_country,UKRAINE,Ukraine,resolved
cesav-youth-european-championships-2026-therme-olimia-12B-B2B3,blue_country,SLOVENIE,Slovenia,resolved
cesav-youth-european-championships-2026-therme-olimia-12B-B2B4,red_country,UKRAINE,Ukraine,resolved
cesav-youth-european-championships-2026-therme-olimia-12B-B2B4,blue_country,BULGARIE,Bulgaria,resolved
cesav-youth-european-championships-2026-therme-olimia-12B-B3B4,red_country,SLOVENIE,Slovenia,resolved
cesav-youth-european-championships-2026-therme-olimia-12B-B3B4,blue_country,BULGARIE,Bulgaria,resolved
cesav-youth-european-championships-2026-therme-olimia-12-semi01,red_country,FRANCE,France,resolved
cesav-youth-european-championships-2026-therme-olimia-12-semi01,blue_country,SERBIE,Serbia,resolved
cesav-youth-european-championships-2026-therme-olimia-12-semi02,red_country,BULGARIE,Bulgaria,resolved
cesav-youth-european-championships-2026-therme-olimia-12-semi02,blue_country,CROATIE,Croatia,resolved
cesav-youth-european-championships-2026-therme-olimia-12-final01,red_country,FRANCE,France,resolved
cesav-youth-european-championships-2026-therme-olimia-12-final01,blue_country,BULGARIE,Bulgaria,resolved
cesav-youth-european-championships-2026-therme-olimia-13A-A1A2,red_country,ITALIE,Italy,resolved
cesav-youth-european-championships-2026-therme-olimia-13A-A1A2,blue_country,SLOVENIE,Slovenia,resolved
cesav-youth-european-championships-2026-therme-olimia-13A-A1A3,red_country,ITALIE,Italy,resolved
cesav-youth-european-championships-2026-therme-olimia-13A-A1A3,blue_country,UKRAINE,Ukraine,resolved
cesav-youth-european-championships-2026-therme-olimia-13A-A1A4,red_country,ITALIE,Italy,resolved
cesav-youth-european-championships-2026-therme-olimia-13A-A1A4,blue_country,BELGIQUE,Belgium,resolved
cesav-youth-european-championships-2026-therme-olimia-13A-A2A3,red_country,SLOVENIE,Slovenia,resolved
cesav-youth-european-championships-2026-therme-olimia-13A-A2A3,blue_country,UKRAINE,Ukraine,resolved
cesav-youth-european-championships-2026-therme-olimia-13A-A2A4,red_country,SLOVENIE,Slovenia,resolved
cesav-youth-european-championships-2026-therme-olimia-13A-A2A4,blue_country,BELGIQUE,Belgium,resolved
cesav-youth-european-championships-2026-therme-olimia-13A-A3A4,red_country,UKRAINE,Ukraine,resolved
cesav-youth-european-championships-2026-therme-olimia-13A-A3A4,blue_country,BELGIQUE,Belgium,resolved
cesav-youth-european-championships-2026-therme-olimia-13B-B1B2,red_country,FRANCE,France,resolved
cesav-youth-european-championships-2026-therme-olimia-13B-B1B2,blue_country,TURQUIE,Turkey,resolved
cesav-youth-european-championships-2026-therme-olimia-13B-B1B3,red_country,FRANCE,France,resolved
cesav-youth-european-championships-2026-therme-olimia-13B-B1B3,blue_country,BULGARIE,Bulgaria,resolved
cesav-youth-european-championships-2026-therme-olimia-13B-B1B4,red_country,FRANCE,France,resolved
cesav-youth-european-championships-2026-therme-olimia-13B-B1B4,blue_country,SERBIE,Serbia,resolved
cesav-youth-european-championships-2026-therme-olimia-13B-B2B3,red_country,TURQUIE,Turkey,resolved
cesav-youth-european-championships-2026-therme-olimia-13B-B2B3,blue_country,BULGARIE,Bulgaria,resolved
cesav-youth-european-championships-2026-therme-olimia-13B-B2B4,red_country,TURQUIE,Turkey,resolved
cesav-youth-european-championships-2026-therme-olimia-13B-B2B4,blue_country,SERBIE,Serbia,resolved
cesav-youth-european-championships-2026-therme-olimia-13B-B3B4,red_country,BULGARIE,Bulgaria,resolved
cesav-youth-european-championships-2026-therme-olimia-13B-B3B4,blue_country,SERBIE,Serbia,resolved
cesav-youth-european-championships-2026-therme-olimia-13-semi01,red_country,ITALIE,Italy,resolved
cesav-youth-european-championships-2026-therme-olimia-13-semi01,blue_country,TURQUIE,Turkey,resolved
cesav-youth-european-championships-2026-therme-olimia-13-semi02,red_country,FRANCE,France,resolved
cesav-youth-european-championships-2026-therme-olimia-13-semi02,blue_country,BELGIQUE,Belgium,resolved
cesav-youth-european-championships-2026-therme-olimia-13-final01,red_country,ITALIE,Italy,resolved
cesav-youth-european-championships-2026-therme-olimia-13-final01,blue_country,FRANCE,France,resolved
cesav-youth-european-championships-2026-therme-olimia-14A-A1A2,red_country,TURQUIE,Turkey,resolved
cesav-youth-european-championships-2026-therme-olimia-14A-A1A2,blue_country,GRECE,Greece,resolved
cesav-youth-european-championships-2026-therme-olimia-14A-A1A3,red_country,TURQUIE,Turkey,resolved
cesav-youth-european-championships-2026-therme-olimia-14A-A1A3,blue_country,SERBIE,Serbia,resolved
cesav-youth-european-championships-2026-therme-olimia-14A-A1A4,red_country,TURQUIE,Turkey,resolved
cesav-youth-european-championships-2026-therme-olimia-14A-A1A4,blue_country,UKRAINE,Ukraine,resolved
cesav-youth-european-championships-2026-therme-olimia-14A-A2A3,red_country,GRECE,Greece,resolved
cesav-youth-european-championships-2026-therme-olimia-14A-A2A3,blue_country,SERBIE,Serbia,resolved
cesav-youth-european-championships-2026-therme-olimia-14A-A2A4,red_country,GRECE,Greece,resolved
cesav-youth-european-championships-2026-therme-olimia-14A-A2A4,blue_country,UKRAINE,Ukraine,resolved
cesav-youth-european-championships-2026-therme-olimia-14A-A3A4,red_country,SERBIE,Serbia,resolved
cesav-youth-european-championships-2026-therme-olimia-14A-A3A4,blue_country,UKRAINE,Ukraine,resolved
cesav-youth-european-championships-2026-therme-olimia-14B-B1B2,red_country,BULGARIE,Bulgaria,resolved
cesav-youth-european-championships-2026-therme-olimia-14B-B1B2,blue_country,ITALIE,Italy,resolved
cesav-youth-european-championships-2026-therme-olimia-14B-B1B3,red_country,BULGARIE,Bulgaria,resolved
cesav-youth-european-championships-2026-therme-olimia-14B-B1B3,blue_country,FRANCE,France,resolved
cesav-youth-european-championships-2026-therme-olimia-14B-B1B4,red_country,BULGARIE,Bulgaria,resolved
cesav-youth-european-championships-2026-therme-olimia-14B-B1B4,blue_country,SLOVENIE,Slovenia,resolved
cesav-youth-european-championships-2026-therme-olimia-14B-B2B3,red_country,ITALIE,Italy,resolved
cesav-youth-european-championships-2026-therme-olimia-14B-B2B3,blue_country,FRANCE,France,resolved
cesav-youth-european-championships-2026-therme-olimia-14B-B2B4,red_country,ITALIE,Italy,resolved
cesav-youth-european-championships-2026-therme-olimia-14B-B2B4,blue_country,SLOVENIE,Slovenia,resolved
cesav-youth-european-championships-2026-therme-olimia-14B-B3B4,red_country,FRANCE,France,resolved
cesav-youth-european-championships-2026-therme-olimia-14B-B3B4,blue_country,SLOVENIE,Slovenia,resolved
cesav-youth-european-championships-2026-therme-olimia-14-semi01,red_country,SERBIE,Serbia,resolved
cesav-youth-european-championships-2026-therme-olimia-14-semi01,blue_country,ITALIE,Italy,resolved
cesav-youth-european-championships-2026-therme-olimia-14-semi02,red_country,FRANCE,France,resolved
cesav-youth-european-championships-2026-therme-olimia-14-semi02,blue_country,TURQUIE,Turkey,resolved
cesav-youth-european-championships-2026-therme-olimia-14-final01,red_country,ITALIE,Italy,resolved
cesav-youth-european-championships-2026-therme-olimia-14-final01,blue_country,FRANCE,France,resolved
cesav-youth-european-championships-2026-therme-olimia-15A-A1A2,red_country,FRANCE,France,resolved
cesav-youth-european-championships-2026-therme-olimia-15A-A1A2,blue_country,CROATIE,Croatia,resolved
cesav-youth-european-championships-2026-therme-olimia-15A-A1A3,red_country,FRANCE,France,resolved
cesav-youth-european-championships-2026-therme-olimia-15A-A1A3,blue_country,BELGIQUE,Belgium,resolved
cesav-youth-european-championships-2026-therme-olimia-15A-A1A4,red_country,FRANCE,France,resolved
cesav-youth-european-championships-2026-therme-olimia-15A-A1A4,blue_country,SERBIE,Serbia,resolved
cesav-youth-european-championships-2026-therme-olimia-15A-A1A5,red_country,FRANCE,France,resolved
cesav-youth-european-championships-2026-therme-olimia-15A-A1A5,blue_country,TURQUIE,Turkey,resolved
cesav-youth-european-championships-2026-therme-olimia-15A-A2A3,red_country,CROATIE,Croatia,resolved
cesav-youth-european-championships-2026-therme-olimia-15A-A2A3,blue_country,BELGIQUE,Belgium,resolved
cesav-youth-european-championships-2026-therme-olimia-15A-A2A4,red_country,CROATIE,Croatia,resolved
cesav-youth-european-championships-2026-therme-olimia-15A-A2A4,blue_country,SERBIE,Serbia,resolved
cesav-youth-european-championships-2026-therme-olimia-15A-A2A5,red_country,CROATIE,Croatia,resolved
cesav-youth-european-championships-2026-therme-olimia-15A-A2A5,blue_country,TURQUIE,Turkey,resolved
cesav-youth-european-championships-2026-therme-olimia-15A-A3A4,red_country,BELGIQUE,Belgium,resolved
cesav-youth-european-championships-2026-therme-olimia-15A-A3A4,blue_country,SERBIE,Serbia,resolved
cesav-youth-european-championships-2026-therme-olimia-15A-A3A5,red_country,BELGIQUE,Belgium,resolved
cesav-youth-european-championships-2026-therme-olimia-15A-A3A5,blue_country,TURQUIE,Turkey,resolved
cesav-youth-european-championships-2026-therme-olimia-15A-A4A5,red_country,SERBIE,Serbia,resolved
cesav-youth-european-championships-2026-therme-olimia-15A-A4A5,blue_country,TURQUIE,Turkey,resolved
cesav-youth-european-championships-2026-therme-olimia-15-final01,red_country,CROATIE,Croatia,resolved
cesav-youth-european-championships-2026-therme-olimia-15-final01,blue_country,FRANCE,France,resolved
cesav-youth-european-championships-2026-therme-olimia-16A-A1A2,red_country,FRANCE,France,resolved
cesav-youth-european-championships-2026-therme-olimia-16A-A1A2,blue_country,SERBIE,Serbia,resolved
cesav-youth-european-championships-2026-therme-olimia-16A-A1A3,red_country,FRANCE,France,resolved
cesav-youth-european-championships-2026-therme-olimia-16A-A1A3,blue_country,GRECE,Greece,resolved
cesav-youth-european-championships-2026-therme-olimia-16A-A2A3,red_country,SERBIE,Serbia,resolved
cesav-youth-european-championships-2026-therme-olimia-16A-A2A3,blue_country,GRECE,Greece,resolved
cesav-youth-european-championships-2026-therme-olimia-16-final01,red_country,SERBIE,Serbia,resolved
cesav-youth-european-championships-2026-therme-olimia-16-final01,blue_country,FRANCE,France,resolved
cesav-youth-european-championships-2026-therme-olimia-17A-A1A2,red_country,FRANCE,France,resolved
cesav-youth-european-championships-2026-therme-olimia-17A-A1A2,blue_country,GRECE,Greece,resolved
cesav-youth-european-championships-2026-therme-olimia-17A-A1A3,red_country,FRANCE,France,resolved
cesav-youth-european-championships-2026-therme-olimia-17A-A1A3,blue_country,TURQUIE,Turkey,resolved
cesav-youth-european-championships-2026-therme-olimia-17A-A1A4,red_country,FRANCE,France,resolved
cesav-youth-european-championships-2026-therme-olimia-17A-A1A4,blue_country,SLOVENIE,Slovenia,resolved
cesav-youth-european-championships-2026-therme-olimia-17A-A2A3,red_country,GRECE,Greece,resolved
cesav-youth-european-championships-2026-therme-olimia-17A-A2A3,blue_country,TURQUIE,Turkey,resolved
cesav-youth-european-championships-2026-therme-olimia-17A-A2A4,red_country,GRECE,Greece,resolved
cesav-youth-european-championships-2026-therme-olimia-17A-A2A4,blue_country,SLOVENIE,Slovenia,resolved
cesav-youth-european-championships-2026-therme-olimia-17A-A3A4,red_country,TURQUIE,Turkey,resolved
cesav-youth-european-championships-2026-therme-olimia-17A-A3A4,blue_country,SLOVENIE,Slovenia,resolved
cesav-youth-european-championships-2026-therme-olimia-17-final01,red_country,FRANCE,France,resolved
cesav-youth-european-championships-2026-therme-olimia-17-final01,blue_country,GRECE,Greece,resolved
ffsu-championnat-de-france-universitaire-savate-bf-2024-meze-women-minus-55-kg-04,red_club,A.S UFC / SMP,A.SUFC / SMP,repaired
ffsu-championnat-de-france-universitaire-savate-bf-2024-meze-women-minus-55-kg-08,blue_club,A.S UFC / SMP,A.SUFC / SMP,repaired
ffsu-championnat-de-france-universitaire-savate-bf-2024-meze-women-minus-55-kg-11,blue_club,A.S UFC / SMP,A.SUFC / SMP,repaired
ffsu-championnat-de-france-universitaire-savate-bf-2024-meze-women-minus-60-kg-01,blue_club,ASE U LILLE DROIT,ASE ULILLE DROIT,repaired
ffsu-championnat-de-france-universitaire-savate-bf-2024-meze-women-minus-60-kg-03,red_club,ASE U LILLE MEDECINE,ASE ULILLE MEDECINE,repaired
ffsu-championnat-de-france-universitaire-savate-bf-2024-meze-women-minus-60-kg-05,red_club,ASE U LILLE DROIT,ASE ULILLE DROIT,repaired
ffsu-championnat-de-france-universitaire-savate-bf-2024-meze-women-minus-60-kg-08,red_club,ASE U LILLE DROIT,ASE ULILLE DROIT,repaired
ffsu-championnat-de-france-universitaire-savate-bf-2024-meze-women-minus-60-kg-09,red_club,ASE U LILLE MEDECINE,ASE ULILLE MEDECINE,repaired
ffsu-championnat-de-france-universitaire-savate-bf-2024-meze-women-minus-70-kg-01,blue_club,ASU RENNES - U RENNES,ASU RENNES - URENNES,repaired
ffsu-championnat-de-france-universitaire-savate-bf-2024-meze-women-minus-70-kg-04,red_club,ASU RENNES - U RENNES,ASU RENNES - URENNES,repaired
ffsu-championnat-de-france-universitaire-savate-bf-2024-meze-women-minus-70-kg-06,red_club,ASU RENNES - U RENNES,ASU RENNES - URENNES,repaired
ffsu-championnat-de-france-universitaire-savate-bf-2024-meze-women-plus-70-kg-02,blue_club,ASE U LILLE STAPS,ASE ULILLE STAPS,repaired
ffsu-championnat-de-france-universitaire-savate-bf-2024-meze-women-plus-70-kg-05,blue_club,ASE U LILLE STAPS,ASE ULILLE STAPS,repaired
ffsu-championnat-de-france-universitaire-savate-bf-2024-meze-women-plus-70-kg-10,blue_club,ASE U LILLE STAPS,ASE ULILLE STAPS,repaired
ffsu-championnat-de-france-universitaire-savate-bf-2024-meze-men-minus-60-kg-06,blue_club,ASE U LILLE STAPS,ASE ULILLE STAPS,repaired
ffsu-championnat-de-france-universitaire-savate-bf-2024-meze-men-minus-60-kg-09,blue_club,ASE U LILLE STAPS,ASE ULILLE STAPS,repaired
ffsu-championnat-de-france-universitaire-savate-bf-2024-meze-men-minus-65-kg-03,red_club,ASE U LILLE S.H.S.,ASE ULILLE S.H.S.,repaired
ffsu-championnat-de-france-universitaire-savate-bf-2024-meze-men-minus-65-kg-09,red_club,ASE U LILLE S.H.S.,ASE ULILLE S.H.S.,repaired
ffsu-championnat-de-france-universitaire-savate-bf-2024-meze-men-minus-70-kg-02,blue_club,ASU RENNES - U RENNES,ASU RENNES - URENNES,repaired
ffsu-championnat-de-france-universitaire-savate-bf-2024-meze-men-minus-70-kg-04,red_club,ASU RENNES - U RENNES,ASU RENNES - URENNES,repaired
ffsu-championnat-de-france-universitaire-savate-bf-2024-meze-men-minus-76-kg-02,red_club,ASE U LILLE ST,ASE ULILLE ST,repaired
ffsu-championnat-de-france-universitaire-savate-bf-2024-meze-men-minus-76-kg-03,red_club,A.S UFC / SMP,A.SUFC / SMP,repaired
ffsu-championnat-de-france-universitaire-savate-bf-2024-meze-men-minus-76-kg-07,blue_club,ASE U LILLE ST,ASE ULILLE ST,repaired
ffsu-championnat-de-france-universitaire-savate-bf-2024-meze-men-minus-76-kg-08,red_club,A.S UFC / SMP,A.SUFC / SMP,repaired
ffsu-championnat-de-france-universitaire-savate-bf-2024-meze-men-minus-76-kg-11,blue_club,ASE U LILLE ST,ASE ULILLE ST,repaired
ffsu-championnat-de-france-universitaire-savate-bf-2024-meze-men-minus-76-kg-13,red_club,A.S UFC / SMP,A.SUFC / SMP,repaired
ffsu-championnat-de-france-universitaire-savate-bf-2024-meze-men-minus-82-kg-01,red_club,ASE U LILLE STAPS,ASE ULILLE STAPS,repaired
ffsu-championnat-de-france-universitaire-savate-bf-2024-meze-men-minus-82-kg-03,red_club,ASE U LILLE STAPS,ASE ULILLE STAPS,repaired
ffsu-championnat-de-france-universitaire-savate-bf-2024-meze-men-minus-82-kg-05,red_club,ASE U LILLE STAPS,ASE ULILLE STAPS,repaired
ffsu-championnat-de-france-universitaire-savate-bf-2024-meze-men-plus-82-kg-01,red_club,ASU RENNES - U RENNES,ASU RENNES - URENNES,repaired
ffsu-championnat-de-france-universitaire-savate-bf-2024-meze-men-plus-82-kg-07,red_club,ASU RENNES - U RENNES,ASU RENNES - URENNES,repaired
ffsavate-open-de-france-assaut-2024-03-final,red_club,U.S CRETEIL,U.SCRETEIL,repaired
hrvatska-combat-championship-finals-zelina-2016-01-final,blue,Kristina Sokolid,Kristina SOKOLIC,repaired
hrvatska-combat-championship-finals-zelina-2016-01-final,loser,Kristina Sokolid,Kristina SOKOLIC,repaired
hrvatska-combat-championship-finals-zelina-2016-02-final,red,Luka Hunid,Luka HUNIC,repaired
hrvatska-combat-championship-finals-zelina-2016-02-final,winner,Luka Hunid,Luka HUNIC,repaired
hrvatska-combat-championship-finals-zelina-2016-05-final,blue,Jadre Pavičid,Jadre Pavičić,repaired
hrvatska-combat-championship-finals-zelina-2016-05-final,loser,Jadre Pavičid,Jadre Pavičić,repaired
hrvatska-combat-championship-finals-zelina-2016-06-final,blue,Martina Žilid,Martina ZILIC,repaired
hrvatska-combat-championship-finals-zelina-2016-06-final,loser,Martina Žilid,Martina ZILIC,repaired
hrvatska-combat-championship-finals-zelina-2016-09-final,red,Matej Batinid,Matej BATINIC,repaired
hrvatska-combat-championship-finals-zelina-2016-09-final,blue,Marijan Belid,Marijan Belic,repaired
hrvatska-combat-championship-finals-zelina-2016-09-final,winner,Matej Batinid,Matej BATINIC,repaired
hrvatska-combat-championship-finals-zelina-2016-09-final,loser,Marijan Belid,Marijan Belic,repaired
hrvatska-combat-championship-finals-zelina-2016-10-final,blue,Antun Viličid,Antun VILICIC,repaired
hrvatska-combat-championship-finals-zelina-2016-10-final,loser,Antun Viličid,Antun VILICIC,repaired
memorijal-jean-michel-nicolier-vukovar-2015-002,blue,Ivan Vukovid,Ivan VUKOVIC,repaired
memorijal-jean-michel-nicolier-vukovar-2015-002,loser,Ivan Vukovid,Ivan VUKOVIC,repaired
memorijal-jean-michel-nicolier-vukovar-2015-006,red,Jadre Pavičid,Jadre Pavičić,repaired
memorijal-jean-michel-nicolier-vukovar-2015-006,winner,Jadre Pavičid,Jadre Pavičić,repaired
memorijal-jean-michel-nicolier-vukovar-2015-007,red,Jan Mikulid,Jan MIKULIĆ,repaired
memorijal-jean-michel-nicolier-vukovar-2015-007,winner,Jan Mikulid,Jan MIKULIĆ,repaired
memorijal-jean-michel-nicolier-vukovar-2015-008,red,Emanuel Pikutid,Emanuel PIKUTIĆ,repaired
memorijal-jean-michel-nicolier-vukovar-2015-008,winner,Emanuel Pikutid,Emanuel PIKUTIĆ,repaired
memorijal-jean-michel-nicolier-vukovar-2015-009,red,Leonard Lovrid,Leonard Lovrić,repaired
memorijal-jean-michel-nicolier-vukovar-2015-009,winner,Leonard Lovrid,Leonard Lovrić,repaired
memorijal-jean-michel-nicolier-vukovar-2015-017,blue,Petra Mikulid,Petra MIKULIĆ,repaired
memorijal-jean-michel-nicolier-vukovar-2015-017,loser,Petra Mikulid,Petra MIKULIĆ,repaired
memorijal-jean-michel-nicolier-vukovar-2015-023,blue,Jadre Pavičid,Jadre Pavičić,repaired
memorijal-jean-michel-nicolier-vukovar-2015-023,winner,Jadre Pavičid,Jadre Pavičić,repaired
ffsbf-premium-demi-finales-11-mars-2023-p1-02,red_club,CS MEAUX BOXE ACT PUGILISTIQUE,CSMEAUX BOXE ACT PUGILISTIQUE,repaired
ffsbf-elite-a-demi-finales-calais-2023-03-final,red_club,U S CRETEIL,USCRETEIL,repaired
ffsbf-elite-a-demi-finales-calais-2023-05-final,blue_club,B.F.S STRASBOURG,B.F.SSTRASBOURG,repaired
ffsbf-premium-demi-finales-calais-2023-04-final,blue_club,C S MEAUX BOXE,CSMEAUX BOXE,repaired
ffsbf-2e-serie-juniors-toreilles-2023-01-final,blue_club,M J C SAVATE COTOISE,MJCSAVATE COTOISE,repaired
ffsbf-2e-serie-juniors-toreilles-2023-02-final,blue_club,M J C SAVATE COTTOISE,MJCSAVATE COTTOISE,repaired
ffsbf-2e-serie-juniors-toreilles-2023-07-final,blue_club,S B C QUARTIER FRANÇAIS,SBCQUARTIER FRANÇAIS,repaired
ffsbf-2e-serie-juniors-toreilles-2023-12-final,blue_club,M J C SAVATE COTTOISE,MJCSAVATE COTTOISE,repaired
ffsbf-open-de-france-assaut-2023-09-final,blue_club,B.F.S BFS Strasbourg,B.F.SBFS Strasbourg,repaired
ffsbf-elite-a-livret-2024-005,red,LE DAMANY Stella BAC9savate 75057,,dropped: contains digits
ffsbf-elite-a-livret-2024-009,red,LEVET Maéva Cervus Impact Muratais 15009,,dropped: contains digits
ffsbf-elite-a-livret-2024-010,blue,SANGARE Adama Saint-Malo Boxe Fran?aise 35025,,dropped: contains digits
ffsbf-elite-a-livret-2024-018,red,HADJAM Merowan Spartan Boxing Club 26024,,dropped: contains digits
ffsbf-elite-a-livret-2024-020,blue_club,M J C SAVATE COTOISE 38023,MJCSAVATE COTOISE 38023,repaired
ffsbf-elite-a-livret-2024-023,blue,DELARIVE Matthieu BAC9savate 75057,,dropped: contains digits
ffsbf-elite-a-armentieres-2024-001,red_club,U S CRETEIL 94002,USCRETEIL 94002,repaired
ffsbf-elite-a-armentieres-2024-003,blue,SANGARE Adama Saint-Malo Boxe Française 35025,,dropped: contains digits
ffsbf-premium-livret-2024-004,red_club,M J C SAVATE COTOISE 38023,MJCSAVATE COTOISE 38023,repaired
ffsbf-premium-livret-2024-009,red,BAABAN A BAROUNG Pharelle Akouan International,BAABAN ABAROUNG Pharelle Akouan,repaired
ffsbf-premium-livret-2024-009,blue_club,A S D P T Savate Menton 6022,AS D P T Savate Menton 6022,repaired
ffsbf-premium-livret-2024-010,blue_club,M J C SAVATE COTOISE 38023,MJCSAVATE COTOISE 38023,repaired
ffsbf-premium-livret-2024-015,red_club,L IMPACT SBF 59050,LIMPACT SBF 59050,repaired
ffsbf-premium-livret-2024-023,red_club,AVENIR SPORTIF D ORLY 94014,AVENIR SPORTIF DORLY 94014,repaired
ffsbf-premium-livret-2024-024,red,MATHON Charly Dynamik Boxing Club Frontignan 34037,,dropped: contains digits
ffsbf-elite-a-finales-vandoeuvre-2024-001,red_club,U S CRETEIL,USCRETEIL,repaired
ffsbf-assaut-finales-calais-2024-10-final,blue,CALIZINGOUE Hypolyte NICE BOXING TEAM FRANK MAY (6001),FRANK MAY,repaired
ffsbf-assaut-finales-calais-2024-10-final,blue_country,6001,6001,unresolved: kept verbatim
ffsbf-assaut-finales-calais-2024-10-final,loser,CALIZINGOUE Hypolyte NICE BOXING TEAM FRANK MAY (6001),FRANK MAY,repaired
ffsbf-savate-pro-la-motte-servolex-2024-04-final,blue_club,M J C SAVATE COTOISE,MJCSAVATE COTOISE,repaired
ffsbf-open-national-le-puy-2025-07-final,blue_club,U S CRETEIL,USCRETEIL,repaired
ffsbf-tour-eliminatoire-biancotto-2025-22-final,blue_club,U.S CRETEIL,U.SCRETEIL,repaired
ffsbf-open-automne-merignac-2025-06-final,blue_club,S SAVATITUDE,SSAVATITUDE,repaired
ffsbf-open-automne-merignac-2025-07-final,blue_club,S SAVATITUDE,SSAVATITUDE,repaired
ffsbf-open-assaut-calais-2026-13-final,red_club,- U S CRETEIL,- USCRETEIL,repaired
ffsbf-open-assaut-calais-2026-14-final,blue_club,saliou - U S CRETEIL,saliou - USCRETEIL,repaired
ffsbf-veterans-merignac-2026-12-final,red_club,– CERCLE DE B F ERMONT,– CERCLE DE BFERMONT,repaired
ffsu-cfu-savate-bf-2023-individuel-masculin-men-minus-60-kg-01,red_club,ASE U LILLE STAPS,ASE ULILLE STAPS,repaired
ffsu-cfu-savate-bf-2023-individuel-masculin-men-minus-60-kg-03,red_club,ASE U LILLE STAPS,ASE ULILLE STAPS,repaired
ffsu-cfu-savate-bf-2023-individuel-masculin-men-minus-60-kg-05,red_club,ASE U LILLE STAPS,ASE ULILLE STAPS,repaired
ffsu-cfu-savate-bf-2023-individuel-masculin-men-minus-60-kg-07,red_club,ASE U LILLE STAPS,ASE ULILLE STAPS,repaired
ffsu-cfu-savate-bf-2023-individuel-masculin-men-minus-60-kg-09,red_club,ASE U LILLE STAPS,ASE ULILLE STAPS,repaired
ffsu-cfu-savate-bf-2023-individuel-masculin-men-minus-60-kg-11,red_club,ASE U LILLE STAPS,ASE ULILLE STAPS,repaired
ffsu-cfu-savate-bf-2023-individuel-masculin-men-minus-70-kg-06,blue_club,A.S UFC / SMP,A.SUFC / SMP,repaired
ffsu-cfu-savate-bf-2023-individuel-masculin-men-minus-70-kg-09,blue_club,A.S UFC / SMP,A.SUFC / SMP,repaired
ffsu-cfu-savate-bf-2023-individuel-masculin-men-minus-76-kg-04,red_club,ASE U LILLE STAPS,ASE ULILLE STAPS,repaired
ffsu-cfu-savate-bf-2023-individuel-masculin-men-minus-76-kg-05,red_club,ASE U LILLE CHIMIE,ASE ULILLE CHIMIE,repaired
ffsu-cfu-savate-bf-2023-individuel-masculin-men-minus-76-kg-09,blue_club,ASE U LILLE STAPS,ASE ULILLE STAPS,repaired
ffsu-cfu-savate-bf-2023-individuel-masculin-men-minus-76-kg-13,blue_club,ASE U LILLE STAPS,ASE ULILLE STAPS,repaired
ffsu-cfu-savate-bf-2023-individuel-masculin-men-minus-76-kg-15,red_club,ASE U LILLE CHIMIE,ASE ULILLE CHIMIE,repaired
ffsu-cfu-savate-bf-2023-individuel-feminin-women-minus-55-kg-04,blue,Q DELAPLESSE ARWEN,QDELAPLESSE ARWEN,repaired
ffsu-cfu-savate-bf-2023-individuel-feminin-women-minus-55-kg-04,loser,Q DELAPLESSE ARWEN,QDELAPLESSE ARWEN,repaired
ffsu-cfu-savate-bf-2023-individuel-feminin-women-minus-55-kg-09,red,Q DELAPLESSE ARWEN,QDELAPLESSE ARWEN,repaired
ffsu-cfu-savate-bf-2023-individuel-feminin-women-minus-55-kg-09,winner,Q DELAPLESSE ARWEN,QDELAPLESSE ARWEN,repaired
ffsu-cfu-savate-bf-2023-individuel-feminin-women-minus-65-kg-01,blue_club,ASE U LILLE DROIT,ASE ULILLE DROIT,repaired
ffsu-cfu-savate-bf-2023-individuel-feminin-women-minus-65-kg-06,red_club,ASE U LILLE DROIT,ASE ULILLE DROIT,repaired
ffsu-cfu-savate-bf-2023-individuel-feminin-women-minus-65-kg-10,red_club,ASE U LILLE DROIT,ASE ULILLE DROIT,repaired
ffsu-cfu-savate-bf-2023-individuel-feminin-women-plus-70-kg-02,blue_club,ASE U LILLE STAPS,ASE ULILLE STAPS,repaired
ffsu-cfu-savate-bf-2023-individuel-feminin-women-plus-70-kg-04,red_club,ASE U LILLE STAPS,ASE ULILLE STAPS,repaired
ffsu-cfu-savate-bf-2025-montlucon-women-minus-50-kg-01,red_club,ASE U LILLE S.H.S.,ASE ULILLE S.H.S.,repaired
ffsu-cfu-savate-bf-2025-montlucon-women-minus-50-kg-03,red_club,ASE U LILLE S.H.S.,ASE ULILLE S.H.S.,repaired
ffsu-cfu-savate-bf-2025-montlucon-women-minus-55-kg-01,red_club,UNIV PARIS SACLAY ORSAY U VERSAILLES,UNIV PARIS SACLAY ORSAY UVERSAILLES,repaired
ffsu-cfu-savate-bf-2025-montlucon-women-minus-55-kg-03,red_club,A.S UFC / SMP,A.SUFC / SMP,repaired
ffsu-cfu-savate-bf-2025-montlucon-women-minus-55-kg-09,red_club,UNIV PARIS SACLAY ORSAY U VERSAILLES,UNIV PARIS SACLAY ORSAY UVERSAILLES,repaired
ffsu-cfu-savate-bf-2025-montlucon-women-minus-55-kg-11,red_club,A.S UFC / SMP,A.SUFC / SMP,repaired
ffsu-cfu-savate-bf-2025-montlucon-women-minus-60-kg-04,red_club,ASE U LILLE STAPS,ASE ULILLE STAPS,repaired
ffsu-cfu-savate-bf-2025-montlucon-women-minus-60-kg-06,red_club,ASE U LILLE STAPS,ASE ULILLE STAPS,repaired
ffsu-cfu-savate-bf-2025-montlucon-women-minus-65-kg-02,blue_club,A.S UFC / SMP,A.SUFC / SMP,repaired
ffsu-cfu-savate-bf-2025-montlucon-women-minus-65-kg-03,blue_club,A.S UFC / SMP,A.SUFC / SMP,repaired
ffsu-cfu-savate-bf-2025-montlucon-women-plus-70-kg-03,red_club,A.S UFC / ST,A.SUFC / ST,repaired
ffsu-cfu-savate-bf-2025-montlucon-men-minus-60-kg-02,blue_club,ASE U LILLE STAPS,ASE ULILLE STAPS,repaired
ffsu-cfu-savate-bf-2025-montlucon-men-minus-60-kg-03,blue_club,ASU RENNES - U RENNES,ASU RENNES - URENNES,repaired
ffsu-cfu-savate-bf-2025-montlucon-men-minus-60-kg-05,red_club,ASE U LILLE STAPS,ASE ULILLE STAPS,repaired
ffsu-cfu-savate-bf-2025-montlucon-men-minus-60-kg-06,red_club,ASU RENNES - U RENNES,ASU RENNES - URENNES,repaired
ffsu-cfu-savate-bf-2025-montlucon-men-minus-65-kg-04,red_club,ASE U LILLE STAPS,ASE ULILLE STAPS,repaired
ffsu-cfu-savate-bf-2025-montlucon-men-minus-65-kg-07,red_club,ASE U LILLE STAPS,ASE ULILLE STAPS,repaired
ffsu-cfu-savate-bf-2025-montlucon-men-minus-76-kg-02,blue_club,ASE U LILLE STAPS,ASE ULILLE STAPS,repaired
ffsu-cfu-savate-bf-2025-montlucon-men-minus-76-kg-04,blue_club,ASE U LILLE STAPS,ASE ULILLE STAPS,repaired
ffsu-cfu-savate-bf-2025-montlucon-men-minus-76-kg-08,blue_club,ASE U LILLE STAPS,ASE ULILLE STAPS,repaired
ffsu-cfu-savate-bf-2025-montlucon-men-minus-82-kg-02,blue_club,ASE U LILLE STAPS,ASE ULILLE STAPS,repaired
ffsu-cfu-savate-bf-2025-montlucon-men-minus-82-kg-03,blue_club,ASE U LILLE STAPS,ASE ULILLE STAPS,repaired
ffsu-cfu-savate-bf-2025-montlucon-men-minus-82-kg-05,red_club,ASE U LILLE STAPS,ASE ULILLE STAPS,repaired
ffsu-cfu-savate-bf-2025-montlucon-men-minus-82-kg-05,blue_club,A.S UFC / SMP,A.SUFC / SMP,repaired
ffsu-cfu-savate-bf-2025-montlucon-men-minus-82-kg-06,red_club,ASE U LILLE STAPS,ASE ULILLE STAPS,repaired
ffsu-cfu-savate-bf-2025-montlucon-men-minus-82-kg-08,blue_club,A.S UFC / SMP,A.SUFC / SMP,repaired
ffsu-cfu-savate-bf-2025-montlucon-men-plus-82-kg-02,blue_club,ASE U LILLE S.H.S.,ASE ULILLE S.H.S.,repaired
ffsu-cfu-savate-bf-2025-montlucon-men-plus-82-kg-04,blue_club,ASE U LILLE S.H.S.,ASE ULILLE S.H.S.,repaired
ffsu-cfu-savate-bf-2025-montlucon-men-plus-82-kg-08,blue_club,ASE U LILLE S.H.S.,ASE ULILLE S.H.S.,repaired
fisav-world-combat-2019-hammamet-pool-junior-men-56-01-p01,red,QI,,dropped: too short to be a name
fisav-world-combat-2019-hammamet-pool-junior-men-56-01-p02,red,QI,,dropped: too short to be a name
fisav-world-combat-2019-hammamet-pool-junior-men-56-01-p03,red,QI,,dropped: too short to be a name
fisav-world-combat-2025-qualifying-pool-results-p19-final01,red,- NANDI Chloe,NANDI Chloe,repaired
fisav-world-combat-2025-qualifying-pool-results-p19-final01,blue,- Lee Lalić,Lee Lalić,repaired
fisav-world-combat-2025-qualifying-pool-results-p21-final01,blue,- Katarina Klarić,Katarina Klarić,repaired
fisav-world-combat-2025-qualifying-pool-results-p24-final01,red,- Lucija Bilobrk,Lucija Bilobrk,repaired
fisav-world-combat-2025-qualifying-pool-results-p24-final01,blue,- DIRINGER Viviane,DIRINGER Viviane,repaired
ffsavate-elite-a-merignac-2025-03-01-04-final,blue_club,B.F.S BOXE FRANCAISE SAVATE STRASBOURG,B.F.SBOXE FRANCAISE SAVATE STRASBOURG,repaired
ffsavate-elite-a-merignac-2025-03-01-06-final,red,AL CHAMALI Mohammad SAVATE BOXE RENNAISE (35),AL CHAMALI Mohammad SAVATE BOXE RENNAISE,repaired
ffsavate-elite-a-merignac-2025-03-01-06-final,red_country,35,35,unresolved: kept verbatim
ffsavate-elite-a-merignac-2025-03-01-06-final,winner,AL CHAMALI Mohammad SAVATE BOXE RENNAISE (35),AL CHAMALI Mohammad SAVATE BOXE RENNAISE,repaired
ffsavate-premium-merignac-2025-03-01-03-final,red,DOYEN Hugo CSME – BOXE FRANCAISE (93),DOYEN Hugo CSME – BOXE FRANCAISE,repaired
ffsavate-premium-merignac-2025-03-01-03-final,red_country,93,93,unresolved: kept verbatim
ffsavate-premium-merignac-2025-03-01-03-final,winner,DOYEN Hugo CSME – BOXE FRANCAISE (93),DOYEN Hugo CSME – BOXE FRANCAISE,repaired
ffsavate-premium-merignac-2025-03-01-05-final,blue_club,S SAVATITUDE,SSAVATITUDE,repaired
ffsavate-premium-ruy-montceau-2025-01-final,blue_club,U S CRETEIL,USCRETEIL,repaired
ffsavate-premium-ruy-montceau-2025-03-final,blue_club,M J C SAVATE COTOISE,MJCSAVATE COTOISE,repaired
ffsavate-elite-a-beaumont-les-valence-2025-02-final,red_club,M J C SAVATE COTOISE,MJCSAVATE COTOISE,repaired
ffsavate-premium-beaumont-les-valence-2025-05-final,red,CACHAU Ilan Spartan Boxing Club (26) Disq.,,dropped: contains digits
ffsavate-premium-beaumont-les-valence-2025-06-final,red,CROZ Jade SAVATE MONT BLANC (74) Jet,,dropped: contains digits
ffsavate-premium-beaumont-les-valence-2025-08-final,red,TRAIDI Noah CORSAIRE BOXING (13),TRAIDI Noah CORSAIRE BOXING,repaired
ffsavate-premium-beaumont-les-valence-2025-08-final,red_country,13,13,unresolved: kept verbatim
ffsavate-premium-beaumont-les-valence-2025-08-final,winner,TRAIDI Noah CORSAIRE BOXING (13),TRAIDI Noah CORSAIRE BOXING,repaired
ffsavate-elite-b-la-cote-saint-andre-2025-01-final,red,LAURENT Medhi SVSBF VINCENNES (94),LAURENT Medhi SVSBF VINCENNES,repaired
ffsavate-elite-b-la-cote-saint-andre-2025-01-final,red_country,94,94,unresolved: kept verbatim
ffsavate-elite-b-la-cote-saint-andre-2025-01-final,winner,LAURENT Medhi SVSBF VINCENNES (94),LAURENT Medhi SVSBF VINCENNES,repaired
ffsavate-elite-a-donzere-2025-01-final,red_club,S SAVATITUDE,SSAVATITUDE,repaired
ffsavate-elite-a-donzere-2025-02-final,red_club,U S CRETEIL,USCRETEIL,repaired
ffsavate-elite-a-donzere-2025-03-final,blue_club,M J C SAVATE COTOISE,MJCSAVATE COTOISE,repaired
ffsavate-premium-donzere-2025-02-final,red_club,M J C SAVATE COTOISE,MJCSAVATE COTOISE,repaired
ffsavate-premium-donzere-2025-05-final,red,LATAIEF Léna CACCIATORE BOXING CLUB (01),,dropped: nothing left after trimming
ffsavate-premium-donzere-2025-06-final,red,ERIN ROUX Ma’Eli US CRETEIL (94) Disq.,,dropped: contains digits
ffsavate-premium-donzere-2025-07-final,red,SEINE Alexis BILLOM BOXING CLUB (63),,dropped: nothing left after trimming
ffsavate-premium-viuz-en-sallaz-2025-10-final,blue_club,M J C SAVATE COTOISE,MJCSAVATE COTOISE,repaired
ffsavate-premium-viuz-en-sallaz-2025-11-final,red,PACIELLO Jeanne S. ATH OLYMPIQUE COLMAR (68) Jet,,dropped: contains digits
ffsavate-demi-finales-espoirs-premium-calais-2026-04-final,red_club,M J C SAVATE COTOISE,MJCSAVATE COTOISE,repaired
ffsavate-demi-finales-espoirs-premium-calais-2026-12-final,blue_club,U S CRETEIL,USCRETEIL,repaired
ffsavate-demi-finales-espoirs-premium-calais-2026-14-final,red,PATEREK Romane Union Savate,Savate,repaired
ffsavate-demi-finales-espoirs-premium-calais-2026-14-final,winner,PATEREK Romane Union Savate,Savate,repaired
ffsavate-demi-finales-espoirs-premium-calais-2026-15-final,red_club,U S CRETEIL,USCRETEIL,repaired
ffsavate-demi-finales-espoirs-premium-calais-2026-16-final,blue_club,S SAVATITUDE,SSAVATITUDE,repaired
ffsavate-demi-finales-espoirs-premium-calais-2026-18-final,red_club,U S CRETEIL,USCRETEIL,repaired
ffsavate-demi-finales-espoirs-premium-calais-2026-19-final,blue_club,SPORT MAX SAVATE B F,SPORT MAX SAVATE BF,repaired
ffsavate-demi-finales-espoirs-premium-calais-2026-21-final,red_club,U S CRETEIL,USCRETEIL,repaired
ffsavate-demi-finales-espoirs-premium-calais-2026-24-final,red_club,U S CRETEIL,USCRETEIL,repaired
ffsavate-demi-finales-2eme-serie-dieppe-2026-01-final,red_club,U S CRETEIL,USCRETEIL,repaired
ffsavate-demi-finales-2eme-serie-dieppe-2026-07-final,red_club,U S CRETEIL,USCRETEIL,repaired
ffsavate-elite-a-b-juniors-draveil-2026-p1-12,red_club,S SAVATITUDE,SSAVATITUDE,repaired
ffsavate-elite-a-b-juniors-draveil-2026-p2-06,blue_club,S SAVATITUDE,SSAVATITUDE,repaired
ffsavate-elite-a-b-juniors-draveil-2026-p2-09,red_club,S SAVATITUDE,SSAVATITUDE,repaired
ffsavate-elite-a-b-juniors-draveil-2026-p2-12,red_club,S SAVATITUDE,SSAVATITUDE,repaired
11-savate-resultats-jeunes-filles-2011-2011-0038,red_club,U DIJON,UDIJON,repaired
11-savate-resultats-jeunes-filles-2011-2011-0040,red_club,U DIJON,UDIJON,repaired
11-savate-resultats-jeunes-filles-2011-2011-0042,red_club,U DIJON,UDIJON,repaired
11-savate-resultats-jeunes-filles-2011-2011-0046,red_club,U DIJON,UDIJON,repaired
11-savate-resultats-jeunes-filles-2011-2011-0055,red_club,U DIJON,UDIJON,repaired
11-savate-resultats-jeunes-gens-2011-2011-0028,blue_club,U METZ,UMETZ,repaired
11-savate-resultats-jeunes-gens-2011-2011-0039,blue_club,U METZ,UMETZ,repaired
11-savate-resultats-jeunes-gens-2011-2011-0040,red_club,U METZ,UMETZ,repaired
414-f-60kg-pool-results-2018-2018-01-final,red,Plovdiv / withdrawal : 0 point,,dropped: contains digits
414-f-60kg-pool-results-2018-2018-01-final,blue,octobre 2018 ication : -1 point,,dropped: contains digits
429-m-70kg-pool-results-2018-2018-B004,red,ALIYEV H.,ALIYEV H,repaired
429-m-70kg-pool-results-2018-2018-B004,loser,ALIYEV H.,ALIYEV H,repaired
429-m-70kg-pool-results-2018-2018-B005,red,ALIYEV H.,ALIYEV H,repaired
429-m-70kg-pool-results-2018-2018-B005,loser,ALIYEV H.,ALIYEV H,repaired
430-m-65kg-pool-results-2018-2018-D010,red,STEVANOVIC R.,STEVANOVIC R,repaired
430-m-65kg-pool-results-2018-2018-D010,winner,STEVANOVIC R.,STEVANOVIC R,repaired
430-m-65kg-pool-results-2018-2018-D011,red,STEVANOVIC R.,STEVANOVIC R,repaired
430-m-65kg-pool-results-2018-2018-D011,loser,STEVANOVIC R.,STEVANOVIC R,repaired
724-world-cadet-cup-2021-f60-2021-B001,blue_country,Nadja,Nadja,unresolved: kept verbatim
724-world-cadet-cup-2021-f60-2021-B003,red_country,Nadja,Nadja,unresolved: kept verbatim
724-world-cadet-cup-2021-f60-2021-final-004,red_country,Nadja,Nadja,unresolved: kept verbatim
724-world-cadet-cup-2021-f60-2021-final-004,blue_country,Tara,Tara,unresolved: kept verbatim
741-world-cup-assaut-2021-senior-f52-2021-x002,blue_country,Vainqueur coupe du Monde,Vainqueur coupe du Monde,unresolved: kept verbatim
741-world-cup-assaut-2021-senior-f52-2021-x003,blue_country,Vainqueur coupe du Monde,Vainqueur coupe du Monde,unresolved: kept verbatim
743-world-cup-assaut-2021-senior-m80-2021-x001,red_country,N°1de la poule,N°1de la poule,unresolved: kept verbatim
743-world-cup-assaut-2021-senior-m80-2021-x002,red_country,N°1de la poule,N°1de la poule,unresolved: kept verbatim
744-world-cup-assaut-2021-senior-m-85-2021-01-final,red,Coupe du mondeAssaut 2021 victoire / victory : 3 points,,dropped: contains digits
744-world-cup-assaut-2021-senior-m-85-2021-01-final,blue,égalité / draw : 3 points 4 athlètes,,dropped: contains digits
745-world-cup-assaut-2021-senior-m85-2021-x002,blue_country,Vainqueur coupe du Monde,Vainqueur coupe du Monde,unresolved: kept verbatim
745-world-cup-assaut-2021-senior-m85-2021-x003,blue_country,Vainqueur coupe du Monde,Vainqueur coupe du Monde,unresolved: kept verbatim
750-world-combat-senior-women-f56-B005,blue_country,RSF,RSF,unresolved: kept verbatim
750-world-combat-senior-women-f56-B006,blue_country,RSF,RSF,unresolved: kept verbatim
754-world-combat-senior-men-m60-x001,blue_country,RSF,RSF,unresolved: kept verbatim
754-world-combat-senior-men-m60-x003,red_country,RSF,RSF,unresolved: kept verbatim
754-world-combat-senior-men-m60-final-004,red_country,RSF,RSF,unresolved: kept verbatim
755-world-combat-senior-men-m65-B004,red_country,RSF,RSF,unresolved: kept verbatim
755-world-combat-senior-men-m65-B005,red_country,RSF,RSF,unresolved: kept verbatim
756-world-combat-senior-men-m70-x003,blue_country,RSF,RSF,unresolved: kept verbatim
756-world-combat-senior-men-m70-x006,blue_country,RSF,RSF,unresolved: kept verbatim
756-world-combat-senior-men-m70-x008,blue_country,RSF,RSF,unresolved: kept verbatim
756-world-combat-senior-men-m70-x010,red_country,RSF,RSF,unresolved: kept verbatim
758-world-combat-senior-men-m80-x001,blue_country,RSF,RSF,unresolved: kept verbatim
758-world-combat-senior-men-m80-x003,red_country,RSF,RSF,unresolved: kept verbatim
759-world-combat-senior-men-m85-01-p03,blue,LA,,dropped: too short to be a name
759-world-combat-senior-men-m85-01-p05,blue,LA,,dropped: too short to be a name
759-world-combat-senior-men-m85-01-p06,blue,LA,,dropped: too short to be a name
championnat-de-2023-007,red,CAZAL Gwenaelle BAC9savate,,dropped: contains digits
championnat-de-2023-015,red,Le mestre Margot acad?mie multi boxes wattrelosien 59005,,dropped: contains digits
championnat-de-2023-017,red,Ma?mara COOPYR SPORTIF 75008,,dropped: contains digits
championnat-de-2024-005,red,LE DAMANY Stella BAC9savate,,dropped: contains digits
championnat-de-2024-010,red,Buzuel (ATEF) Maurine U S CRETEIL 94002,,dropped: contains digits
championnat-de-2024-023,blue,DELARIVE Matthieu BAC9savate,,dropped: contains digits
championnat-de-2024-2-031,red,DELARIVE Matthieu BAC9savate,,dropped: contains digits
championnat-de-2024-2-031,blue,Rony NICE BOXING TEAM FRANK MAY,FRANK MAY,repaired
championnat-de-france-cadets-f-m-2025-010,red,TURINAY H?lana Savate Académie Matinik,Matinik,repaired
championnat-de-france-cadets-f-m-2025-029,blue,PAYSSERAND Sara Dynamik Boxing Club Frontignan,Frontignan,repaired
championnat-de-france-cadets-f-m-2025-046,red,BAZILE Sulian Savate Académie Matinik,Matinik,repaired
championnat-de-france-cadets-f-m-2025-048,red,Warren MULTI BOXE RIVIERE DES GALETS 974002,,dropped: contains digits
championnat-de-france-cadets-f-m-2025-069,red_club,CERCLE DE B F ERMONT 95003,CERCLE DE BFERMONT 95003,repaired
championnat-de-france-cadets-f-m-2025-079,red,LAURENT Loris Savate Académie Matinik,Matinik,repaired
championnat-de-assaut-m-f-043,blue,Super Légers BENZELMAT Bilal M J C SAVATE COTOISE,Super Légers BENZELMAT Bilal MJCSAVATE COTOISE,repaired
championnat-de-assaut-m-f-056,red_club,CERCLE DE B F ERMONT,CERCLE DE BFERMONT,repaired
championnat-de-assaut-m-f-062,red_club,CERCLE DE B F ERMONT,CERCLE DE BFERMONT,repaired
championnat-de-france-elite-a-m-f-2023-008,red_club,U S CRETEIL,USCRETEIL,repaired
championnat-de-france-elite-a-m-f-2023-015,red_club,B.F.S STRASBOURG,B.F.SSTRASBOURG,repaired
championnat-de-france-veteran-m-2023-008,blue_club,A BF SALON DE PROVENCE,ABF SALON DE PROVENCE,repaired
championnat-de-france-veteran-m-2023-016,blue_club,CERCLE DE B F ERMONT,CERCLE DE BFERMONT,repaired
championnat-de-france-veteran-m-2023-073,blue_club,CERCLE DE B F ERMONT,CERCLE DE BFERMONT,repaired
championnat-de-france-veteran-m-2023-083,blue_club,CERCLE DE B F ERMONT,CERCLE DE BFERMONT,repaired
championnat-de-france-veteran-m-2023-099,red_club,CERCLE DE B F ERMONT,CERCLE DE BFERMONT,repaired
championnat-de-france-veteran-m-2023-117,blue_club,CERCLE DE B F ERMONT,CERCLE DE BFERMONT,repaired
championnats-2011-010,red_club,BF CS MEAUX,BF CSMEAUX,repaired
championnats-2011-033,blue_club,BF CS MEAUX,BF CSMEAUX,repaired
championnats-2011-052,red_club,BF CS MEAUX,BF CSMEAUX,repaired
championnats-2011-063,red_club,BF CS MEAUX,BF CSMEAUX,repaired
championnats-2011-096,blue_club,BF CS MEAUX,BF CSMEAUX,repaired
championnats-2011-105,red_club,BF CS MEAUX,BF CSMEAUX,repaired
championnats-2011-132,red_club,BF CS MEAUX,BF CSMEAUX,repaired
championnats-2011-139,red_club,BF CS MEAUX,BF CSMEAUX,repaired
championnats-2011-174,blue_club,BF CS MEAUX,BF CSMEAUX,repaired
championnats-de-2010-003,red_club,BF CS MEAUX,BF CSMEAUX,repaired
copie-de-academiques-8-02-24-pdf-b001,red,ENCEINTE 1 2 LEIRE BAPTISTE,,dropped: contains digits
copie-de-academiques-8-02-24-pdf-b001,blue,3 VAN LEUVEN JESSY DRAMÉ IBRAHIM MAËL JOSEPHINE ALYCIA LOIC,,dropped: contains digits
copie-de-academiques-8-02-24-pdf-b002,red,4 CENSIER MATHYS BALLIAU SIVAN MAËL IBRAHIM K JOSEPHINE,,dropped: contains digits
copie-de-academiques-8-02-24-pdf-b002,blue,5 FLINOIS THÉO MAUME JULES MAËL LORENTIN YANIS,,dropped: contains digits
copie-de-academiques-8-02-24-pdf-b003,red,6 JOUNIAUX ANTOINE HENRY JOHAN MAËL MAÉVA MELCHIOR,,dropped: contains digits
copie-de-academiques-8-02-24-pdf-b003,blue,7 CALIME DAMIEN RUSCART SCHNAIDO THÉO F MAÉVA LENY,,dropped: contains digits
copie-de-academiques-8-02-24-pdf-b004,red,8 CLAEYS MARIE FERNANDES RIBEIRO AXELLE LORENTIN IBRAHIM K FIBY JOSEPHINE,,dropped: contains digits
copie-de-academiques-8-02-24-pdf-b004,blue,9 ZELAZNY EMMA CHOUIKA CELIA LORENTIN FIBY MELCHIOR VALENTINE,,dropped: contains digits
copie-de-academiques-8-02-24-pdf-b005,red,10 MANA-DUVAL ELEA BOURDON OCÉANE THOMAS L FIBY LENY,,dropped: contains digits
copie-de-academiques-8-02-24-pdf-b005,blue,11 MATHIEU MAÉVA CARETTE CELLYA THOMAS L JULES,,dropped: contains digits
copie-de-academiques-8-02-24-pdf-b006,red,12 FF,,dropped: contains digits
copie-de-academiques-8-02-24-pdf-b006,blue,13 AL AKOUM RAMI BELGHARBI ELIAS MAËL VICTORIEN FIBY,,dropped: contains digits
copie-de-academiques-8-02-24-pdf-b007,red,14 KARFA IBRAHIM SAUVILLERS MELCHIOR JESSY MATHYS,,dropped: contains digits
copie-de-academiques-8-02-24-pdf-b007,blue,15 REVAUX NATHAN SABI YO BIO MALIK MAËL JESSY MATHYS FIBY,,dropped: contains digits
copie-de-academiques-8-02-24-pdf-b008,red,16 MAILLY VALENTINE HENNAOUI LEINA SCHNAIDO THEO F FIBY,,dropped: contains digits
copie-de-academiques-8-02-24-pdf-b008,blue,17 BOUCHART TIPHAINE CALMUS LOUANE ALEXANDRE JORDAN FIBY SCHNAIDO,,dropped: contains digits
copie-de-academiques-8-02-24-pdf-b009,red,18 BONNEL JUSTINE PRÉVOST JADE VICTORIEN HUGUES FIBY,,dropped: contains digits
copie-de-academiques-8-02-24-pdf-b009,blue,19 THOUVENIN MAÉVA HAMMOUDI SAOUSSENE ? EDDY,,dropped: contains digits
copie-de-academiques-8-02-24-pdf-b010,red,21 LEIRE BAPTISTE VAN LEUVEN LILIT RAMI,,dropped: contains digits
copie-de-academiques-8-02-24-pdf-b010,blue,22 CENSIER MATHYS,,dropped: contains digits
copie-de-academiques-8-02-24-pdf-b011,red,23,,dropped: contains digits
copie-de-academiques-8-02-24-pdf-b011,blue,24,,dropped: contains digits
copie-de-academiques-8-02-24-pdf-b012,red,26 CLAEYS MARIE CHOUIKA CELIA LILIT BOUCHART BAPTISTE JAWAD,,dropped: contains digits
copie-de-academiques-8-02-24-pdf-b012,blue,27 DEWILDE JOSÉPHINE MANA DUVAL SÉFORA FLINOIS FIBY BAPTISTE JAWAD,,dropped: contains digits
copie-de-academiques-8-02-24-pdf-b013,red,28 SOTTIAUX BELGHARBI ELIAS JOSEPHINE RAMI JESSY JAWAD,,dropped: contains digits
copie-de-academiques-8-02-24-pdf-b013,blue,29 SABI YO VOULOIR ROMAIN AMELIE RAMI YVAN JAWAD,,dropped: contains digits
copie-de-academiques-8-02-24-pdf-b014,red,30 VAN LEUVEN JESSY MAUME JULES LORENTIN RAMI YVAN,,dropped: contains digits
copie-de-academiques-8-02-24-pdf-b014,blue,31 CENSIER MATHYS RUSCART SCHNAIDO LORENTIN FLINOIS BAPTISTE,,dropped: contains digits
copie-de-academiques-8-02-24-pdf-b015,red,ENCEINTE 2 1 DELPECH LOÏC LORÉE GABRIEL MAXIME M PRUGNOT L,,dropped: contains digits
copie-de-academiques-8-02-24-pdf-b015,blue,2 MOULAY SACHA BONVARLET HUGO MAXIME M PRUGNOT L,,dropped: contains digits
copie-de-academiques-8-02-24-pdf-b016,red,3 CARDIA ENZO DELHAYE YVAN NATHAN MERCIER JADE V,,dropped: contains digits
copie-de-academiques-8-02-24-pdf-b016,blue,4 AUDREN MARTIN DENDIEVEL JULES,,dropped: contains digits
copie-de-academiques-8-02-24-pdf-b017,red,5 DUSSART ALEXY HERMANT LOÏC YANIS YASSINE ISAOUTAN PRUGNOT L,,dropped: contains digits
copie-de-academiques-8-02-24-pdf-b017,blue,6 HADHBI-DELETOMBE MAXIM LELONG MAXENCE YANIS SHAINA HAMEL G,,dropped: contains digits
copie-de-academiques-8-02-24-pdf-b018,red,7 GARCIA BÉGOUIN JULES AFINDRAKAMBANA TSIORINIA VICTORIA SHAINA JADE V,,dropped: contains digits
copie-de-academiques-8-02-24-pdf-b018,blue,8 MERCIER NATHAN DELLERIE MAXENCE MAËL SASHA HAMEL G,,dropped: contains digits
copie-de-academiques-8-02-24-pdf-b019,red,9,,dropped: contains digits
copie-de-academiques-8-02-24-pdf-b019,blue,10 SCHROEYERS ALEXANDRE FOURNIER THÉO MAËL ENZO THOMAS F,,dropped: contains digits
copie-de-academiques-8-02-24-pdf-b020,red,12 VANSTAEN JADE BÉARN LEBAILLY LISA LENY JADE P HAMEL G,,dropped: contains digits
copie-de-academiques-8-02-24-pdf-b020,blue,13 ERIPRET VICTORIA PARADIS ALICIA LENY ENZO HAMEL G,,dropped: contains digits
copie-de-academiques-8-02-24-pdf-b021,red,14 LECOCQ ALICIA VANOOSTHUYSE AMÉLIE NATHAN MERCIER GABRIEL,,dropped: contains digits
copie-de-academiques-8-02-24-pdf-b021,blue,15 DESCHODT SHAINA CRESCENCE KELLIA SASHA LILIT,,dropped: contains digits
copie-de-academiques-8-02-24-pdf-b022,red,16 FRANÇOIS LISA MOUDER ANAIS GABRIEL LILIT,,dropped: contains digits
copie-de-academiques-8-02-24-pdf-b022,blue,17 QUENÉE ALYCIA GHOUILA HAMEL LILIT AMÉLIE,,dropped: contains digits
copie-de-academiques-8-02-24-pdf-b023,red,19 FERCOT THOMAS JASNIAK ANTOINE,,dropped: contains digits
copie-de-academiques-8-02-24-pdf-b023,blue,20,,dropped: contains digits
copie-de-academiques-8-02-24-pdf-b024,red,21 LOREE GABRIEL BONVARLET HUGO LENY,,dropped: contains digits
copie-de-academiques-8-02-24-pdf-b024,blue,22 DELHAYE AUDREN MARTIN LENY,,dropped: contains digits
copie-de-academiques-8-02-24-pdf-b025,red,23 MÉBARKI YANIS VAN HECKE LENY,,dropped: contains digits
copie-de-academiques-8-02-24-pdf-b025,blue,24 RAZAFINKADRAMBAKANA MERCIER LENY,,dropped: contains digits
copie-de-academiques-8-02-24-pdf-b026,red,25 BEARN LEBAILLY,,dropped: contains digits
copie-de-academiques-8-02-24-pdf-b026,blue,26 LECOCQ ALICIA DESCHODT LENY SASHA,,dropped: contains digits
copie-de-academiques-8-02-24-pdf-b027,red,28 LELONG BONVARLET HUGO LENY FLINOIS,,dropped: contains digits
copie-de-academiques-8-02-24-pdf-b027,blue,29 HERMANT FF,,dropped: contains digits
copie-de-academiques-8-02-24-pdf-b028,red,30 PERON AFINDRAKAMBANA TSIORINIA LENY FLINOIS,,dropped: contains digits
copie-de-academiques-8-02-24-pdf-b028,blue,31 SCHROEYERS ALEXANDRE,,dropped: contains digits
dossier-20competition-20v9-20-20livret-20open-20v3-pdf-012,red_club,COURBEVOIE SAVATE B F,COURBEVOIE SAVATE BF,repaired
finales-des-championnats-de-france-elite-a-m-f-2019-019,red_club,S B C QUARTIER FRANCAIS,SBCQUARTIER FRANCAIS,repaired
finales-du-championnat-de-france-juniors-2020-004,red_club,SAVAT O POING,SAVAT OPOING,repaired
france-jeunes-2023-resultats-1-pdf-2023-b001,red,FRANCE MINIMES F AOUIDA Myriam BFD Ile de France,FRANCE MINIMES FAOUIDA Myriam BFD Ile,repaired
france-jeunes-2023-resultats-1-pdf-2023-b001,blue,FRANCE MINIMES F HAMAISSIA Louane ADAC 74 Alpes,,dropped: contains digits
france-jeunes-2023-resultats-1-pdf-2023-b002,red,FRANCE MINIMES F SACHERER Margaux ASC CHEVIGNY st sauveur Comté,FRANCE MINIMES FSACHERER Margaux ASC CHEVIGNY st sauveur Comté,repaired
france-jeunes-2023-resultats-1-pdf-2023-b002,blue,FRANCE MINIMES F MEJEAN Meloée MARITIMES Occitanie,FRANCE MINIMES FMEJEAN Meloée MARITIMES Occitanie,repaired
france-jeunes-2023-resultats-1-pdf-2023-b003,red,FRANCE MINIMES F GOUARD Clemence AS QUETIGNY Comté,FRANCE MINIMES FGOUARD Clemence AS QUETIGNY Comté,repaired
france-jeunes-2023-resultats-1-pdf-2023-b003,blue,FRANCE MINIMES F BOULEFAH Sirine S SAVATITUDE Alpes,FRANCE MINIMES FBOULEFAH Sirine SSAVATITUDE Alpes,repaired
france-jeunes-2023-resultats-1-pdf-2023-b004,red,CHAMPIONNAT DE FRANCE MINIMES F RIBEIRO Anais LE CERCLE SBF 33 Nouvelle-Aquitaine,,dropped: contains digits
france-jeunes-2023-resultats-1-pdf-2023-b004,blue,CHAMPIONNAT DE FRANCE MINIMES F HAMMA Lahna COOPYR SPORTIF Ile de France,MINIMES FHAMMA Lahna COOPYR SPORTIF Ile,repaired
france-jeunes-2023-resultats-1-pdf-2023-b005,red,CHAMPIONNAT DE FRANCE MINIMES F GRUCHOT Loretta PLANETE BORG PACA,MINIMES FGRUCHOT Loretta PLANETE BORG PACA,repaired
france-jeunes-2023-resultats-1-pdf-2023-b005,blue,CHAMPIONNAT DE FRANCE MINIMES F BERTHET Lois AS CORBEIL ESSONNES Ile de France,MINIMES FBERTHET Lois AS CORBEIL ESSONNES Ile,repaired
france-jeunes-2023-resultats-1-pdf-2023-b006,red,FRANCE MINIMES F GRILLO Louna Semécourt Grand Est,FRANCE MINIMES FGRILLO Louna Semécourt Grand Est,repaired
france-jeunes-2023-resultats-1-pdf-2023-b006,blue,FRANCE MINIMES F BOSSER Gabrielle BOXING CLUB Bretagne,FRANCE MINIMES FBOSSER Gabrielle BOXING CLUB Bretagne,repaired
france-jeunes-2023-resultats-1-pdf-2023-b007,red,CHAMPIONNAT DE FRANCE MINIMES F TRAORE Maele A.S.C. BF Hauts de France,MINIMES FTRAORE Maele A.S.C. BF Hauts,repaired
france-jeunes-2023-resultats-1-pdf-2023-b007,blue,FRANCE MINIMES F ERUAM Lucie M J C SAVATE COTOISE Alpes,FRANCE MINIMES FERUAM Lucie MJCSAVATE COTOISE Alpes,repaired
france-jeunes-2023-resultats-1-pdf-2023-b008,red,FRANCE MINIMES F FONTANAROSA Adèle BFD Ile de France,FRANCE MINIMES FFONTANAROSA Adèle BFD Ile,repaired
france-jeunes-2023-resultats-1-pdf-2023-b008,blue,FRANCE MINIMES F CORRE Lilou LESNEVEN Bretagne,FRANCE MINIMES FCORRE Lilou LESNEVEN Bretagne,repaired
france-jeunes-2023-resultats-1-pdf-2023-b009,red,CHAMPIONNAT DE FRANCE MINIMES F LERAILLE Alana U S CRETEIL Ile de France,MINIMES FLERAILLE Alana USCRETEIL Ile,repaired
france-jeunes-2023-resultats-1-pdf-2023-b009,blue,FRANCE MINIMES F LE GUEVEL Louane LESNEVEN Bretagne,FRANCE MINIMES FLE GUEVEL Louane LESNEVEN Bretagne,repaired
france-jeunes-2023-resultats-1-pdf-2023-b010,red,FRANCE MINIMES F Manon CLUB Alpes,Alpes,repaired
france-jeunes-2023-resultats-1-pdf-2023-b010,blue,CHAMPIONNAT DE FRANCE MINIMES F MERESSE Manon LA SAVATE CAPELLOISE Hauts de France,MINIMES FMERESSE Manon LA SAVATE CAPELLOISE Hauts,repaired
france-jeunes-2023-resultats-1-pdf-2023-b011,red,CHAMPIONNAT DE FRANCE MINIMES F KOELSCH Elise CSME - Boxe Française Ile de France,MINIMES FKOELSCH Elise CSME - Boxe Française Ile,repaired
france-jeunes-2023-resultats-1-pdf-2023-b011,blue,FRANCE MINIMES F VEYRET Naomi OLYMPIQUE Nouvelle-Aquitaine,FRANCE MINIMES FVEYRET Naomi OLYMPIQUE Nouvelle-Aquitaine,repaired
france-jeunes-2023-resultats-1-pdf-2023-b012,red,FRANCE MINIMES F CHIEUX Faustine ARMENTIERES Hauts de France,FRANCE MINIMES FCHIEUX Faustine ARMENTIERES Hauts,repaired
france-jeunes-2023-resultats-1-pdf-2023-b012,blue,CHAMPIONNAT DE FRANCE MINIMES F KRAVTSOFF Mona TREGOR SAVATE CLUB Bretagne,MINIMES FKRAVTSOFF Mona TREGOR SAVATE CLUB Bretagne,repaired
france-jeunes-2023-resultats-1-pdf-2023-b013,red,FRANCE MINIMES F PACIELLO Jeanne COLMAR Grand Est,FRANCE MINIMES FPACIELLO Jeanne COLMAR Grand Est,repaired
france-jeunes-2023-resultats-1-pdf-2023-b013,blue,CHAMPIONNAT DE FRANCE MINIMES F CLAMY Angèle GWADA BOXING CLUB Guadeloupe,MINIMES FCLAMY Angèle GWADA BOXING CLUB Guadeloupe,repaired
france-jeunes-2023-resultats-1-pdf-2023-b014,red,CHAMPIONNAT DE FRANCE MINIMES F PECHADRE Faustine U S CRETEIL Ile de France,MINIMES FPECHADRE Faustine USCRETEIL Ile,repaired
france-jeunes-2023-resultats-1-pdf-2023-b014,blue,FRANCE MINIMES F DESSERRE Clarisse USI SAVATE BF Alpes,FRANCE MINIMES FDESSERRE Clarisse USI SAVATE BF Alpes,repaired
france-jeunes-2023-resultats-1-pdf-2023-b015,blue,CHAMPIONNAT DE ECHAHRAWI FRANCE CADETTES RICHEUX Selma T.C.M.S. Occitanie,DE ECHAHRAWI FRANCE CADETTES RICHEUX Selma T.C.M.S. Occitanie,repaired
france-jeunes-2023-resultats-1-pdf-2023-b016,red,CHAMPIONNAT DE FRANCE CADETTES BAILLON Camille CAT THIAIS Ile de France,CADETTES BAILLON Camille CAT THIAIS Ile,repaired
france-jeunes-2023-resultats-1-pdf-2023-b016,blue,CHAMPIONNAT DE FRANCE CADETTES BIENVENU Kelly LA SAVATE CAPELLOISE Hauts de France,CADETTES BIENVENU Kelly LA SAVATE CAPELLOISE Hauts,repaired
france-jeunes-2023-resultats-1-pdf-2023-b017,red,CHAMPIONNAT DE FRANCE CADETTES DONATELLI Emma BF OSTWALD Grand Est,CADETTES DONATELLI Emma BF OSTWALD Grand Est,repaired
france-jeunes-2023-resultats-1-pdf-2023-b017,blue,CHAMPIONNAT DE FRANCE CADETTES BALENSI Celia SAVATE EN SEINE Ile de France,CADETTES BALENSI Celia SAVATE EN SEINE Ile,repaired
france-jeunes-2023-resultats-1-pdf-2023-b018,blue,CHAMPIONNAT DE FRANCE CADETTES GARDAN Camille AS BOULES DE CUIR Bretagne,CADETTES GARDAN Camille AS BOULES DE CUIR Bretagne,repaired
france-jeunes-2023-resultats-1-pdf-2023-b019,blue,CHAMPIONNAT DE FRANCE CADETTES RICHER Nikita SBF COTTEREZIENNE Hauts de France,CADETTES RICHER Nikita SBF COTTEREZIENNE Hauts,repaired
france-jeunes-2023-resultats-1-pdf-2023-b020,red,CHAMPIONNAT DE FRANCE CADETTES BAPTISTE Romane BOXING FULL SAVATE 66 Occitanie,,dropped: contains digits
france-jeunes-2023-resultats-1-pdf-2023-b020,blue,FRANCE CADETTES FRANCOIS Eline MONTREUIL Ile de France,FRANCE CADETTES FRANCOIS Eline MONTREUIL Ile,repaired
france-jeunes-2023-resultats-1-pdf-2023-b021,blue,FRANCE CADETTES BERMUDEZ Ilona B.F.S. CLUB THIERNOIS Alpes,THIERNOIS Alpes,repaired
france-jeunes-2023-resultats-1-pdf-2023-b022,red,CHAMPIONNAT DE FRANCE CADETTES GUERIN Iris AS BOULES DE CUIR Bretagne,CADETTES GUERIN Iris AS BOULES DE CUIR Bretagne,repaired
france-jeunes-2023-resultats-1-pdf-2023-b022,blue,FRANCE CADETTES KERRINCKX Emma ARMENTIERES Hauts de France,FRANCE CADETTES KERRINCKX Emma ARMENTIERES Hauts,repaired
france-jeunes-2023-resultats-1-pdf-2023-b023,blue,CHAMPIONNAT DE FRANCE CADETTES PENA Cyrila T.C.M.S. Occitanie,CADETTES PENA Cyrila T.C.M.S. Occitanie,repaired
france-jeunes-2023-resultats-1-pdf-2023-b024,red,CHAMPIONNAT DE FRANCE CADETTES HAMBLI Assia BF VELIZY Ile de France,CADETTES HAMBLI Assia BF VELIZY Ile,repaired
france-jeunes-2023-resultats-1-pdf-2023-b024,blue,CHAMPIONNAT DE FRANCE CADETTES GABORIEAU Maéwen Team SBFY Pays de la Loire,CADETTES GABORIEAU Maéwen Team SBFY Pays de la Loire,repaired
france-jeunes-2023-resultats-1-pdf-2023-b025,red,CHAMPIONNAT DE FRANCE CADETTES LEMMOUCHI Zina A I B Ile de France,CADETTES LEMMOUCHI Zina A I B Ile,repaired
france-jeunes-2023-resultats-1-pdf-2023-b026,red,CHAMPIONNAT DE FRANCE CADETTES MARLIER Julie BFS DE THOUROTTE Hauts de France,CADETTES MARLIER Julie BFS DE THOUROTTE Hauts,repaired
france-jeunes-2023-resultats-1-pdf-2023-b027,red,CHAMPIONNAT DE FRANCE CADETTES SACCOH Kadidiatou AVENIR SPORTIF D ORLY Ile de France,CADETTES SACCOH Kadidiatou AVENIR SPORTIF DORLY Ile,repaired
france-jeunes-2023-resultats-1-pdf-2023-b028,red,CHAMPIONNAT DE BERTHOUMIEU FRANCE CADETTES Eleonor ECOLE SAVATE AGEN Nouvelle-Aquitaine,DE BERTHOUMIEU FRANCE CADETTES Eleonor ECOLE SAVATE AGEN Nouvelle-Aquitaine,repaired
france-jeunes-2023-resultats-1-pdf-2023-b028,blue,CHAMPIONNAT DE FRANCE CADETTES GUICHARD Annaelle BOXE SAVATE CLUB Bretagne,CADETTES GUICHARD Annaelle BOXE SAVATE CLUB Bretagne,repaired
france-jeunes-2023-resultats-1-pdf-2023-b029,red,CHAMPIONNAT DE FRANCE MINIMES G MEDJAHER Younes COOPYR SPORTIF Ile de France,MINIMES GMEDJAHER Younes COOPYR SPORTIF Ile,repaired
france-jeunes-2023-resultats-1-pdf-2023-b029,blue,CHAMPIONNAT DE FRANCE MINIMES G TINTILLIER Tom FFIVE S SAVATE BF 62 Hauts de France,,dropped: contains digits
france-jeunes-2023-resultats-1-pdf-2023-b030,blue,CHAMPIONNAT DE OTHILY-JOACHIN FRANCE MINIMES G Noah U S CRETEIL Ile de France,DE OTHILY-JOACHIN FRANCE MINIMES G Noah USCRETEIL Ile,repaired
france-jeunes-2023-resultats-1-pdf-2023-b031,blue,CHAMPIONNAT DE FRANCE MINIMES G SEEMATHREE Nivesh SBF COTTEREZIENNE Hauts de France,MINIMES GSEEMATHREE Nivesh SBF COTTEREZIENNE Hauts,repaired
france-jeunes-2023-resultats-1-pdf-2023-b032,red,CHAMPIONNAT DE FRANCE MINIMES G DO PEREIRA Ilyan VEXIN BOXING Ile de France,MINIMES GDO PEREIRA Ilyan VEXIN BOXING Ile,repaired
france-jeunes-2023-resultats-1-pdf-2023-b032,blue,FRANCE MINIMES G KERUZORE Noa M J C SAVATE COTOISE Alpes,FRANCE MINIMES GKERUZORE Noa MJCSAVATE COTOISE Alpes,repaired
france-jeunes-2023-resultats-1-pdf-2023-b033,red,FRANCE MINIMES G HAMAISSIA Ilies ADAC 74 Alpes,,dropped: contains digits
france-jeunes-2023-resultats-1-pdf-2023-b033,blue,FRANCE MINIMES G LEMAIRE Maxime BRETEUIL Hauts de France,FRANCE MINIMES GLEMAIRE Maxime BRETEUIL Hauts,repaired
france-jeunes-2023-resultats-1-pdf-2023-b034,red,CHAMPIONNAT DE FRANCE MINIMES G TOURE Moussa AVENIR SPORTIF D ORLY Ile de France,MINIMES GTOURE Moussa AVENIR SPORTIF DORLY Ile,repaired
france-jeunes-2023-resultats-1-pdf-2023-b034,blue,FRANCE MINIMES G FLOQUET Maxence HERMINOISE Pays de la Loire,FRANCE MINIMES GFLOQUET Maxence HERMINOISE Pays de la Loire,repaired
france-jeunes-2023-resultats-1-pdf-2023-b035,red,FRANCE MINIMES G SAUVAJON Côme ALTITUDE Alpes,FRANCE MINIMES GSAUVAJON Côme ALTITUDE Alpes,repaired
france-jeunes-2023-resultats-1-pdf-2023-b035,blue,FRANCE MINIMES G LEYMOND Aaron VILLENEUVOIS Nouvelle-Aquitaine,FRANCE MINIMES GLEYMOND Aaron VILLENEUVOIS Nouvelle-Aquitaine,repaired
france-jeunes-2023-resultats-1-pdf-2023-b036,red,CHAMPIONNAT DE FRANCE MINIMES G ELJAGHNOUNI Yacine A.S.C. BF Hauts de France,MINIMES GELJAGHNOUNI Yacine A.S.C. BF Hauts,repaired
france-jeunes-2023-resultats-1-pdf-2023-b036,blue,CHAMPIONNAT DE FRANCE MINIMES G BESNARD Lorenzo AS BOULES DE CUIR Bretagne,MINIMES GBESNARD Lorenzo AS BOULES DE CUIR Bretagne,repaired
france-jeunes-2023-resultats-1-pdf-2023-b037,red,CHAMPIONNAT DE FRANCE MINIMES G SOULE Teiva PLACE BOXING CLUB PACA,MINIMES GSOULE Teiva PLACE BOXING CLUB PACA,repaired
france-jeunes-2023-resultats-1-pdf-2023-b037,blue,CHAMPIONNAT DE FRANCE MINIMES G CARBOU Inty PUNCH BLAGNAC Occitanie,MINIMES GCARBOU Inty PUNCH BLAGNAC Occitanie,repaired
france-jeunes-2023-resultats-1-pdf-2023-b038,red,CHAMPIONNAT DE FRANCE MINIMES G ROPITAL Sylvain Savate'Plaire Hauts de France,MINIMES GROPITAL Sylvain Savate'Plaire Hauts,repaired
france-jeunes-2023-resultats-1-pdf-2023-b038,blue,CHAMPIONNAT DE FRANCE MINIMES G JANIK Thomas CSMR SBF Ile de France,MINIMES GJANIK Thomas CSMR SBF Ile,repaired
france-jeunes-2023-resultats-1-pdf-2023-b039,red,FRANCE MINIMES G HORN Alexis BILLOM BOXING CLUB Alpes,FRANCE MINIMES GHORN Alexis BILLOM BOXING CLUB Alpes,repaired
france-jeunes-2023-resultats-1-pdf-2023-b039,blue,CHAMPIONNAT DE FRANCE MINIMES G LE HIR Tanguy BOXE DES CHAMPS Nouvelle-Aquitaine,MINIMES GLE HIR Tanguy BOXE DES CHAMPS Nouvelle-Aquitaine,repaired
france-jeunes-2023-resultats-1-pdf-2023-b040,red,CHAMPIONNAT DE FRANCE MINIMES G BRUNETAUD Valentin K.A.J.Y.N. Ile de France,MINIMES GBRUNETAUD Valentin K.A.J.Y.N. Ile,repaired
france-jeunes-2023-resultats-1-pdf-2023-b040,blue,CHAMPIONNAT DE FRANCE MINIMES G BREMNAR Nathan SAVATE PORTELOISE Hauts de France,MINIMES GBREMNAR Nathan SAVATE PORTELOISE Hauts,repaired
france-jeunes-2023-resultats-1-pdf-2023-b041,red,FRANCE MINIMES G FERRARA Remy MAY PACA,FRANCE MINIMES GFERRARA Remy MAY PACA,repaired
france-jeunes-2023-resultats-1-pdf-2023-b041,blue,CHAMPIONNAT DE FRANCE MINIMES G BRICHETEAU Baptiste VAILLANTE BF ANGERS Pays de la Loire,MINIMES GBRICHETEAU Baptiste VAILLANTE BF ANGERS Pays de la Loire,repaired
france-jeunes-2023-resultats-1-pdf-2023-b042,red,CHAMPIONNAT DE FRANCE MINIMES G ZANELLATO Nino OFP BOXE FRANCAISE Grand Est,MINIMES GZANELLATO Nino OFP BOXE FRANCAISE Grand Est,repaired
france-jeunes-2023-resultats-1-pdf-2023-b042,blue,CHAMPIONNAT DE FRANCE MINIMES G VIOLAMER Bastian BOXE DES CHAMPS Nouvelle-Aquitaine,MINIMES GVIOLAMER Bastian BOXE DES CHAMPS Nouvelle-Aquitaine,repaired
france-jeunes-2023-resultats-1-pdf-2023-b043,red,FRANCE MINIMES G BATTENDIER Ange MAY PACA,FRANCE MINIMES GBATTENDIER Ange MAY PACA,repaired
france-jeunes-2023-resultats-1-pdf-2023-b044,red,CHAMPIONNAT DE FRANCE MINIMES G LEGRAND Matteo G-FIGHT Ile de France,MINIMES GLEGRAND Matteo G-FIGHT Ile,repaired
france-jeunes-2023-resultats-1-pdf-2023-b044,blue,FRANCE MINIMES G CONDETTE Eliot BOULOGNE SUR ME Hauts de France,FRANCE MINIMES GCONDETTE Eliot BOULOGNE SUR ME Hauts,repaired
france-jeunes-2023-resultats-1-pdf-2023-b045,red,CHAMPIONNAT DE FRANCE MINIMES G AHOUE Anis U S CRETEIL Ile de France,MINIMES GAHOUE Anis USCRETEIL Ile,repaired
france-jeunes-2023-resultats-1-pdf-2023-b045,blue,FRANCE MINIMES G SPIEGEL Jules Semécourt Grand Est,FRANCE MINIMES GSPIEGEL Jules Semécourt Grand Est,repaired
france-jeunes-2023-resultats-1-pdf-2023-b046,red,CHAMPIONNAT DE FRANCE MINIMES G FOUCHER Nathan AST TIERCE Pays de la Loire,MINIMES GFOUCHER Nathan AST TIERCE Pays de la Loire,repaired
france-jeunes-2023-resultats-1-pdf-2023-b046,blue,FRANCE MINIMES G KERBADOU Matis PROVENCE PACA,FRANCE MINIMES GKERBADOU Matis PROVENCE PACA,repaired
france-jeunes-2023-resultats-1-pdf-2023-b047,red,CHAMPIONNAT DE FRANCE MINIMES G SAMPO Matteo BFGB PACA,MINIMES GSAMPO Matteo BFGB PACA,repaired
france-jeunes-2023-resultats-1-pdf-2023-b047,blue,CHAMPIONNAT DE FRANCE MINIMES G MURATELLE Ridwen CERCLE DE B F ERMONT Ile de France,MINIMES GMURATELLE Ridwen CERCLE DE BFERMONT Ile,repaired
france-jeunes-2023-resultats-1-pdf-2023-b048,red,CHAMPIONNAT DE FRANCE MINIMES G BAREL Noa ECOLE SAVATE AGEN Nouvelle-Aquitaine,MINIMES GBAREL Noa ECOLE SAVATE AGEN Nouvelle-Aquitaine,repaired
france-jeunes-2023-resultats-1-pdf-2023-b048,blue,FRANCE MINIMES G BOURKOUK Rani Stras Grand Est,FRANCE MINIMES GBOURKOUK Rani Stras Grand Est,repaired
france-jeunes-2023-resultats-1-pdf-2023-b049,red,CHAMPIONNAT DE FRANCE MINIMES G ERIN-ROUX Ma'eli U S CRETEIL Ile de France,MINIMES GERIN-ROUX Ma'eli USCRETEIL Ile,repaired
france-jeunes-2023-resultats-1-pdf-2023-b049,blue,CHAMPIONNAT DE FRANCE MINIMES G GUYOT Eliott SAVATE SAINTE ANNE Bretagne,MINIMES GGUYOT Eliott SAVATE SAINTE ANNE Bretagne,repaired
france-jeunes-2023-resultats-1-pdf-2023-b050,blue,FRANCE MINIMES G MULLER Luca FRANCAISE PACA,FRANCE MINIMES GMULLER Luca FRANCAISE PACA,repaired
france-jeunes-2023-resultats-1-pdf-2023-b051,red,CHAMPIONNAT DE FRANCE MINIMES G TIRARD Joris MONTPELLIER SBF Occitanie,MINIMES GTIRARD Joris MONTPELLIER SBF Occitanie,repaired
france-jeunes-2023-resultats-1-pdf-2023-b051,blue,CHAMPIONNAT DE FRANCE MINIMES G VAVELIN Lenny M et R BOXING CLUB Ile de France,MINIMES GVAVELIN Lenny M et RBOXING CLUB Ile,repaired
france-jeunes-2023-resultats-1-pdf-2023-b052,red,FRANCE MINIMES G DEVAY Léo FRANCAISE Pays de la Loire,FRANCE MINIMES GDEVAY Léo FRANCAISE Pays de la Loire,repaired
france-jeunes-2023-resultats-1-pdf-2023-b052,blue,CHAMPIONNAT DE FRANCE MINIMES G SAMPO Ethan BFGB PACA,MINIMES GSAMPO Ethan BFGB PACA,repaired
france-jeunes-2023-resultats-1-pdf-2023-b053,red,CHAMPIONNAT DE FRANCE MINIMES G PECHEU Loan SAVATE EN SEINE Ile de France,MINIMES GPECHEU Loan SAVATE EN SEINE Ile,repaired
france-jeunes-2023-resultats-1-pdf-2023-b053,blue,CHAMPIONNAT DE FRANCE MINIMES G EDA-PIERRE Melvin E.A.C. SAVATE Normandie,MINIMES GEDA-PIERRE Melvin E.A.C. SAVATE Normandie,repaired
france-jeunes-2023-resultats-1-pdf-2023-b054,red,CHAMPIONNAT DE FRANCE MINIMES G BARTOLOME Hugo TEYRAN SAVATE POING 34 Occitanie,,dropped: contains digits
france-jeunes-2023-resultats-1-pdf-2023-b054,blue,FRANCE MINIMES G FERRALI Ethan FRANCAISE PACA,FRANCE MINIMES GFERRALI Ethan FRANCAISE PACA,repaired
france-jeunes-2023-resultats-1-pdf-2023-b055,blue,FRANCE CADETS Tony M J C SAVATE COTOISE Alpes,FRANCE CADETS Tony MJCSAVATE COTOISE Alpes,repaired
france-jeunes-2023-resultats-1-pdf-2023-b056,red,FRANCE CADETS TAILPIED Florian 85 Pays de la Loire,,dropped: contains digits
france-jeunes-2023-resultats-1-pdf-2023-b056,blue,CHAMPIONNAT DE FRANCE CADETS MIHALACHI Yvan AS CORBEIL ESSONNES Ile de France,CADETS MIHALACHI Yvan AS CORBEIL ESSONNES Ile,repaired
france-jeunes-2023-resultats-1-pdf-2023-b057,red,FRANCE CADETS CABY Landry ARMENTIERES Hauts de France,FRANCE CADETS CABY Landry ARMENTIERES Hauts,repaired
france-jeunes-2023-resultats-1-pdf-2023-b057,blue,CHAMPIONNAT DE FRANCE CADETS FORGET Mewen BOXE SAVATE CLUB Bretagne,CADETS FORGET Mewen BOXE SAVATE CLUB Bretagne,repaired
france-jeunes-2023-resultats-1-pdf-2023-b058,red,FRANCE CADETS LOEB Noa ARMENTIERES Hauts de France,FRANCE CADETS LOEB Noa ARMENTIERES Hauts,repaired
france-jeunes-2023-resultats-1-pdf-2023-b059,red,CHAMPIONNAT DE FRANCE CADETS MUSSO Llorens PLANETE BORG PACA,CADETS MUSSO Llorens PLANETE BORG PACA,repaired
france-jeunes-2023-resultats-1-pdf-2023-b059,blue,CHAMPIONNAT DE FRANCE CADETS CHARLOT Estheban LE RING LUCONNAIS Pays de la Loire,CADETS CHARLOT Estheban LE RING LUCONNAIS Pays de la Loire,repaired
france-jeunes-2023-resultats-1-pdf-2023-b060,red,CHAMPIONNAT DE CAVROT FRANCE CADETS WESTERLINCK Ethan L IMPACT SBF Hauts de France,DE CAVROT FRANCE CADETS WESTERLINCK Ethan LIMPACT SBF Hauts,repaired
france-jeunes-2023-resultats-1-pdf-2023-b060,blue,CHAMPIONNAT DE FRANCE CADETS RODRIGUEZ Lucas SBF ROISSY Ile de France,CADETS RODRIGUEZ Lucas SBF ROISSY Ile,repaired
france-jeunes-2023-resultats-1-pdf-2023-b061,blue,FRANCE CADETS ADEKALOM Gaetan 974 Réunion,,dropped: contains digits
france-jeunes-2023-resultats-1-pdf-2023-b062,blue,CHAMPIONNAT DE FRANCE CADETS BABAGBETO Napua ROYAL BOXING CLUB PACA,CADETS BABAGBETO Napua ROYAL BOXING CLUB PACA,repaired
france-jeunes-2023-resultats-1-pdf-2023-b063,red,CHAMPIONNAT DE FRANCE CADETS CLAVE Noé PUNCH BLAGNAC Occitanie,CADETS CLAVE Noé PUNCH BLAGNAC Occitanie,repaired
france-jeunes-2023-resultats-1-pdf-2023-b063,blue,CHAMPIONNAT DE FRANCE CADETS SKALECKI Achille SLEC Hauts de France,CADETS SKALECKI Achille SLEC Hauts,repaired
france-jeunes-2023-resultats-1-pdf-2023-b064,red,CHAMPIONNAT DE FRANCE CADETS ROMAND Raphael FL LANESTER BF Bretagne,CADETS ROMAND Raphael FL LANESTER BF Bretagne,repaired
france-jeunes-2023-resultats-1-pdf-2023-b064,blue,CHAMPIONNAT DE FRANCE CADETS POITEVIN Enzo BFGB PACA,CADETS POITEVIN Enzo BFGB PACA,repaired
france-jeunes-2023-resultats-1-pdf-2023-b065,red,CHAMPIONNAT DE FRANCE CADETS CHALUMEAU Rafael VEXIN BOXING Ile de France,CADETS CHALUMEAU Rafael VEXIN BOXING Ile,repaired
france-jeunes-2023-resultats-1-pdf-2023-b065,blue,CHAMPIONNAT DE FRANCE CADETS ROQUES Léon PUNCH BLAGNAC Occitanie,CADETS ROQUES Léon PUNCH BLAGNAC Occitanie,repaired
france-jeunes-2023-resultats-1-pdf-2023-b066,red,CHAMPIONNAT DE FRANCE CADETS BOUGLOUF Malik PLANETE BORG PACA,CADETS BOUGLOUF Malik PLANETE BORG PACA,repaired
france-jeunes-2023-resultats-1-pdf-2023-b066,blue,CHAMPIONNAT DE FRANCE CADETS DOYEN Hugo CSME - Boxe Française Ile de France,CADETS DOYEN Hugo CSME - Boxe Française Ile,repaired
france-jeunes-2023-resultats-1-pdf-2023-b067,red,CHAMPIONNAT DE FRANCE CADETS BOUTREUX Kélian AST TIERCE Pays de la Loire,CADETS BOUTREUX Kélian AST TIERCE Pays de la Loire,repaired
france-jeunes-2023-resultats-1-pdf-2023-b067,blue,CHAMPIONNAT DE FRANCE CADETS MATHON Charly A.S.B.F. FRONTIGNAN Occitanie,CADETS MATHON Charly A.S.B.F. FRONTIGNAN Occitanie,repaired
france-jeunes-2023-resultats-1-pdf-2023-b068,blue,FRANCE CADETS MIRAMAND Sacha CLUB Alpes,Alpes,repaired
france-jeunes-2023-resultats-1-pdf-2023-b069,red,CHAMPIONNAT DE FRANCE CADETS CHEBAB Aydenn CSME - Boxe Française Ile de France,CADETS CHEBAB Aydenn CSME - Boxe Française Ile,repaired
france-jeunes-2023-resultats-1-pdf-2023-b069,blue,CHAMPIONNAT DE FRANCE CADETS SANSEOU Aymeric FL LANESTER BF Bretagne,CADETS SANSEOU Aymeric FL LANESTER BF Bretagne,repaired
france-jeunes-2023-resultats-1-pdf-2023-b070,red,CHAMPIONNAT DE FRANCE CADETS DOUBLET Jonathan SA MERIGNAC BF Nouvelle-Aquitaine,CADETS DOUBLET Jonathan SA MERIGNAC BF Nouvelle-Aquitaine,repaired
france-jeunes-2023-resultats-1-pdf-2023-b070,blue,CHAMPIONNAT DE FRANCE CADETS GHERRAS Younès ACBD AVORD Centre,CADETS GHERRAS Younès ACBD AVORD Centre,repaired
france-jeunes-2023-resultats-1-pdf-2023-b071,blue,CHAMPIONNAT DE FRANCE CADETS DA ROCHA Jérémy AS EVRY SBF Ile de France,CADETS DA ROCHA Jérémy AS EVRY SBF Ile,repaired
france-jeunes-2023-resultats-1-pdf-2023-b072,red,FRANCE CADETS NGUENDE Warren joel PUGILISTIQUE Ile de France,FRANCE CADETS NGUENDE Warren joel PUGILISTIQUE Ile,repaired
france-jeunes-2023-resultats-1-pdf-2023-b072,blue,CHAMPIONNAT DE FRANCE CADETS RENOIR Enzo BF QUINQUIN OISE Hauts de France,CADETS RENOIR Enzo BF QUINQUIN OISE Hauts,repaired
france-jeunes-2023-resultats-1-pdf-2023-b073,blue,CHAMPIONNAT DE FRANCE CADETS JUVENAL Kylian JPPDA-TRP Réunion,CADETS JUVENAL Kylian JPPDA-TRP Réunion,repaired
huiti-mes-quarts-de-finales-2024-021,red_club,AVENIR SPORTIF D ORLY 94014,AVENIR SPORTIF DORLY 94014,repaired
huiti-mes-quarts-de-finales-2024-022,red,MATHON Charly Dynamik Boxing Club Frontignan,Frontignan,repaired
le-championnat-de-france-assaut-2024-2024-011,red_club,GANT D HERMINE VANNETAIS 56005,GANT DHERMINE VANNETAIS 56005,repaired
le-championnat-de-france-assaut-2024-2024-016,blue,ZEIMET Chloé Club Boxe Française Rethel,Boxe Française Rethel,repaired
le-championnat-de-france-assaut-2024-2024-021,red,CADIC Solweig,čaćić Solweig,repaired
le-championnat-de-france-assaut-2024-2024-027,blue,MARIE-COUSTé Solénie COTE DES LEGENDES LESNEVEN 29019,,dropped: contains digits
le-championnat-de-france-assaut-2024-2024-034,red,Pasquier Julien SBF DE CLUSES 74001,,dropped: contains digits
le-championnat-de-france-assaut-2024-2024-052,blue,MATHON Charly Dynamik Boxing Club Frontignan,Frontignan,repaired
livret-2f-v1-plescop-resultat-pdf-02-final,blue,VIGNAUDON Charlotte COURBEVOIE SAVATE B F,VIGNAUDON Charlotte COURBEVOIE SAVATE BF,repaired
livret-2f-v1-plescop-resultat-pdf-02-final,loser,VIGNAUDON Charlotte COURBEVOIE SAVATE B F,VIGNAUDON Charlotte COURBEVOIE SAVATE BF,repaired
livret-2f-v1-plescop-resultat-pdf-03-final,red,CAZAL Gwenaelle BAC9savate,,dropped: contains digits
livret-2eme-serie-m-resultat-brunoy-pdf-01-final,red,M56 GIARDI Paul VS GONZALO Yohann/ Victoire,,"dropped: reads as fixture text, not a name"
livret-2eme-serie-m-resultat-brunoy-pdf-01-final,blue,M56 GIARDI Paul VS HASSEINE Yanis/ Victoire,,"dropped: reads as fixture text, not a name"
livret-2eme-serie-m-resultat-brunoy-pdf-02-final,red,M60 GRUCHET Pierre-Yves VS GERVAISE Romain/ Victoire de GRUCHET Pierre-Yves.,,"dropped: reads as fixture text, not a name"
livret-2eme-serie-m-resultat-brunoy-pdf-02-final,blue,M60 GRUCHET Pierre-Yves VS BRICHETEAU Maxence/ Victoire de BRICHETEAU Maxence,,"dropped: reads as fixture text, not a name"
livret-2eme-serie-m-resultat-brunoy-pdf-03-final,red,M65 LE ROUX Simon VS MIELLOT Gael/ Victoire de LE ROUX Simon,,"dropped: reads as fixture text, not a name"
livret-2eme-serie-m-resultat-brunoy-pdf-03-final,blue,M65 LE ROUX Simon VS MAMET Simon/ Victoire de LE ROUX Simon,,"dropped: reads as fixture text, not a name"
livret-2eme-serie-m-resultat-brunoy-pdf-04-final,red,M70 BEAUNE Steven VS DEVERRE Cédric/ Victoire de BEAUNE Steven,,"dropped: reads as fixture text, not a name"
livret-2eme-serie-m-resultat-brunoy-pdf-04-final,blue,M70 DE LA CROIX Tristan VS LEROY Mathieu Victoire de LEROY Mathieu,,"dropped: reads as fixture text, not a name"
livret-2eme-serie-m-resultat-brunoy-pdf-05-final,red,M75 TIEN-MI-TEE Emeric VS MASMODI Rida Vainqueur MASMODI Rida,,"dropped: reads as fixture text, not a name"
livret-2eme-serie-m-resultat-brunoy-pdf-05-final,blue,M75 TIEN-MI-TEE Emeric VS GALLON Clément Vainqueur GALLON Clément,,"dropped: reads as fixture text, not a name"
livret-2eme-serie-m-resultat-brunoy-pdf-06-final,red,M80 BOUCHET Dorian VS LIGUORI Baptiste Vainqueur LIGUORI Baptiste,,"dropped: reads as fixture text, not a name"
livret-2eme-serie-m-resultat-brunoy-pdf-06-final,blue,M80 BOUCHET Dorian VS LEYMAT Lucas Vainqueur BOUCHET Dorian,,"dropped: reads as fixture text, not a name"
livret-2eme-serie-m-resultat-brunoy-pdf-07-final,red,M85 : GILSON Titouan VS FRAIX BURNET Maximin Vainqueur FRAIX BURNET Maximin,,"dropped: reads as fixture text, not a name"
livret-2eme-serie-m-resultat-brunoy-pdf-07-final,blue,M85 : GILSON Titouan VS BUNETEL Yves Mael Vainqueur BUNETEL Yves Mael,,"dropped: reads as fixture text, not a name"
livret-elite-a-st-christol-les-ales-pdf-01-final,blue,MORTIER Emma IMPACTS 33,,dropped: contains digits
livret-elite-a-st-christol-les-ales-pdf-03-final,blue,ZAMBONI Mendy B.F.S. CLUB THIERNOIS,THIERNOIS,repaired
livret-elite-a-st-christol-les-ales-pdf-03-final,loser,ZAMBONI Mendy B.F.S. CLUB THIERNOIS,THIERNOIS,repaired
livret-elite-a-st-christol-les-ales-pdf-04-final,red,BUZUEL (ATEF) Maurine U S CRETEIL,BUZUEL (ATEF) Maurine USCRETEIL,repaired
livret-elite-a-st-christol-les-ales-pdf-04-final,winner,BUZUEL (ATEF) Maurine U S CRETEIL,BUZUEL (ATEF) Maurine USCRETEIL,repaired
livret-elite-a-vandoeuvre-pdf-01-final,blue,NANDI Chloe U S CRETEIL,NANDI Chloe USCRETEIL,repaired
livret-elite-a-vandoeuvre-pdf-01-final,loser,NANDI Chloe U S CRETEIL,NANDI Chloe USCRETEIL,repaired
livret-elite-a-vandoeuvre-pdf-06-final,red,DELARIVE Matthieu BAC9savate,,dropped: contains digits
livret-finales-2eme-serie-angouleme-v1-pdf-05-final,blue,URTIAGA Melody APOLLO SPORTING CLUB VAL D'EUROPE,VAL D'EUROPE,repaired
livret-finales-2eme-serie-angouleme-v1-pdf-05-final,loser,URTIAGA Melody APOLLO SPORTING CLUB VAL D'EUROPE,VAL D'EUROPE,repaired
livret-finales-2eme-serie-angouleme-v1-pdf-10-final,blue,TITREN Nicolas BAC9savate,,dropped: contains digits
livret-finales-2eme-serie-angouleme-v1-pdf-12-final,red,BODIMBOURG Nicolas CLUB DE SAVATE MACONNAIS,DE SAVATE MACONNAIS,repaired
livret-finales-2eme-serie-angouleme-v1-pdf-12-final,winner,BODIMBOURG Nicolas CLUB DE SAVATE MACONNAIS,DE SAVATE MACONNAIS,repaired
livret-finales-2eme-serie-angouleme-v1-pdf-15-final,red,BARREAU Paul IMPACTS 33,,dropped: contains digits
livret-finales-elite-b-v2-pdf-01-final,blue,MORTIER Emma IMPACTS 33,,dropped: contains digits
livret-finales-elite-b-v2-pdf-11-final,red,DELARIVE Matthieu BAC9savate,,dropped: contains digits
livret-finales-elite-b-v2-pdf-11-final,blue,Rony NICE BOXING TEAM FRANK MAY,FRANK MAY,repaired
livret-finales-elite-b-v2-pdf-12-final,red,MARTIN Fabien M J C SAVATE COTOISE,MARTIN Fabien MJCSAVATE COTOISE,repaired
livret-finales-elite-b-v2-pdf-12-final,winner,MARTIN Fabien M J C SAVATE COTOISE,MARTIN Fabien MJCSAVATE COTOISE,repaired
livret-finales-verdun-23-mars-2024-1-pdf-2024-02-final,blue,PEREZ Lisa M J C SAVATE COTOISE,PEREZ Lisa MJCSAVATE COTOISE,repaired
livret-finales-verdun-23-mars-2024-1-pdf-2024-02-final,loser,PEREZ Lisa M J C SAVATE COTOISE,PEREZ Lisa MJCSAVATE COTOISE,repaired
livret-finales-verdun-23-mars-2024-1-pdf-2024-05-final,red,PERRIN Maeva M J C SAVATE COTOISE,PERRIN Maeva MJCSAVATE COTOISE,repaired
livret-finales-verdun-23-mars-2024-1-pdf-2024-05-final,blue,PENA Cyrila T.C.M.S.,PENA Cyrila T.C.M.S,repaired
livret-finales-verdun-23-mars-2024-1-pdf-2024-05-final,winner,PERRIN Maeva M J C SAVATE COTOISE,PERRIN Maeva MJCSAVATE COTOISE,repaired
livret-finales-verdun-23-mars-2024-1-pdf-2024-05-final,loser,PENA Cyrila T.C.M.S.,PENA Cyrila T.C.M.S,repaired
livret-finales-verdun-23-mars-2024-1-pdf-2024-09-final,blue,FERRARA Joan NICE BOXING TEAM FRANK MAY,FRANK MAY,repaired
livret-finales-verdun-23-mars-2024-1-pdf-2024-09-final,loser,FERRARA Joan NICE BOXING TEAM FRANK MAY,FRANK MAY,repaired
livret-finales-verdun-23-mars-2024-1-pdf-2024-14-final,red,GONZALO Yohann SAVATE CLUB DRAVEIL BFD,DRAVEIL BFD,repaired
livret-finales-verdun-23-mars-2024-1-pdf-2024-14-final,winner,GONZALO Yohann SAVATE CLUB DRAVEIL BFD,DRAVEIL BFD,repaired
livret-finales-verdun-23-mars-2024-1-pdf-2024-17-final,blue,DE LA CROIX Tristan LE CERCLE SBF 33,,dropped: contains digits
livret-finales-verdun-23-mars-2024-1-pdf-2024-23-final,blue,MONACO Noah M J C SAVATE COTOISE,MONACO Noah MJCSAVATE COTOISE,repaired
livret-finales-verdun-23-mars-2024-1-pdf-2024-23-final,loser,MONACO Noah M J C SAVATE COTOISE,MONACO Noah MJCSAVATE COTOISE,repaired
livret-finales-verdun-23-mars-2024-1-pdf-2024-24-final,blue,MONACO Mathis M J C SAVATE COTOISE,MONACO Mathis MJCSAVATE COTOISE,repaired
livret-finales-verdun-23-mars-2024-1-pdf-2024-24-final,loser,MONACO Mathis M J C SAVATE COTOISE,MONACO Mathis MJCSAVATE COTOISE,repaired
livret-finales-verdun-23-mars-2024-1-pdf-2024-27-final,blue,NGUENDE Warren Joël C S MEAUX BOXE ACT PUGILISTIQUE,NGUENDE Warren Joël CSMEAUX BOXE ACT PUGILISTIQUE,repaired
livret-finales-verdun-23-mars-2024-1-pdf-2024-27-final,loser,NGUENDE Warren Joël C S MEAUX BOXE ACT PUGILISTIQUE,NGUENDE Warren Joël CSMEAUX BOXE ACT PUGILISTIQUE,repaired
livret-open-de-francev2-pdf-2023-b002,red_club,B.F.S BFS Strasbourg,B.F.SBFS Strasbourg,repaired
livret-open-de-francev2-pdf-2023-b008,blue,SAVATE CLUB D’ANGOULEME Super Légers,D’ANGOULEME Super Légers,repaired
livret-open-de-francev2-pdf-2023-b034,red_club,A S D P T Savate Menton,AS D P T Savate Menton,repaired
livret-open-de-francev2-pdf-2023-b035,blue_club,M J C SAVATE COTOISE,MJCSAVATE COTOISE,repaired
livret-open-de-francev2-pdf-2023-b054,red_club,FFIVE S SAVATE BF 62,FFIVE SSAVATE BF 62,repaired
livret-open-de-francev2-pdf-2023-b064,blue_club,M J C SAVATE COTOISE,MJCSAVATE COTOISE,repaired
livret-open-de-francev2-pdf-2023-b068,red_club,M J C SAVATE COTOISE,MJCSAVATE COTOISE,repaired
livret-premium-resultat-armentieres-pdf-03-final,red,PERRIN Maeva M J C SAVATE COTOISE,PERRIN Maeva MJCSAVATE COTOISE,repaired
livret-premium-resultat-armentieres-pdf-03-final,blue,BAABAN A BAROUNG Lucie Pharelle Akouan International S,BAABAN ABAROUNG Lucie Pharelle Akouan S,repaired
livret-premium-resultat-armentieres-pdf-03-final,winner,PERRIN Maeva M J C SAVATE COTOISE,PERRIN Maeva MJCSAVATE COTOISE,repaired
livret-premium-resultat-armentieres-pdf-03-final,loser,BAABAN A BAROUNG Lucie Pharelle Akouan International S,BAABAN ABAROUNG Lucie Pharelle Akouan S,repaired
livret-premium-resultat-armentieres-pdf-04-final,red,SACCOH Kadidiatou AVENIR SPORTIF D ORLY,SACCOH Kadidiatou AVENIR SPORTIF DORLY,repaired
livret-premium-resultat-armentieres-pdf-04-final,blue,PARADIS Sixtine M J C SAVATE COTOISE,PARADIS Sixtine MJCSAVATE COTOISE,repaired
livret-premium-resultat-armentieres-pdf-04-final,winner,SACCOH Kadidiatou AVENIR SPORTIF D ORLY,SACCOH Kadidiatou AVENIR SPORTIF DORLY,repaired
livret-premium-resultat-armentieres-pdf-04-final,loser,PARADIS Sixtine M J C SAVATE COTOISE,PARADIS Sixtine MJCSAVATE COTOISE,repaired
livret-premium-resultat-armentieres-pdf-05-final,blue,DARDENNE Melvin B.F.S. CLUB THIERNOIS,THIERNOIS,repaired
livret-premium-resultat-armentieres-pdf-05-final,loser,DARDENNE Melvin B.F.S. CLUB THIERNOIS,THIERNOIS,repaired
livret-de-competition-championnat-assaut-2025-1-pdf-2025-006,red_club,U S CRETEIL 94002,USCRETEIL 94002,repaired
livret-de-competition-championnat-assaut-2025-1-pdf-2025-006,blue_club,A L SAVATE 34038,ALSAVATE 34038,repaired
livret-de-competition-championnat-assaut-2025-1-pdf-2025-012,blue,FAUDEMER (LEVAVASSEUR) Julie Scheffler Boxing Club 74009,,dropped: contains digits
livret-de-competition-championnat-assaut-2025-1-pdf-2025-017,blue,ZEIMET Chloé Club Boxe Française Rethel 8001,,dropped: contains digits
livret-de-competition-championnat-assaut-2025-1-pdf-2025-023,red,CADIC Solweig,čaćić Solweig,repaired
livret-de-competition-championnat-assaut-2025-1-pdf-2025-026,blue_club,M J C SAVATE COTOISE 38023,MJCSAVATE COTOISE 38023,repaired
livret-de-competition-championnat-assaut-2025-1-pdf-2025-028,red_club,A L SAVATE 34038,ALSAVATE 34038,repaired
livret-de-competition-championnat-assaut-2025-1-pdf-2025-032,blue,BORNER Anaïs Espoir Boxing Club 33029,,dropped: contains digits
livret-de-competition-championnat-assaut-2025-1-pdf-2025-037,red_club,U S CRETEIL 94002,USCRETEIL 94002,repaired
livret-de-competition-championnat-assaut-2025-1-pdf-2025-042,red,CAVROT--WESTERLINCK Ethan Wattrelos Savate Club 59062,,dropped: contains digits
livret-de-competition-championnat-assaut-2025-1-pdf-2025-051,blue_club,S SAVATITUDE 26017,SSAVATITUDE 26017,repaired
livret-de-competition-championnat-assaut-2025-1-pdf-2025-052,red_club,M J C SAVATE COTOISE 38023,MJCSAVATE COTOISE 38023,repaired
livret-de-competition-championnat-assaut-2025-1-pdf-2025-060,red_club,M J C SAVATE COTOISE 38023,MJCSAVATE COTOISE 38023,repaired
livret-de-competition-championnat-assaut-2025-1-pdf-2025-070,blue,LELONG Quentin Savate'Plaire 62023,,dropped: contains digits
livret-de-competition-championnat-assaut-2025-1-pdf-2025-072,blue,LACHENAL Edouard Saint fons Gerland savate 69040,,dropped: contains digits
livret-de-competition-championnat-assaut-2025-1-pdf-2025-073,blue,CHARTIER Jean-Baptiste Rivalist Boxing Club 75107,,dropped: contains digits
livret-de-competition-championnat-assaut-2025-1-pdf-2025-074,red_club,U S CRETEIL 94002,USCRETEIL 94002,repaired
livret-de-competition-championnat-veteran-2026-pdf-2026-004,blue,BEN MOUSSA Maria Punchistes Savate Club 75108,,dropped: contains digits
livret-de-competition-championnat-veteran-2026-pdf-2026-006,red,ARCHINARD Mathilde Savate Beaumontoise 26006,,dropped: contains digits
livret-de-competition-championnat-veteran-2026-pdf-2026-006,blue,ASENSI Nathalie Dynamik Boxing Club Frontignan 34037,,dropped: contains digits
livret-de-competition-championnat-veteran-2026-pdf-2026-007,red,GARCIA Tania Toulouse Savate Club 31 31085,,dropped: contains digits
livret-de-competition-championnat-veteran-2026-pdf-2026-008,red,ADAM (BEYER) Isabel Savate Boxe Française Semécourt 57023,,dropped: contains digits
livret-de-competition-championnat-veteran-2026-pdf-2026-009,red,BOULANGER Peggy Saint fons gerland savate 69040,,dropped: contains digits
livret-de-competition-championnat-veteran-2026-pdf-2026-014,blue,AUBERT Thomas Savate Espérance Wettolsheim 68010,,dropped: contains digits
livret-de-competition-championnat-veteran-2026-pdf-2026-032,blue,MAGAT Xavier Savate Beaumontoise 26006,,dropped: contains digits
livret-de-competition-championnat-veteran-2026-pdf-2026-033,blue,MOUMINE Miloudi académie multi boxes wattrelosien 59005,,dropped: contains digits
livret-de-competition-championnat-veteran-2026-pdf-2026-034,red,ADAM Alexandre Savate Boxe Française Semécourt 57023,,dropped: contains digits
livret-de-competition-championnat-veteran-2026-pdf-2026-035,red_club,CERCLE DE B F ERMONT 95003,CERCLE DE BFERMONT 95003,repaired
livret-de-competition-championnat-veteran-2026-pdf-2026-038,blue_club,A L SAVATE 34038,ALSAVATE 34038,repaired
livret-de-competition-finale-elite-b-maubeuge-pdf-01-final,red,DELRIEU-MAJERI Louna LE CERCLE SBF 33,,dropped: contains digits
livret-de-competition-finale-elite-b-maubeuge-pdf-03-final,blue,CAZAL Gwenaelle BAC9savate,,dropped: contains digits
livret-de-competition-finale-elite-b-maubeuge-pdf-13-final,red,DUHEM Julien Académie multi boxes wattrelosien,multi boxes wattrelosien,repaired
livret-de-competition-finale-elite-b-maubeuge-pdf-13-final,winner,DUHEM Julien Académie multi boxes wattrelosien,multi boxes wattrelosien,repaired
livret-de-competition-finale-elite-b-maubeuge-pdf-14-final,blue,MARTIN Fabien M J C SAVATE COTOISE,MARTIN Fabien MJCSAVATE COTOISE,repaired
livret-de-competition-finale-elite-b-maubeuge-pdf-14-final,loser,MARTIN Fabien M J C SAVATE COTOISE,MARTIN Fabien MJCSAVATE COTOISE,repaired
livret-de-competition-finales-2e-series-rousies-pdf-06-final,red,CHASTEL Margot BOXING CLUB RIOMOIS 15,,dropped: contains digits
livret-de-competition-finales-2e-series-rousies-pdf-13-final,blue,NSIALA DJO Elliot SERRIS VAL D’EUROPE SAVATE,NSIALA DJO Elliot SERRIS VAL SAVATE,repaired
livret-de-competition-finales-2e-series-rousies-pdf-13-final,loser,NSIALA DJO Elliot SERRIS VAL D’EUROPE SAVATE,NSIALA DJO Elliot SERRIS VAL SAVATE,repaired
livret-de-competition-finales-2e-series-rousies-pdf-14-final,blue,PASSIEUX Simon Union Savate Boxing,Savate Boxing,repaired
livret-de-competition-finales-2e-series-rousies-pdf-14-final,loser,PASSIEUX Simon Union Savate Boxing,Savate Boxing,repaired
livret-de-competition-open-assaut-a-merignac-pdf-2024-b004,red,BERNARD Eva CATHARE CLUB SAVATE BF ET DA,SAVATE BF ET DA,repaired
livret-de-competition-open-assaut-a-merignac-pdf-2024-b010,blue,ONG Francine U S CRETEIL,ONG Francine USCRETEIL,repaired
livret-de-competition-open-assaut-a-merignac-pdf-2024-b011,red,ROULIOT Manon SAVATE CLUB VALENTINE,VALENTINE,repaired
livret-de-competition-open-assaut-a-merignac-pdf-2024-b011,blue,TRACOULAT Louanne B.F.S. CLUB THIERNOIS,THIERNOIS,repaired
livret-de-competition-open-assaut-a-merignac-pdf-2024-b012,red,VIENNE Justine T.C.M.S.,VIENNE Justine T.C.M.S,repaired
livret-de-competition-open-assaut-a-merignac-pdf-2024-b013,blue,FALAKI Ines BOXING CLUB 48,,dropped: contains digits
livret-de-competition-open-assaut-a-merignac-pdf-2024-b016,red,HIOLLE Julie ACADEMIE BOXES PIEDS ET POINGS /M.J.C. PAYS DE QUI,BOXES PIEDS ET POINGS /M.J.C. PAYS DE QUI,repaired
livret-de-competition-open-assaut-a-merignac-pdf-2024-b017,blue,SABATIER Estelle PHOENIX 13,,dropped: contains digits
livret-de-competition-open-assaut-a-merignac-pdf-2024-b020,red,PHAM QUANG Lucie C.S.A.K.B.,PHAM QUANG Lucie C.S.A.K.B,repaired
livret-de-competition-open-assaut-a-merignac-pdf-2024-b026,blue,TRUANT Charlotte SAVATE BOXING CLUB DUNKERQUE DA,DUNKERQUE DA,repaired
livret-de-competition-open-assaut-a-merignac-pdf-2024-b031,blue,LINA Kelly T.C.M.S.,LINA Kelly T.C.M.S,repaired
livret-de-competition-open-assaut-a-merignac-pdf-2024-b032,red,MOLINER Nils SAVATE CLUB VALENTINE,VALENTINE,repaired
livret-de-competition-open-assaut-a-merignac-pdf-2024-b033,blue,D’EUROPE SAVATE QUESNE Hubert SERRIS VAL,SAVATE QUESNE Hubert SERRIS VAL,repaired
livret-de-competition-open-assaut-a-merignac-pdf-2024-b043,red,LERAILLE Alix U S CRETEIL,LERAILLE Alix USCRETEIL,repaired
livret-de-competition-open-assaut-a-merignac-pdf-2024-b044,blue,ROUILLARD Antonin ELITE SAVATE CLUB CERENCAIS,CERENCAIS,repaired
livret-de-competition-open-assaut-a-merignac-pdf-2024-b053,red,DIALLO Clément EPPG (Pré St Gervais),DIALLO Clément EPPG,repaired
livret-de-competition-open-assaut-a-merignac-pdf-2024-b053,red_country,Pré St Gervais,Pré St Gervais,unresolved: kept verbatim
livret-de-competition-open-assaut-a-merignac-pdf-2024-b054,blue,SEIFERT Gabriel KODIAK 33 SAVATE BF,,dropped: contains digits
livret-de-competition-open-assaut-a-merignac-pdf-2024-b059,red,ALBERNI Florian ACADEMIE BF MONTPELLIER,BF MONTPELLIER,repaired
livret-de-competition-open-assaut-a-merignac-pdf-2024-b061,blue,RABASSO-AILLAUD André SAVATE CLUB VALENTINE,VALENTINE,repaired
livret-de-competition-open-assaut-a-merignac-pdf-2024-b074,blue,BENZELMAT Bilal M J C SAVATE COTOISE,BENZELMAT Bilal MJCSAVATE COTOISE,repaired
livret-de-competition-open-dautomne-2025-v5-pdf-2025-002,blue,LE DAMANY Stella BAC9savate 75057,,dropped: contains digits
livret-de-competition-open-dautomne-2025-v5-pdf-2025-004,blue,MARAMICI Marguerite BAC9savate 75057,,dropped: contains digits
livret-de-competition-open-dautomne-2025-v5-pdf-2025-006,red,BOIVIN Solene Saint fons gerland savate 69040,,dropped: contains digits
livret-de-competition-open-dautomne-2025-v5-pdf-2025-009,blue_club,U S CRETEIL 94002,USCRETEIL 94002,repaired
livret-de-competition-open-dautomne-2025-v5-pdf-2025-011,red,COLONNETTE Yannick Cercle Boxing Club 92009,,dropped: contains digits
livret-de-competition-open-dautomne-2025-v5-pdf-2025-013,red,TITREN Nicolas BAC9savate 75057,,dropped: contains digits
livret-de-competition-open-dautomne-2025-v5-pdf-2025-014,red_club,S SAVATITUDE 26017,SSAVATITUDE 26017,repaired
livret-de-competition-open-dautomne-2025-v5-pdf-2025-015,red,HADJAM Merowan Spartan Boxing Club 26024,,dropped: contains digits
livret-de-competition-open-dautomne-2025-v5-pdf-2025-017,blue_club,S SAVATITUDE 26017,SSAVATITUDE 26017,repaired
livret-de-competition-open-dautomne-2025-v5-pdf-2025-020,blue,LARTOT Ethan Saint fons gerland savate 69040,,dropped: contains digits
livret-de-competition-open-dautomne-2025-v5-pdf-2025-022,red,DELARIVE Matthieu BAC9savate 75057,,dropped: contains digits
livret-de-competition-championnat-avenir-2026-v4-pdf-2026-b001,red,ROCHE Jade BOXE SAVATE CLUB 56,,dropped: contains digits
livret-de-competition-championnat-avenir-2026-v4-pdf-2026-b002,blue,RICHARD Anna NICE BOXING TEAM FRANK MAY,FRANK MAY,repaired
livret-de-competition-championnat-avenir-2026-v4-pdf-2026-b004,red,TEKAIA Sarra Dynamik Boxing Club Frontignan,Frontignan,repaired
livret-de-competition-championnat-avenir-2026-v4-pdf-2026-b006,blue,GIRAUD Maely BOXING VAROIS TEAM GRECH,GRECH,repaired
livret-de-competition-championnat-avenir-2026-v4-pdf-2026-b009,red,DURIEU Tinsa? LYNX 07,,dropped: contains digits
livret-de-competition-championnat-avenir-2026-v4-pdf-2026-b012,red,EL KEFI Djena COURBEVOIE SAVATE B F,EL KEFI Djena COURBEVOIE SAVATE BF,repaired
livret-de-competition-championnat-avenir-2026-v4-pdf-2026-b016,blue,VILLEMANDY Louise BOXING CLUB GISORS,GISORS,repaired
livret-de-competition-championnat-avenir-2026-v4-pdf-2026-b017,blue,CATTEAU Louna académie multi boxes wattrelosien,multi boxes wattrelosien,repaired
livret-de-competition-championnat-avenir-2026-v4-pdf-2026-b019,red,KERUZORE Alec M J C SAVATE COTOISE,KERUZORE Alec MJCSAVATE COTOISE,repaired
livret-de-competition-championnat-avenir-2026-v4-pdf-2026-b022,red,BEAUNE Mylann BOXING CLUB CORBIERES MARITIMES,CORBIERES MARITIMES,repaired
livret-de-competition-championnat-avenir-2026-v4-pdf-2026-b024,red,BEL-HADJ Fares ALSACE BOXING CLUB PIEMONT,PIEMONT,repaired
livret-de-competition-championnat-avenir-2026-v4-pdf-2026-b032,red,ROSLEY Ludovic BOXING CLUB GISORS,GISORS,repaired
livret-de-competition-championnat-avenir-2026-v4-pdf-2026-b033,blue,VONLANTHEN Ethan SAM-SAVATE A MOIDIEU,VONLANTHEN Ethan SAM-SAVATE AMOIDIEU,repaired
livret-de-competition-championnat-avenir-2026-v4-pdf-2026-b035,red,FAUCHEUX Tadeusz ACADEMIE BOXES PIEDS ET POINGS,BOXES PIEDS ET POINGS,repaired
livret-de-competition-championnat-avenir-2026-v4-pdf-2026-b036,red,BOUSCARY Maia T.C.M.S.,BOUSCARY Maia T.C.M.S,repaired
livret-de-competition-championnat-avenir-2026-v4-pdf-2026-b036,blue,DARDENNE Maeva B.F.S. CLUB THIERNOIS,THIERNOIS,repaired
livret-de-competition-championnat-avenir-2026-v4-pdf-2026-b038,blue,CHIAB Cheryne B.F.S. CLUB THIERNOIS,THIERNOIS,repaired
livret-de-competition-championnat-avenir-2026-v4-pdf-2026-b042,red,colbeaux (CALBEAUX) Elea MULTIBOXE 55,,dropped: contains digits
livret-de-competition-championnat-avenir-2026-v4-pdf-2026-b044,blue,ARZUL Loeiza ACADEMIE BOXES PIEDS ET POINGS,BOXES PIEDS ET POINGS,repaired
livret-de-competition-championnat-avenir-2026-v4-pdf-2026-b045,red,MAGDALOU Mila Savate Boxe Française PML 34,,dropped: contains digits
livret-de-competition-championnat-avenir-2026-v4-pdf-2026-b049,blue,HUBER Charlie Boxing Club Wintzenheim,Wintzenheim,repaired
livret-de-competition-championnat-avenir-2026-v4-pdf-2026-b052,blue,FARGEAS David françois damane PUNCH 33 MULTI BOXES ET FORME,,dropped: contains digits
livret-de-competition-championnat-avenir-2026-v4-pdf-2026-b053,blue,LAURET Daniel michel ASSOCIATION BF DU BERNICA,BF DU BERNICA,repaired
livret-de-competition-championnat-avenir-2026-v4-pdf-2026-b054,blue,LOPES Leo PUNCH 33 MULTI BOXES ET FORME,,dropped: contains digits
livret-de-competition-championnat-avenir-2026-v4-pdf-2026-b056,blue,MAURY Paco IMPACTS 33,,dropped: contains digits
livret-de-competition-championnat-avenir-2026-v4-pdf-2026-b060,blue,TANSY Mason TEYRAN SAVATE POING 34,,dropped: contains digits
livret-de-competition-championnat-avenir-2026-v4-pdf-2026-b061,blue,DUQUESNEL Enguerand BOXE SAVATE CLUB 56,,dropped: contains digits
livret-de-competition-championnat-avenir-2026-v4-pdf-2026-b063,blue,PETIT Arthur BOXING CLUB GISORS,GISORS,repaired
livret-de-competition-championnat-avenir-2026-v4-pdf-2026-b070,blue,ERIN-ROUX Nitai U S CRETEIL,ERIN-ROUX Nitai USCRETEIL,repaired
livret-de-competition-championnat-avenir-2026-v4-pdf-2026-b072,red,WALDOCH Joseph NICE BOXING TEAM FRANK MAY,FRANK MAY,repaired
livret-de-competition-finale-riaille-v2-pdf-2025-b001,red,NOUAR GRECH Naomi BOXING VAROIS TEAM GRECH,GRECH,repaired
livret-de-competition-finale-riaille-v2-pdf-2025-b002,red,LERAILLE Alana U S CRETEIL,LERAILLE Alana USCRETEIL,repaired
livret-de-competition-finale-riaille-v2-pdf-2025-b002,blue,PATEREK Romane Union Savate Boxing,Savate Boxing,repaired
livret-de-competition-finale-riaille-v2-pdf-2025-b004,red,SACCOH Kadidiatou U S CRETEIL,SACCOH Kadidiatou USCRETEIL,repaired
livret-de-competition-finale-riaille-v2-pdf-2025-b012,blue,LECLERE-MESSEBEL Eléonore U S CRETEIL,LECLERE-MESSEBEL Eléonore USCRETEIL,repaired
livret-de-competition-finale-riaille-v2-pdf-2025-b013,red,COPPEAUX Isaure U S CRETEIL,COPPEAUX Isaure USCRETEIL,repaired
livret-de-competition-finale-riaille-v2-pdf-2025-b015,red,ERUAM Lucie M J C SAVATE COTOISE,ERUAM Lucie MJCSAVATE COTOISE,repaired
livret-de-competition-finale-riaille-v2-pdf-2025-b016,red,RAULT Capucine BOXE SAVATE CLUB 56,,dropped: contains digits
livret-de-competition-finale-riaille-v2-pdf-2025-b018,blue,OTHILY-JOACHIN Noah U S CRETEIL,OTHILY-JOACHIN Noah USCRETEIL,repaired
livret-de-competition-finale-riaille-v2-pdf-2025-b019,red,CASCA Terence U S CRETEIL,CASCA Terence USCRETEIL,repaired
livret-de-competition-finale-riaille-v2-pdf-2025-b021,blue,CASSAT Leo IMPACTS 33,,dropped: contains digits
livret-de-competition-finales-ea-eb-marseille-avril-2026-v2-05-final,red,LEVET Maëva BOXING CLUB RIOMOIS 15,,dropped: contains digits
livret-de-competition-finales-ea-eb-marseille-avril-2026-v2-06-final,blue,TAGREDJ Camil NICE BOXING TEAM FRANK MAY,FRANK MAY,repaired
livret-de-competition-finales-ea-eb-marseille-avril-2026-v2-06-final,loser,TAGREDJ Camil NICE BOXING TEAM FRANK MAY,FRANK MAY,repaired
livret-de-competition-finales-ea-eb-marseille-avril-2026-v2-07-final,red,BEAUNE Steven BOXING CLUB CORBIERES MARITIMES,CORBIERES MARITIMES,repaired
livret-de-competition-finales-ea-eb-marseille-avril-2026-v2-07-final,winner,BEAUNE Steven BOXING CLUB CORBIERES MARITIMES,CORBIERES MARITIMES,repaired
livret-de-competition-finales-ea-eb-marseille-avril-2026-v2-08-final,blue,BELLET Clemence S SAVATITUDE,BELLET Clemence SSAVATITUDE,repaired
livret-de-competition-finales-ea-eb-marseille-avril-2026-v2-08-final,loser,BELLET Clemence S SAVATITUDE,BELLET Clemence SSAVATITUDE,repaired
livret-de-competition-finales-espoir-m-2025-v2-pdf-2025-04-final,blue,TAGREDJ Camil NICE BOXING TEAM FRANK MAY,FRANK MAY,repaired
livret-de-competition-finales-espoir-m-2025-v2-pdf-2025-04-final,loser,TAGREDJ Camil NICE BOXING TEAM FRANK MAY,FRANK MAY,repaired
livret-de-competition-finales-espoir-m-2025-v2-pdf-2025-07-final,red,PICHARD Axel NICE BOXING TEAM FRANK MAY,FRANK MAY,repaired
livret-de-competition-finales-espoir-m-2025-v2-pdf-2025-07-final,blue,RICHARD-BENGOECHEA Luken KASKA 64,,dropped: contains digits
livret-de-competition-finales-juniors-avril-2026-pdf-2026-01-final,blue,SAUVAGE Théo B.F.S. CLUB THIERNOIS,THIERNOIS,repaired
livret-de-competition-finales-juniors-avril-2026-pdf-2026-01-final,loser,SAUVAGE Théo B.F.S. CLUB THIERNOIS,THIERNOIS,repaired
livret-de-competition-finales-juniors-avril-2026-pdf-2026-06-final,red,LERAILLE Alana U S CRETEIL,LERAILLE Alana USCRETEIL,repaired
livret-de-competition-finales-juniors-avril-2026-pdf-2026-06-final,blue,NOUAR GRECH Léa BOXING VAROIS TEAM GRECH,GRECH,repaired
livret-de-competition-finales-juniors-avril-2026-pdf-2026-06-final,winner,LERAILLE Alana U S CRETEIL,LERAILLE Alana USCRETEIL,repaired
livret-de-competition-finales-juniors-avril-2026-pdf-2026-06-final,loser,NOUAR GRECH Léa BOXING VAROIS TEAM GRECH,GRECH,repaired
livret-de-competition-finales-juniors-avril-2026-pdf-2026-07-final,blue,SACCOH Kadidiatou U S CRETEIL,SACCOH Kadidiatou USCRETEIL,repaired
livret-de-competition-finales-juniors-avril-2026-pdf-2026-07-final,loser,SACCOH Kadidiatou U S CRETEIL,SACCOH Kadidiatou USCRETEIL,repaired
livret-de-competition-finales-assaut-2026-pdf-2026-01-final,red,NANDI Chloe U S CRETEIL,NANDI Chloe USCRETEIL,repaired
livret-de-competition-finales-assaut-2026-pdf-2026-01-final,winner,NANDI Chloe U S CRETEIL,NANDI Chloe USCRETEIL,repaired
livret-de-competition-finales-assaut-2026-pdf-2026-05-final,blue,Buzuel (ATEF) Maurine U S CRETEIL,Buzuel (ATEF) Maurine USCRETEIL,repaired
livret-de-competition-finales-assaut-2026-pdf-2026-05-final,loser,Buzuel (ATEF) Maurine U S CRETEIL,Buzuel (ATEF) Maurine USCRETEIL,repaired
livret-de-competition-finales-assaut-2026-pdf-2026-07-final,blue,SACCOH Kadidiatou U S CRETEIL,SACCOH Kadidiatou USCRETEIL,repaired
livret-de-competition-finales-assaut-2026-pdf-2026-07-final,loser,SACCOH Kadidiatou U S CRETEIL,SACCOH Kadidiatou USCRETEIL,repaired
livret-de-competition-finales-assaut-2026-pdf-2026-15-final,red,DEMOUGEOT Franck Dynamik Boxing Club Frontignan,Frontignan,repaired
livret-de-competition-finales-assaut-2026-pdf-2026-15-final,blue,HUPPERT Lucas C.S.A.K.B.,HUPPERT Lucas C.S.A.K.B,repaired
livret-de-competition-finales-assaut-2026-pdf-2026-15-final,winner,DEMOUGEOT Franck Dynamik Boxing Club Frontignan,Frontignan,repaired
livret-de-competition-finales-assaut-2026-pdf-2026-15-final,loser,HUPPERT Lucas C.S.A.K.B.,HUPPERT Lucas C.S.A.K.B,repaired
livret-de-competition-open-assaut-individuel-calais-v2-pdf-002,red_club,U S CRETEIL 94002,USCRETEIL 94002,repaired
livret-de-competition-open-assaut-individuel-calais-v2-pdf-005,blue_club,GANT D HERMINE VANNETAIS 56005,GANT DHERMINE VANNETAIS 56005,repaired
livret-de-competition-open-assaut-individuel-calais-v2-pdf-008,blue_club,GANT D OR DE HOUILLES 78029,GANT DOR DE HOUILLES 78029,repaired
livret-de-competition-open-assaut-individuel-calais-v2-pdf-013,blue_club,U S CRETEIL 94002,USCRETEIL 94002,repaired
livret-de-competition-open-assaut-individuel-calais-v2-pdf-015,blue,RICHER Nikita Fight Form Academy 2010,,dropped: contains digits
livret-de-competition-open-assaut-individuel-calais-v2-pdf-019,blue_club,GANT D ARGENT LILLE SUD 59013,GANT DARGENT LILLE SUD 59013,repaired
livret-de-competition-open-assaut-individuel-calais-v2-pdf-021,blue,RIGAUD Charlotte Amicale Epernon Savate Sparnoni 28003,,dropped: contains digits
livret-de-competition-open-assaut-individuel-calais-v2-pdf-024,red,HUCK Rosi Savate'Plaire 62023,,dropped: contains digits
livret-de-competition-open-assaut-individuel-calais-v2-pdf-025,blue,O'MAHONY GALATAUD Kate Savate Boxing Club du Petit Cau 76025,,dropped: contains digits
livret-de-competition-open-assaut-individuel-calais-v2-pdf-026,red_club,U S CRETEIL 94002,USCRETEIL 94002,repaired
livret-de-competition-open-assaut-individuel-calais-v2-pdf-026,blue_club,A BF SALON DE PROVENCE 13017,ABF SALON DE PROVENCE 13017,repaired
livret-de-competition-open-assaut-individuel-calais-v2-pdf-033,red,EL ABASSI Yousra Punchistes Savate Club 75108,,dropped: contains digits
livret-de-competition-open-assaut-individuel-calais-v2-pdf-038,red,MARTEAUX Idriss Club Boxe Française Rethel 8001,,dropped: contains digits
livret-de-competition-open-assaut-individuel-calais-v2-pdf-039,red,PASSIEUX Simon Union Savate Boxing 73019,,dropped: contains digits
livret-de-competition-open-assaut-individuel-calais-v2-pdf-042,blue_club,SAM-SAVATE A MOIDIEU 38034,SAM-SAVATE AMOIDIEU 38034,repaired
livret-de-competition-open-assaut-individuel-calais-v2-pdf-043,blue,TRIBALAT Nolan Toulouse Savate Club 31 31085,,dropped: contains digits
livret-de-competition-open-assaut-individuel-calais-v2-pdf-046,red,RATSAVONG Louka Association Savate Boxe Française 12009,,dropped: contains digits
livret-de-competition-open-assaut-individuel-calais-v2-pdf-051,red,SCHLEMMER Stan Boxe francaise savate sommieres 30055,,dropped: contains digits
livret-de-competition-open-assaut-individuel-calais-v2-pdf-052,blue_club,C O M B BAGNEUX 92012,COMBBAGNEUX 92012,repaired
livret-de-competition-open-assaut-individuel-calais-v2-pdf-055,blue,KOPP Victor Saint fons gerland savate 69040,,dropped: contains digits
livret-de-competition-open-assaut-individuel-calais-v2-pdf-057,blue,MARCHAND-EMO Lorenzo Boxe Française de Cleres 76019,,dropped: contains digits
livret-de-competition-open-assaut-individuel-calais-v2-pdf-058,red_club,U S CRETEIL 94002,USCRETEIL 94002,repaired
livret-de-competition-open-assaut-individuel-calais-v2-pdf-060,red,CHAPELLE Luca Union Savate Boxing 73019,,dropped: contains digits
livret-de-competition-open-assaut-individuel-calais-v2-pdf-060,blue,COURTOT Quentin Entente Sportive Aumaloise Boxe 76024,,dropped: contains digits
livret-de-competition-open-assaut-individuel-calais-v2-pdf-065,red_club,U S CRETEIL 94002,USCRETEIL 94002,repaired
livret-de-competition-open-assaut-individuel-calais-v2-pdf-067,red,PADULA Thomas Boxe Française Académie 82012,,dropped: contains digits
livret-de-competition-open-assaut-individuel-calais-v2-pdf-068,blue,RUIZ Josselin Savate Fit 38035,,dropped: contains digits
livret-de-competition-open-assaut-individuel-calais-v2-pdf-069,blue,BONNET Gaël Espoir Boxing Club 33029,,dropped: contains digits
livret-de-competition-open-assaut-individuel-calais-v2-pdf-072,blue,GOSP Thibaud Association Savate Boxe Française 12009,,dropped: contains digits
livret-de-competition-open-assaut-individuel-calais-pdf-2025-b002,red,JOLIBIS DIEU Manon U S CRETEIL,JOLIBIS DIEU Manon USCRETEIL,repaired
livret-de-competition-open-assaut-individuel-calais-pdf-2025-b005,blue,LE COUEDIC Lena GANT D HERMINE VANNETAIS,LE COUEDIC Lena GANT DHERMINE VANNETAIS,repaired
livret-de-competition-open-assaut-individuel-calais-pdf-2025-b008,blue,FREY Léna GANT D OR DE HOUILLES,FREY Léna GANT DOR DE HOUILLES,repaired
livret-de-competition-open-assaut-individuel-calais-pdf-2025-b014,blue,LERAILLE Alana U S CRETEIL,LERAILLE Alana USCRETEIL,repaired
livret-de-competition-open-assaut-individuel-calais-pdf-2025-b016,blue,NOEL Lola SAVATE CLUB HAUTES VOSGES,HAUTES VOSGES,repaired
livret-de-competition-open-assaut-individuel-calais-pdf-2025-b019,blue,CRISCI Maina TEAM POLLUX FLAYOSCAIS,POLLUX FLAYOSCAIS,repaired
livret-de-competition-open-assaut-individuel-calais-pdf-2025-b020,red,FALAKI Ines BOXING CLUB 48,,dropped: contains digits
livret-de-competition-open-assaut-individuel-calais-pdf-2025-b020,blue,GOUGEON Héloise GANT D ARGENT LILLE SUD,GOUGEON Héloise GANT DARGENT LILLE SUD,repaired
livret-de-competition-open-assaut-individuel-calais-pdf-2025-b021,blue,PHAM QUANG Lucie C.S.A.K.B.,PHAM QUANG Lucie C.S.A.K.B,repaired
livret-de-competition-open-assaut-individuel-calais-pdf-2025-b027,red,O'MAHONY GALATAUD Kate Savate Boxing Club du Petit Cau,du Petit Cau,repaired
livret-de-competition-open-assaut-individuel-calais-pdf-2025-b027,blue,PECHADRE Faustine U S CRETEIL,PECHADRE Faustine USCRETEIL,repaired
livret-de-competition-open-assaut-individuel-calais-pdf-2025-b028,red,VACARESSE Emma A BF SALON DE PROVENCE,VACARESSE Emma ABF SALON DE PROVENCE,repaired
livret-de-competition-open-assaut-individuel-calais-pdf-2025-b030,blue,FERMON Lauriane SAVATE BOXING CLUB DUNKERQUE DA,DUNKERQUE DA,repaired
livret-de-competition-open-assaut-individuel-calais-pdf-2025-b031,red,LEONARD Mathilde BOXING CLUB LIFFREEN,LIFFREEN,repaired
livret-de-competition-open-assaut-individuel-calais-pdf-2025-b034,red,Anton (NIQUE) Sarah BOXING CLUB GISORS,GISORS,repaired
livret-de-competition-open-assaut-individuel-calais-pdf-2025-b038,blue,CHARCZY Antoine ALSACE BOXING CLUB PIEMONT,PIEMONT,repaired
livret-de-competition-open-assaut-individuel-calais-pdf-2025-b039,blue,LECAILLE Aurelien SAVATE BOXING CLUB DUNKERQUE DA,DUNKERQUE DA,repaired
livret-de-competition-open-assaut-individuel-calais-pdf-2025-b040,blue,MARTEAUX Idriss Club Boxe Française Rethel,Boxe Française Rethel,repaired
livret-de-competition-open-assaut-individuel-calais-pdf-2025-b041,blue,PASSIEUX Simon Union Savate Boxing,Savate Boxing,repaired
livret-de-competition-open-assaut-individuel-calais-pdf-2025-b042,blue,REMY Loic SAVATE CLUB HAUTES VOSGES,HAUTES VOSGES,repaired
livret-de-competition-open-assaut-individuel-calais-pdf-2025-b045,blue,HAMARNIA Ilyes SAM-SAVATE A MOIDIEU,HAMARNIA Ilyes SAM-SAVATE AMOIDIEU,repaired
livret-de-competition-open-assaut-individuel-calais-pdf-2025-b046,blue,TRIBALAT Nolan Toulouse Savate Club 31,,dropped: contains digits
livret-de-competition-open-assaut-individuel-calais-pdf-2025-b048,blue,NICOLAS Jules LE CERCLE SBF 33,,dropped: contains digits
livret-de-competition-open-assaut-individuel-calais-pdf-2025-b049,red,RATSAVONG Louka Association Savate Boxe Française,Savate Boxe Française,repaired
livret-de-competition-open-assaut-individuel-calais-pdf-2025-b051,red,CINI Leo TEAM POLLUX FLAYOSCAIS,POLLUX FLAYOSCAIS,repaired
livret-de-competition-open-assaut-individuel-calais-pdf-2025-b055,blue,COURARD Amaury C O M B BAGNEUX,COURARD Amaury COMBBAGNEUX,repaired
livret-de-competition-open-assaut-individuel-calais-pdf-2025-b061,red,AHOUE Anis U S CRETEIL,AHOUE Anis USCRETEIL,repaired
livret-de-competition-open-assaut-individuel-calais-pdf-2025-b063,red,CHAPELLE Luca Union Savate Boxing,Savate Boxing,repaired
livret-de-competition-open-assaut-individuel-calais-pdf-2025-b068,red,DIALLO Mamadou saliou U S CRETEIL,DIALLO Mamadou saliou USCRETEIL,repaired
livret-de-competition-open-assaut-individuel-calais-pdf-2025-b068,blue,GENET Dylan SAVATE CLUB HAUTES VOSGES,HAUTES VOSGES,repaired
livret-de-competition-open-assaut-individuel-calais-pdf-2025-b073,red,AZEVEDO OLIVEIRA Enzo BOXING CLUB GISORS,GISORS,repaired
livret-de-competition-open-assaut-individuel-calais-pdf-2025-b074,red,COCHET Corentin BOXE SAVATE CLUB 56,,dropped: contains digits
livret-de-competition-open-assaut-individuel-calais-pdf-2025-b075,blue,FENDER Nicolas ALSACE BOXING CLUB PIEMONT,PIEMONT,repaired
livret-de-competition-open-assaut-individuel-calais-pdf-2025-b076,red,GOSP Thibaud Association Savate Boxe Française,Savate Boxe Française,repaired
livret-de-competition-open-assaut-individuel-calais-pdf-2025-b076,blue,KREITZ Rudy TEAM POLLUX FLAYOSCAIS,POLLUX FLAYOSCAIS,repaired
livret-de-competition-open-assaut-individuel-calais-pdf-2025-b078,red,VIGNACOURT-FAIURE Marc Antoine SAVATE CLUB HAUTES VOSGES,HAUTES VOSGES,repaired
livret-des-competitions-v1-open-dautomne-pdf-002,red,LE DAMANY Stella BAC9savate 75057,,dropped: contains digits
livret-des-competitions-v1-open-dautomne-pdf-004,red,CAZAL Gwenaelle BAC9savate 75057,,dropped: contains digits
livret-des-competitions-v1-open-dautomne-pdf-005,red,BOIVIN Solene Saint fons gerland savate 69040,,dropped: contains digits
livret-des-competitions-v1-open-dautomne-pdf-013,red,DELARIVE Matthieu BAC9savate 75057,,dropped: contains digits
livret-espoir-resultat-v1-plescop-v2-pdf-02-final,blue,SAUVAGE Théo B.F.S. CLUB THIERNOIS,THIERNOIS,repaired
livret-espoir-resultat-v1-plescop-v2-pdf-02-final,loser,SAUVAGE Théo B.F.S. CLUB THIERNOIS,THIERNOIS,repaired
livret-espoir-resultat-v1-plescop-v2-pdf-07-final,red,NGUENDE Warren joel C S MEAUX BOXE ACT PUGILISTIQUE,NGUENDE Warren joel CSMEAUX BOXE ACT PUGILISTIQUE,repaired
livret-espoir-resultat-v1-plescop-v2-pdf-07-final,winner,NGUENDE Warren joel C S MEAUX BOXE ACT PUGILISTIQUE,NGUENDE Warren joel CSMEAUX BOXE ACT PUGILISTIQUE,repaired
open-de-france-individuel-par-equipe-2025-004,blue_club,GANT D HERMINE VANNETAIS 56005,GANT DHERMINE VANNETAIS 56005,repaired
open-de-france-individuel-par-equipe-2025-009,blue_club,GANT D OR DE HOUILLES 78029,GANT DOR DE HOUILLES 78029,repaired
open-de-france-individuel-par-equipe-2025-022,blue_club,CERCLE DE B F ERMONT 95003,CERCLE DE BFERMONT 95003,repaired
open-de-france-individuel-par-equipe-2025-036,blue_club,SERRIS VAL D EUROPE SAVATE 77052,SERRIS VAL DEUROPE SAVATE 77052,repaired
open-de-france-individuel-par-equipe-2025-048,blue_club,SAVATE CLUB D ANGOULEME 16022,SAVATE CLUB DANGOULEME 16022,repaired
open-de-france-individuel-par-equipe-2025-054,blue,FUSINATO Loic Union Savate Boxing,Savate Boxing,repaired
p-finales-elite-a-dunkerque-pdf-01-final,red,Plumes................... MAKOUZA Sydney.............................,Plumes................... MAKOUZA Sydney,repaired
p-finales-elite-a-dunkerque-pdf-01-final,blue,Plumes................... CARBONE Romain............................,Plumes................... CARBONE Romain,repaired
p-finales-elite-a-dunkerque-pdf-01-final,winner,Plumes................... MAKOUZA Sydney.............................,Plumes................... MAKOUZA Sydney,repaired
p-finales-elite-a-dunkerque-pdf-01-final,loser,Plumes................... CARBONE Romain............................,Plumes................... CARBONE Romain,repaired
p-finales-elite-a-dunkerque-pdf-02-final,red,Légers.................... GRENOT Jonathan............................,Légers.................... GRENOT Jonathan,repaired
p-finales-elite-a-dunkerque-pdf-02-final,blue,Légers.................... ABDELAOUI Aziz...............................,Légers.................... ABDELAOUI Aziz,repaired
p-finales-elite-a-dunkerque-pdf-02-final,winner,Légers.................... GRENOT Jonathan............................,Légers.................... GRENOT Jonathan,repaired
p-finales-elite-a-dunkerque-pdf-02-final,loser,Légers.................... ABDELAOUI Aziz...............................,Légers.................... ABDELAOUI Aziz,repaired
p-finales-elite-a-dunkerque-pdf-03-final,red,S/Légers. ............... AMGHAR Yazid..................................,S/Légers. ............... AMGHAR Yazid,repaired
p-finales-elite-a-dunkerque-pdf-03-final,blue,S/Légers. ............... BIBARD Clément.,S/Légers. ............... BIBARD Clément,repaired
p-finales-elite-a-dunkerque-pdf-03-final,winner,S/Légers. ............... AMGHAR Yazid..................................,S/Légers. ............... AMGHAR Yazid,repaired
p-finales-elite-a-dunkerque-pdf-03-final,loser,S/Légers. ............... BIBARD Clément.,S/Légers. ............... BIBARD Clément,repaired
p-finales-elite-a-dunkerque-pdf-04-final,red,M/Moyens. ............. DENIS Eric.........................................,M/Moyens. ............. DENIS Eric,repaired
p-finales-elite-a-dunkerque-pdf-04-final,blue,M/Moyens. ............. LANGLOIS Mehdi.,M/Moyens. ............. LANGLOIS Mehdi,repaired
p-finales-elite-a-dunkerque-pdf-04-final,winner,M/Moyens. ............. DENIS Eric.........................................,M/Moyens. ............. DENIS Eric,repaired
p-finales-elite-a-dunkerque-pdf-04-final,loser,M/Moyens. ............. LANGLOIS Mehdi.,M/Moyens. ............. LANGLOIS Mehdi,repaired
p-finales-elite-a-dunkerque-pdf-05-final,red,Moyens. ................. MIMOUNI Damien..............................,Moyens. ................. MIMOUNI Damien,repaired
p-finales-elite-a-dunkerque-pdf-05-final,blue,Moyens. ................. MADISSE Patrick...............................,Moyens. ................. MADISSE Patrick,repaired
p-finales-elite-a-dunkerque-pdf-05-final,winner,Moyens. ................. MIMOUNI Damien..............................,Moyens. ................. MIMOUNI Damien,repaired
p-finales-elite-a-dunkerque-pdf-05-final,loser,Moyens. ................. MADISSE Patrick...............................,Moyens. ................. MADISSE Patrick,repaired
p-finales-elite-a-dunkerque-pdf-06-final,red,M/Lourds................ SISSOKO Slimane.............................,M/Lourds................ SISSOKO Slimane,repaired
p-finales-elite-a-dunkerque-pdf-06-final,blue,M/Lourds................ CHEVALIER Ludovic..........................,M/Lourds................ CHEVALIER Ludovic,repaired
p-finales-elite-a-dunkerque-pdf-06-final,winner,M/Lourds................ SISSOKO Slimane.............................,M/Lourds................ SISSOKO Slimane,repaired
p-finales-elite-a-dunkerque-pdf-06-final,loser,M/Lourds................ CHEVALIER Ludovic..........................,M/Lourds................ CHEVALIER Ludovic,repaired
p-finales-elite-a-dunkerque-pdf-07-final,red,Lourds.................... HEINI Frédéric.,Lourds.................... HEINI Frédéric,repaired
p-finales-elite-a-dunkerque-pdf-07-final,blue,Lourds.................... ROBILLARD Benjamin.......................,Lourds.................... ROBILLARD Benjamin,repaired
p-finales-elite-a-dunkerque-pdf-07-final,winner,Lourds.................... HEINI Frédéric.,Lourds.................... HEINI Frédéric,repaired
p-finales-elite-a-dunkerque-pdf-07-final,loser,Lourds.................... ROBILLARD Benjamin.......................,Lourds.................... ROBILLARD Benjamin,repaired
r-20-20open-20automne-202021-pdf-2020-b018,blue,BRUGIROUX Christopher PUNCH SAVATE GANNAT (03),BRUGIROUX Christopher PUNCH SAVATE GANNAT,repaired
r-20-20open-20automne-202021-pdf-2020-b018,blue_country,03,03,unresolved: kept verbatim
r-20-20open-20automne-202021-pdf-2020-b018,winner,BRUGIROUX Christopher PUNCH SAVATE GANNAT (03),BRUGIROUX Christopher PUNCH SAVATE GANNAT,repaired
r-20finales-20elite-20a-20mf-20-20longwy-pdf-2016-b006,blue_club,CS MEAUX (77,CSMEAUX (77,repaired
r-tq-elite-b-2023-1-pdf-2023-b037,red_club,M J C SAVATE COTOISE,MJCSAVATE COTOISE,repaired
r-tq-elite-b-2023-1-pdf-2023-b038,red_club,M J C SAVATE COTOISE,MJCSAVATE COTOISE,repaired
r-elite-a-mf-wignehies-pdf-2012-b001,red_club,BF CS MEAUX,BF CSMEAUX,repaired
r-elite-a-mf-wignehies-pdf-2012-b008,blue_club,BF CS MEAUX,BF CSMEAUX,repaired
r-elitea-vandoeuvre-pdf-2012-b003,red_club,BF CS MEAUX,BF CSMEAUX,repaired
r-elitea-vandoeuvre-pdf-2012-b013,blue_club,BF CS MEAUX,BF CSMEAUX,repaired
r-vannes-pdf-2010-b002,blue_club,BF CS MEAUX,BF CSMEAUX,repaired
r-vannes-pdf-2010-b010,blue_club,BF CS MEAUX,BF CSMEAUX,repaired
r-pouchet-5nov2011-pdf-2011-b003,blue_club,BF CS MEAUX,BF CSMEAUX,repaired
r-pouchet-5nov2011-pdf-2011-b008,blue_club,BF CS MEAUX,BF CSMEAUX,repaired
result-20tq-20-20jun-20europe-202018-compressed-pdf-2020-01-final,red,FINALES BOUCHER Mathieu (FRA),FINALES BOUCHER Mathieu,repaired
result-20tq-20-20jun-20europe-202018-compressed-pdf-2020-01-final,blue,FINALES CAPUTI Leonardo (ITA),FINALES CAPUTI Leonardo,repaired
result-20tq-20-20jun-20europe-202018-compressed-pdf-2020-01-final,red_country,FRA,France,resolved
result-20tq-20-20jun-20europe-202018-compressed-pdf-2020-01-final,blue_country,ITA,Italy,resolved
result-20tq-20-20jun-20europe-202018-compressed-pdf-2020-01-final,winner,FINALES BOUCHER Mathieu (FRA),FINALES BOUCHER Mathieu,repaired
result-20tq-20-20jun-20europe-202018-compressed-pdf-2020-01-final,loser,FINALES CAPUTI Leonardo (ITA),FINALES CAPUTI Leonardo,repaired
result-20tq-20-20jun-20europe-202018-compressed-pdf-2020-02-final,red,FINALES THIELL François (FRA),FINALES THIELL François,repaired
result-20tq-20-20jun-20europe-202018-compressed-pdf-2020-02-final,blue,FINALES WIESENHOFER Philippo (AUT),FINALES WIESENHOFER Philippo,repaired
result-20tq-20-20jun-20europe-202018-compressed-pdf-2020-02-final,red_country,FRA,France,resolved
result-20tq-20-20jun-20europe-202018-compressed-pdf-2020-02-final,blue_country,AUT,Austria,resolved
result-20tq-20-20jun-20europe-202018-compressed-pdf-2020-02-final,winner,FINALES THIELL François (FRA),FINALES THIELL François,repaired
result-20tq-20-20jun-20europe-202018-compressed-pdf-2020-02-final,loser,FINALES WIESENHOFER Philippo (AUT),FINALES WIESENHOFER Philippo,repaired
result-20tq-20-20jun-20europe-202018-compressed-pdf-2020-03-final,red,FINALES FEDDAL Amine (FRA),FINALES FEDDAL Amine,repaired
result-20tq-20-20jun-20europe-202018-compressed-pdf-2020-03-final,blue,FINALES BABADZHANIAN Narek (RUS),FINALES BABADZHANIAN Narek,repaired
result-20tq-20-20jun-20europe-202018-compressed-pdf-2020-03-final,red_country,FRA,France,resolved
result-20tq-20-20jun-20europe-202018-compressed-pdf-2020-03-final,blue_country,RUS,Russia,resolved
result-20tq-20-20jun-20europe-202018-compressed-pdf-2020-03-final,winner,FINALES FEDDAL Amine (FRA),FINALES FEDDAL Amine,repaired
result-20tq-20-20jun-20europe-202018-compressed-pdf-2020-03-final,loser,FINALES BABADZHANIAN Narek (RUS),FINALES BABADZHANIAN Narek,repaired
result-20tq-20-20jun-20europe-202018-compressed-pdf-2020-04-final,red,FINALES FABREGAS Damien (FRA),FINALES FABREGAS Damien,repaired
result-20tq-20-20jun-20europe-202018-compressed-pdf-2020-04-final,blue,FINALES GARCIA PERREIRA M. (ESP),FINALES GARCIA PERREIRA M,repaired
result-20tq-20-20jun-20europe-202018-compressed-pdf-2020-04-final,red_country,FRA,France,resolved
result-20tq-20-20jun-20europe-202018-compressed-pdf-2020-04-final,blue_country,ESP,Spain,resolved
result-20tq-20-20jun-20europe-202018-compressed-pdf-2020-04-final,winner,FINALES FABREGAS Damien (FRA),FINALES FABREGAS Damien,repaired
result-20tq-20-20jun-20europe-202018-compressed-pdf-2020-04-final,loser,FINALES GARCIA PERREIRA M. (ESP),FINALES GARCIA PERREIRA M,repaired
result-20tq-20-20jun-20europe-202018-compressed-pdf-2020-05-final,red,FINALES ALBERTUS Kevin (FRA),FINALES ALBERTUS Kevin,repaired
result-20tq-20-20jun-20europe-202018-compressed-pdf-2020-05-final,blue,FINALES RADIONOV Mykyta (UKR),FINALES RADIONOV Mykyta,repaired
result-20tq-20-20jun-20europe-202018-compressed-pdf-2020-05-final,red_country,FRA,France,resolved
result-20tq-20-20jun-20europe-202018-compressed-pdf-2020-05-final,blue_country,UKR,Ukraine,resolved
result-20tq-20-20jun-20europe-202018-compressed-pdf-2020-05-final,winner,FINALES ALBERTUS Kevin (FRA),FINALES ALBERTUS Kevin,repaired
result-20tq-20-20jun-20europe-202018-compressed-pdf-2020-05-final,loser,FINALES RADIONOV Mykyta (UKR),FINALES RADIONOV Mykyta,repaired
result-20tq-20-20jun-20europe-202018-compressed-pdf-2020-06-final,red,FINALES BRUGIROUX Christopher (FRA),FINALES BRUGIROUX Christopher,repaired
result-20tq-20-20jun-20europe-202018-compressed-pdf-2020-06-final,blue,FINALES IARANTCEV Nikolai (RUS),FINALES IARANTCEV Nikolai,repaired
result-20tq-20-20jun-20europe-202018-compressed-pdf-2020-06-final,red_country,FRA,France,resolved
result-20tq-20-20jun-20europe-202018-compressed-pdf-2020-06-final,blue_country,RUS,Russia,resolved
result-20tq-20-20jun-20europe-202018-compressed-pdf-2020-06-final,winner,FINALES BRUGIROUX Christopher (FRA),FINALES BRUGIROUX Christopher,repaired
result-20tq-20-20jun-20europe-202018-compressed-pdf-2020-06-final,loser,FINALES IARANTCEV Nikolai (RUS),FINALES IARANTCEV Nikolai,repaired
result-20tq-20-20jun-20europe-202018-compressed-pdf-2020-07-final,red,FINALES CHARLOT Jimmy (FRA),FINALES CHARLOT Jimmy,repaired
result-20tq-20-20jun-20europe-202018-compressed-pdf-2020-07-final,blue,FINALES VLASIUK Serhi (UKR),FINALES VLASIUK Serhi,repaired
result-20tq-20-20jun-20europe-202018-compressed-pdf-2020-07-final,red_country,FRA,France,resolved
result-20tq-20-20jun-20europe-202018-compressed-pdf-2020-07-final,blue_country,UKR,Ukraine,resolved
result-20tq-20-20jun-20europe-202018-compressed-pdf-2020-07-final,winner,FINALES CHARLOT Jimmy (FRA),FINALES CHARLOT Jimmy,repaired
result-20tq-20-20jun-20europe-202018-compressed-pdf-2020-07-final,loser,FINALES VLASIUK Serhi (UKR),FINALES VLASIUK Serhi,repaired
result-20tq-20-20jun-20europe-202018-compressed-pdf-2020-08-final,red,FINALES COLONNETTE Yannick (FRA),FINALES COLONNETTE Yannick,repaired
result-20tq-20-20jun-20europe-202018-compressed-pdf-2020-08-final,blue,FINALES MONGIARDINO Guisepp (ITA),FINALES MONGIARDINO Guisepp,repaired
result-20tq-20-20jun-20europe-202018-compressed-pdf-2020-08-final,red_country,FRA,France,resolved
result-20tq-20-20jun-20europe-202018-compressed-pdf-2020-08-final,blue_country,ITA,Italy,resolved
result-20tq-20-20jun-20europe-202018-compressed-pdf-2020-08-final,winner,FINALES COLONNETTE Yannick (FRA),FINALES COLONNETTE Yannick,repaired
result-20tq-20-20jun-20europe-202018-compressed-pdf-2020-08-final,loser,FINALES MONGIARDINO Guisepp (ITA),FINALES MONGIARDINO Guisepp,repaired
result-20tq-20-20jun-20europe-202018-compressed-pdf-2020-09-final,red,FINALES AGARD Capucine (FRA),FINALES AGARD Capucine,repaired
result-20tq-20-20jun-20europe-202018-compressed-pdf-2020-09-final,blue,FINALES HURIEVA Olena (UKR),FINALES HURIEVA Olena,repaired
result-20tq-20-20jun-20europe-202018-compressed-pdf-2020-09-final,red_country,FRA,France,resolved
result-20tq-20-20jun-20europe-202018-compressed-pdf-2020-09-final,blue_country,UKR,Ukraine,resolved
result-20tq-20-20jun-20europe-202018-compressed-pdf-2020-09-final,winner,FINALES AGARD Capucine (FRA),FINALES AGARD Capucine,repaired
result-20tq-20-20jun-20europe-202018-compressed-pdf-2020-09-final,loser,FINALES HURIEVA Olena (UKR),FINALES HURIEVA Olena,repaired
result-20tq-20-20jun-20europe-202018-compressed-pdf-2020-10-final,red,FINALES NANDI Chloé (FRA),FINALES NANDI Chloé,repaired
result-20tq-20-20jun-20europe-202018-compressed-pdf-2020-10-final,blue,FINALES REGVAT Lucija (CRO),FINALES REGVAT Lucija,repaired
result-20tq-20-20jun-20europe-202018-compressed-pdf-2020-10-final,red_country,FRA,France,resolved
result-20tq-20-20jun-20europe-202018-compressed-pdf-2020-10-final,blue_country,CRO,Croatia,resolved
result-20tq-20-20jun-20europe-202018-compressed-pdf-2020-10-final,winner,FINALES NANDI Chloé (FRA),FINALES NANDI Chloé,repaired
result-20tq-20-20jun-20europe-202018-compressed-pdf-2020-10-final,loser,FINALES REGVAT Lucija (CRO),FINALES REGVAT Lucija,repaired
result-20tq-20-20jun-20europe-202018-compressed-pdf-2020-11-final,red,FINALES MIGNIER Mathilde (FRA),FINALES MIGNIER Mathilde,repaired
result-20tq-20-20jun-20europe-202018-compressed-pdf-2020-11-final,blue,FINALES DZOLIC Kristina (SER),FINALES DZOLIC Kristina,repaired
result-20tq-20-20jun-20europe-202018-compressed-pdf-2020-11-final,red_country,FRA,France,resolved
result-20tq-20-20jun-20europe-202018-compressed-pdf-2020-11-final,blue_country,SER,Serbia,resolved
result-20tq-20-20jun-20europe-202018-compressed-pdf-2020-11-final,winner,FINALES MIGNIER Mathilde (FRA),FINALES MIGNIER Mathilde,repaired
result-20tq-20-20jun-20europe-202018-compressed-pdf-2020-11-final,loser,FINALES DZOLIC Kristina (SER),FINALES DZOLIC Kristina,repaired
result-20tq-20-20jun-20europe-202018-compressed-pdf-2020-12-final,red,FINALES ATEF Maurine (FRA),FINALES ATEF Maurine,repaired
result-20tq-20-20jun-20europe-202018-compressed-pdf-2020-12-final,blue,FINALES CAVALLO Sofia (ITA),FINALES CAVALLO Sofia,repaired
result-20tq-20-20jun-20europe-202018-compressed-pdf-2020-12-final,red_country,FRA,France,resolved
result-20tq-20-20jun-20europe-202018-compressed-pdf-2020-12-final,blue_country,ITA,Italy,resolved
result-20tq-20-20jun-20europe-202018-compressed-pdf-2020-12-final,winner,FINALES ATEF Maurine (FRA),FINALES ATEF Maurine,repaired
result-20tq-20-20jun-20europe-202018-compressed-pdf-2020-12-final,loser,FINALES CAVALLO Sofia (ITA),FINALES CAVALLO Sofia,repaired
result-20tq-20-20jun-20europe-202018-compressed-pdf-2020-13-final,red,Championne SURREL Sara (FRA),Championne SURREL Sara,repaired
result-20tq-20-20jun-20europe-202018-compressed-pdf-2020-13-final,blue,Vice-Championne REITBAUER Michaela (AUS),Vice-Championne REITBAUER Michaela,repaired
result-20tq-20-20jun-20europe-202018-compressed-pdf-2020-13-final,red_country,FRA,France,resolved
result-20tq-20-20jun-20europe-202018-compressed-pdf-2020-13-final,blue_country,AUS,Australia,resolved
result-20tq-20-20jun-20europe-202018-compressed-pdf-2020-13-final,winner,Championne SURREL Sara (FRA),Championne SURREL Sara,repaired
result-20tq-20-20jun-20europe-202018-compressed-pdf-2020-13-final,loser,Vice-Championne REITBAUER Michaela (AUS),Vice-Championne REITBAUER Michaela,repaired
result-20tq-20-20jun-20europe-202018-compressed-pdf-2020-14-final,red,FINALES SINCERE Lorna (FRA),FINALES SINCERE Lorna,repaired
result-20tq-20-20jun-20europe-202018-compressed-pdf-2020-14-final,blue,FINALES ALEXANDER Morgan (GBR),FINALES ALEXANDER Morgan,repaired
result-20tq-20-20jun-20europe-202018-compressed-pdf-2020-14-final,red_country,FRA,France,resolved
result-20tq-20-20jun-20europe-202018-compressed-pdf-2020-14-final,blue_country,GBR,United Kingdom,resolved
result-20tq-20-20jun-20europe-202018-compressed-pdf-2020-14-final,winner,FINALES SINCERE Lorna (FRA),FINALES SINCERE Lorna,repaired
result-20tq-20-20jun-20europe-202018-compressed-pdf-2020-14-final,loser,FINALES ALEXANDER Morgan (GBR),FINALES ALEXANDER Morgan,repaired
result-20tq-20-20jun-20europe-202018-compressed-pdf-2020-15-final,red,FINALES GREIMEL Carina (AUS),FINALES GREIMEL Carina,repaired
result-20tq-20-20jun-20europe-202018-compressed-pdf-2020-15-final,blue,FINALES KOVACIC Marjana (CRO),FINALES KOVACIC Marjana,repaired
result-20tq-20-20jun-20europe-202018-compressed-pdf-2020-15-final,red_country,AUS,Australia,resolved
result-20tq-20-20jun-20europe-202018-compressed-pdf-2020-15-final,blue_country,CRO,Croatia,resolved
result-20tq-20-20jun-20europe-202018-compressed-pdf-2020-15-final,winner,FINALES GREIMEL Carina (AUS),FINALES GREIMEL Carina,repaired
result-20tq-20-20jun-20europe-202018-compressed-pdf-2020-15-final,loser,FINALES KOVACIC Marjana (CRO),FINALES KOVACIC Marjana,repaired
resultats-11-mars-2023-premium-pdf-2023-01-final,blue,1/2 finale ROUGE,,dropped: contains digits
resultats-11-mars-2023-premium-pdf-2023-03-final,blue,1/2 finale ROUGE ROMAND Raphael,,dropped: contains digits
resultats-11-mars-2023-premium-pdf-2023-04-final,blue,1/2 finale ROUGE,,dropped: contains digits
resultats-11-mars-2023-premium-pdf-2023-05-final,red,M70 DEBONO THEO à la,,dropped: contains digits
resultats-des-tournois-qualificatifs-assaut-m-f-2020-2-255,red_club,S SAVATITUDE,SSAVATITUDE,repaired
resultats-des-tournois-qualificatifs-assaut-m-f-2020-2-256,blue_club,S SAVATITUDE,SSAVATITUDE,repaired
resultat-albertville-premium-elite-a-2024-1-pdf-2024-01-final,red,M70 BOUGLOUF MALIK,,dropped: contains digits
resultat-albertville-premium-elite-a-2024-1-pdf-2024-01-final,blue,M70,,dropped: contains digits
resultat-albertville-premium-elite-a-2024-1-pdf-2024-02-final,red,M80 RENOIR ENZO,,dropped: contains digits
resultat-albertville-premium-elite-a-2024-1-pdf-2024-03-final,red,M70 NASSIBOU LUDOVIC,,dropped: contains digits
resultat-albertville-premium-elite-a-2024-1-pdf-2024-04-final,red,F52 VEGARA MARINE,,dropped: contains digits
resultat-albertville-premium-elite-a-2024-1-pdf-2024-04-final,blue,F52 LE DAMANY STELLA,,dropped: contains digits
resultat-albertville-premium-elite-a-2024-pdf-2024-06-final,red,DELARIVE Matthieu BAC9savate,,dropped: contains digits
resultat-albertville-premium-elite-a-2024-pdf-2024-06-final,blue,SIMONNOT Adrien BF CLUB PERIGUEUX,PERIGUEUX,repaired
resultat-donzere-premium-elite-a-2024-pdf-2024-b006,red_club,U S CRETEIL,USCRETEIL,repaired
resultat-cadets-2026-pdf-2026-b001,red_club,U S CRETEIL,USCRETEIL,repaired
resultat-cadets-2026-pdf-2026-b002,blue_club,U S CRETEIL,USCRETEIL,repaired
resultat-cadets-2026-pdf-2026-b004,red_club,M J C SAVATE COTOISE,MJCSAVATE COTOISE,repaired
resultat-cadets-2026-pdf-2026-b009,blue_club,U S CRETEIL,USCRETEIL,repaired
resultats-20veterans-pdf-01-final,red,GROS Stéphane - BC FRANOIS SERRE (25),GROS Stéphane - BC FRANOIS SERRE,repaired
resultats-20veterans-pdf-01-final,blue,RICHEBOIS Fabrice - ASC CHEVIGNY (21) Vice,,dropped: contains digits
resultats-20veterans-pdf-02-final,red,LAURENT Edvin - TAMPON SBF (974),LAURENT Edvin - TAMPON SBF,repaired
resultats-20veterans-pdf-02-final,blue,GAUCI Thierry - BC OLYMPIQUE SBF BA (34) Vice,,dropped: contains digits
resultats-20veterans-pdf-03-final,red,PUJOL Alexandre - JJSO SAVATE BF ST ORENS (31),PUJOL Alexandre - JJSO SAVATE BF ST ORENS,repaired
resultats-20veterans-pdf-03-final,blue,LESPRIT Philippe - BC CHEVIGNEY (25) Vice,,dropped: contains digits
resultats-20veterans-pdf-04-final,red,GARCIA Thierry - GIGNAC SAVATE (34),GARCIA Thierry - GIGNAC SAVATE,repaired
resultats-20veterans-pdf-04-final,red_country,34,34,unresolved: kept verbatim
resultats-20veterans-pdf-04-final,winner,GARCIA Thierry - GIGNAC SAVATE (34),GARCIA Thierry - GIGNAC SAVATE,repaired
resultats-20veterans-pdf-05-final,red,MOISY Franckie - BF SAINT AMAND (16),MOISY Franckie - BF SAINT AMAND,repaired
resultats-20veterans-pdf-05-final,blue,GOURRI Farid - BF ALLONNES (72) Vice,,dropped: contains digits
resultats-20veterans-pdf-06-final,red,BENOIT Ludovic - ASC LE LYON D’ARGENT (69),BENOIT Ludovic - ASC LE LYON D’ARGENT,repaired
resultats-20veterans-pdf-06-final,blue,KOENIG Frédéric - BF SAVERNE (67) Vice,,dropped: contains digits
resultats-2s-fm-torreilles-pdf-b049,blue_club,S B C QUARTIER FRANCAIS,SBCQUARTIER FRANCAIS,repaired
resultats-2s-fm-torreilles-pdf-b054,blue_club,S B C QUARTIER FRANCAIS,SBCQUARTIER FRANCAIS,repaired
resultats-2s-fm-torreilles-pdf-b066,blue_club,U S CRETEIL,USCRETEIL,repaired
resultats-2s-fm-torreilles-pdf-b069,blue_club,C O M B BAGNEUX,COMBBAGNEUX,repaired
resultats-2s-fm-torreilles-pdf-b075,blue_club,U S CRETEIL,USCRETEIL,repaired
resultats-2s-fm-torreilles-pdf-b086,red_club,C O M B BAGNEUX,COMBBAGNEUX,repaired
resultats-2s-fm-torreilles-pdf-b090,red_club,C O M B BAGNEUX,COMBBAGNEUX,repaired
resultats-2s-fm-torreilles-pdf-b111,red_club,C O M B BAGNEUX,COMBBAGNEUX,repaired
resultats-merignac-pdf-b003,red_club,S SAVATITUDE,SSAVATITUDE,repaired
resultats-merignac-pdf-b007,red_club,S SAVATITUDE,SSAVATITUDE,repaired
resultats-minimes-championnats-de-france-2026-compil-podiums-01-final,red,Tireur Club Rencontres Points Avertissements,Rencontres Points Avertissements,repaired
resultats-minimes-championnats-de-france-2026-compil-podiums-01-final,blue,Maia BOUSCARY T.C.M.S. 3 7 1,,dropped: contains digits
resultats-minimes-championnats-de-france-2026-compil-podiums-02-final,red,Maiwen BOCQUILLON LERAT Cote des Légendes Lesneven 4,,dropped: contains digits
resultats-minimes-championnats-de-france-2026-compil-podiums-02-final,blue,Tireur Club Rencontres Points Avertissements,Rencontres Points Avertissements,repaired
resultats-minimes-championnats-de-france-2026-compil-podiums-03-final,red,Tireur Club Rencontres Points Avertissements,Rencontres Points Avertissements,repaired
resultats-minimes-championnats-de-france-2026-compil-podiums-03-final,blue,Lexy BLIN BF Allonnes 4 8 3,,dropped: contains digits
resultats-minimes-championnats-de-france-2026-compil-podiums-04-final,red,Tireur Club Rencontres Points Avertissements,Rencontres Points Avertissements,repaired
resultats-minimes-championnats-de-france-2026-compil-podiums-04-final,blue,Eléa COLBEAUX Multiboxe 55 4 8 1,,dropped: contains digits
resultats-minimes-championnats-de-france-2026-compil-podiums-05-final,red,Tireur Club Rencontres Points Avertissements,Rencontres Points Avertissements,repaired
resultats-minimes-championnats-de-france-2026-compil-podiums-05-final,blue,Kelya ALESSANDRINI Planète Borg 3 5 0,,dropped: contains digits
resultats-minimes-championnats-de-france-2026-compil-podiums-06-final,red,Tireur Club Rencontres Points Avertissements,Rencontres Points Avertissements,repaired
resultats-minimes-championnats-de-france-2026-compil-podiums-06-final,blue,Juliette DE TURCKHEIM ASS Nantaise BF 4 6 0,,dropped: contains digits
resultats-minimes-championnats-de-france-2026-compil-podiums-07-final,red,Tireur Club Rencontres Points Avertissements,Rencontres Points Avertissements,repaired
resultats-minimes-championnats-de-france-2026-compil-podiums-07-final,blue,Melyne BAVOUX Narbonne Savate Méditerrannée 4 2 5,,dropped: contains digits
resultats-minimes-championnats-de-france-2026-compil-podiums-08-final,red,Tireur Club Rencontres Points Avertissements,Rencontres Points Avertissements,repaired
resultats-minimes-championnats-de-france-2026-compil-podiums-08-final,blue,Elise FRITSCH BF Saverne 2 2 0,,dropped: contains digits
resultats-minimes-championnats-de-france-2026-compil-podiums-09-final,red,Tireur Club Rencontres Points Avertissements,Rencontres Points Avertissements,repaired
resultats-minimes-championnats-de-france-2026-compil-podiums-09-final,blue,Léo DERGAOUI Wattrelos Savate Club 2 6 0,,dropped: contains digits
resultats-minimes-championnats-de-france-2026-compil-podiums-10-final,red,Tireur Club Rencontres Points Avertissements,Rencontres Points Avertissements,repaired
resultats-minimes-championnats-de-france-2026-compil-podiums-10-final,blue,Alphonse LE TALLEC Saint-Malo Boxe Française 4 6 0,,dropped: contains digits
resultats-minimes-championnats-de-france-2026-compil-podiums-11-final,red,Tireur Club Rencontres Points Avertissements,Rencontres Points Avertissements,repaired
resultats-minimes-championnats-de-france-2026-compil-podiums-11-final,blue,Mael DELATTRE-BOURBON Sport Max Savate Boxe Française 4 12 0,,dropped: contains digits
resultats-minimes-championnats-de-france-2026-compil-podiums-12-final,red,Clément DEMORE VR Boxing Club 2 2 2,,dropped: contains digits
resultats-minimes-championnats-de-france-2026-compil-podiums-12-final,blue,Yassine FRI Ecole Savate Agen 2 4 0,,dropped: contains digits
resultats-minimes-championnats-de-france-2026-compil-podiums-13-final,red,Imran ABDELAOUI One Boxe Strasbourg 4,,dropped: contains digits
resultats-minimes-championnats-de-france-2026-compil-podiums-13-final,blue,Tireur Club Rencontres Points Avertissements,Rencontres Points Avertissements,repaired
resultats-minimes-championnats-de-france-2026-compil-podiums-14-final,red,Tireur Club Rencontres Points Avertissements,Rencontres Points Avertissements,repaired
resultats-minimes-championnats-de-france-2026-compil-podiums-14-final,blue,Aydan BAUDELIN Millas Boxe 4 6 4,,dropped: contains digits
resultats-minimes-championnats-de-france-2026-compil-podiums-15-final,red,Tireur Club Rencontres Points Avertissements,Rencontres Points Avertissements,repaired
resultats-minimes-championnats-de-france-2026-compil-podiums-15-final,blue,Tiziano ALLOUCHERY SBF Léo Lagrange Armentières 3 3 2,,dropped: contains digits
resultats-minimes-championnats-de-france-2026-compil-podiums-16-final,red,Tireur Club Rencontres Points Avertissements,Rencontres Points Avertissements,repaired
resultats-minimes-championnats-de-france-2026-compil-podiums-16-final,blue,Melvin CLAVE Toulouse Multi-Boxe 3 9 1,,dropped: contains digits
resultats-minimes-championnats-de-france-2026-compil-podiums-17-final,red,Tireur Club Rencontres Points Avertissements,Rencontres Points Avertissements,repaired
resultats-minimes-championnats-de-france-2026-compil-podiums-17-final,blue,Kays CHAFAI Savate Boxing Club 4 10 1,,dropped: contains digits
resultats-minimes-championnats-de-france-2026-compil-podiums-18-final,red,Tireur Club Rencontres Points Avertissements,Rencontres Points Avertissements,repaired
resultats-minimes-championnats-de-france-2026-compil-podiums-18-final,blue,Youenn BEUCHET DOLIVET ASS Nantaise BF 3 5 3,,dropped: contains digits
resultats-minimes-championnats-de-france-2026-compil-podiums-19-final,red,Tireur Club Rencontres Points Avertissements,Rencontres Points Avertissements,repaired
resultats-minimes-championnats-de-france-2026-compil-podiums-19-final,blue,Naim BOURKOUK B.F.S. Boxe Française Savate Strasbourg 3 7 3,,dropped: contains digits
resultats-minimes-championnats-de-france-2026-compil-podiums-20-final,red,Tireur Club Rencontres Points Avertissements,Rencontres Points Avertissements,repaired
resultats-minimes-championnats-de-france-2026-compil-podiums-20-final,blue,Mathis KOUABENA Fitboxing Breteuil 1 -1 0,,dropped: contains digits
resultats-minimes-championnats-de-france-2026-compil-podiums-21-final,red,Tireur Club Rencontres Points Avertissements,Rencontres Points Avertissements,repaired
resultats-minimes-championnats-de-france-2026-compil-podiums-21-final,blue,Mohamed ALILOU US Fontenay 2 6 1,,dropped: contains digits
resultats-montelimar-pdf-b001,blue_club,S B La Ciotat,SB La Ciotat,repaired
resultats-montelimar-pdf-b002,blue_club,COURBEVOIE SAVATE B F,COURBEVOIE SAVATE BF,repaired
resultats-montelimar-pdf-b009,blue_club,COURBEVOIE SAVATE B F,COURBEVOIE SAVATE BF,repaired
resultats-montelimar-pdf-b013,blue_club,C S MEAUX,CSMEAUX,repaired
resultats-montelimar-pdf-b015,blue_club,S SAVATITUDE,SSAVATITUDE,repaired
resultats-montelimar-pdf-b018,blue_club,M J C SAVATE COTOISE,MJCSAVATE COTOISE,repaired
resultats-montelimar-pdf-b022,red_club,S B La Ciotat,SB La Ciotat,repaired
resultats-montelimar-pdf-b025,red_club,C S MEAUX,CSMEAUX,repaired
resultats-montelimar-pdf-b028,red_club,S SAVATITUDE,SSAVATITUDE,repaired
resultats-montelimar-pdf-b030,blue_club,M J C SAVATE COTOISE,MJCSAVATE COTOISE,repaired
resultats-montelimar-pdf-b033,red_club,S B La Ciotat,SB La Ciotat,repaired
resultats-montelimar-pdf-b037,blue_club,COURBEVOIE SAVATE B F,COURBEVOIE SAVATE BF,repaired
resultats-montelimar-pdf-b039,red_club,C S MEAUX,CSMEAUX,repaired
resultats-montelimar-pdf-b041,red_club,S SAVATITUDE,SSAVATITUDE,repaired
resultats-montelimar-pdf-b042,blue_club,M J C SAVATE COTOISE,MJCSAVATE COTOISE,repaired
resultats-montelimar-pdf-b044,red_club,S B La Ciotat,SB La Ciotat,repaired
resultats-montelimar-pdf-b044,blue_club,COURBEVOIE SAVATE B F,COURBEVOIE SAVATE BF,repaired
resultats-montelimar-pdf-b057,red_club,M J C SAVATE COTOISE,MJCSAVATE COTOISE,repaired
resultats-montelimar-pdf-b064,blue_club,S B C QUARTIER FRANCAIS,SBCQUARTIER FRANCAIS,repaired
resultats-montelimar-pdf-b071,blue_club,M J C SAVATE COTOISE,MJCSAVATE COTOISE,repaired
resultats-montelimar-pdf-b076,blue_club,S B C QUARTIER FRANCAIS,SBCQUARTIER FRANCAIS,repaired
resultats-montelimar-pdf-b083,blue_club,M J C SAVATE COTOISE,MJCSAVATE COTOISE,repaired
resultats-riaille-31-01-26-pdf-2026-b001,red_club,U S CRETEIL,USCRETEIL,repaired
resultats-riaille-31-01-26-pdf-2026-b004,red_club,U S CRETEIL,USCRETEIL,repaired
resultats-riaille-31-01-26-pdf-2026-b006,red_club,U S CRETEIL,USCRETEIL,repaired
resultats-riaille-31-01-26-pdf-2026-b012,blue_club,U S CRETEIL,USCRETEIL,repaired
resultats-riaille-31-01-26-pdf-2026-b014,blue_club,M J C SAVATE COTOISE,MJCSAVATE COTOISE,repaired
resultats-st-yrieix-sur-charente-mars-2026-pdf-2026-b005,red_club,S SAVATITUDE,SSAVATITUDE,repaired
resultats-st-yrieix-sur-charente-mars-2026-pdf-2026-b005,blue_club,U S CRETEIL,USCRETEIL,repaired
resultats-st-yrieix-sur-charente-mars-2026-pdf-2026-b006,red_club,M J C SAVATE COTOISE,MJCSAVATE COTOISE,repaired
resultats-tq-espoirs-merignac-pdf-2024-b004,blue_club,COURBEVOIE SAVATE B F,COURBEVOIE SAVATE BF,repaired
resultats-tq-espoirs-merignac-pdf-2024-b012,red_club,S SAVATITUDE,SSAVATITUDE,repaired
resultats-tq-espoirs-merignac-pdf-2024-b018,red_club,COURBEVOIE SAVATE B F,COURBEVOIE SAVATE BF,repaired
resultats-tq-espoirs-merignac-pdf-2024-b023,red_club,S SAVATITUDE,SSAVATITUDE,repaired
resultats-tq-espoirs-merignac-pdf-2024-b037,red_club,COURBEVOIE SAVATE B F,COURBEVOIE SAVATE BF,repaired
resultats-tq-espoirs-merignac-pdf-2024-b046,red_club,COURBEVOIE SAVATE B F,COURBEVOIE SAVATE BF,repaired
resultats-tq-juniors-merignac-1-pdf-b002,red_club,COURBEVOIE SAVATE B F,COURBEVOIE SAVATE BF,repaired
resultats-tq-juniors-merignac-1-pdf-b003,red_club,S SAVATITUDE,SSAVATITUDE,repaired
resultats-tq-juniors-merignac-1-pdf-b005,red_club,M J C SAVATE COTOISE,MJCSAVATE COTOISE,repaired
resultats-tq-juniors-merignac-1-pdf-b008,blue_club,M J C SAVATE COTOISE,MJCSAVATE COTOISE,repaired
resultats-tq-juniors-merignac-1-pdf-b009,red_club,COURBEVOIE SAVATE B F,COURBEVOIE SAVATE BF,repaired
resultats-tq-juniors-merignac-1-pdf-b010,red_club,M J C SAVATE COTOISE,MJCSAVATE COTOISE,repaired
resultats-tq-juniors-merignac-1-pdf-b011,red_club,S SAVATITUDE,SSAVATITUDE,repaired
resultats-tq-juniors-merignac-1-pdf-b012,red_club,M J C SAVATE COTOISE,MJCSAVATE COTOISE,repaired
resultats-tq-juniors-merignac-1-pdf-b018,red_club,S SAVATITUDE,SSAVATITUDE,repaired
resultats-tq-juniors-merignac-1-pdf-b018,blue_club,M J C SAVATE COTOISE,MJCSAVATE COTOISE,repaired
resultats-tq-juniors-merignac-1-pdf-b020,red_club,S SAVATITUDE,SSAVATITUDE,repaired
resultats-tq-juniors-merignac-1-pdf-b022,blue_club,M J C SAVATE COTOISE,MJCSAVATE COTOISE,repaired
resultats-tq-juniors-merignac-1-pdf-b023,red_club,M J C SAVATE COTOISE,MJCSAVATE COTOISE,repaired
resultats-verdun-07-03-26-pdf-2026-b001,blue_club,COURBEVOIE SAVATE B F,COURBEVOIE SAVATE BF,repaired
resultats-finales-plescop-avril-2026-pdf-2026-b003,red_club,M J C SAVATE COTOISE,MJCSAVATE COTOISE,repaired
resultats-finales-plescop-avril-2026-pdf-2026-b006,blue_club,M J C SAVATE COTOISE,MJCSAVATE COTOISE,repaired
r-sultats-des-finales-du-championnat-de-france-juniors-2020-004,blue_club,S SAVATITUDE,SSAVATITUDE,repaired
savate-tokyo-open-2021-2021-b001,red,岡本,,dropped: too short to be a name
savate-tokyo-open-2021-2021-b001,blue,伊藤,,dropped: too short to be a name
asorumas-pdf-001,red,-60kg: Luka Zajac-”Novi Sad” N.Sad,,dropped: contains digits
asorumas-pdf-002,red,-65kg: Mihajlo Dodić-„Beograd“ Beograd,,dropped: contains digits
asorumas-pdf-003,red,-65kg: Dušan Dimić-”Maks Feniks” Žabalj,,dropped: contains digits
asorumas-pdf-004,red,-65kg: Uroš Veselinović-„Novi Sad“ N.Sad,,dropped: contains digits
asorumas-pdf-004,blue,"Marko Bakić-”Pobednik 021""N.Sad",,dropped: contains digits
asorumas-pdf-005,red,-80kg: Veljko Petronijević-”Fama” Zlatibor,,dropped: contains digits
asorumas-pdf-006,red,-52kg: Alen Lungu-„Gard“ Vršac,,dropped: contains digits
asorumas-pdf-007,red,"-60kg: Aleksa Lokić-”Pobednik 021""N.Sad",,dropped: contains digits
asorumas-pdf-008,red,-75kg: Jovan Teodorović-„Ruma” Ruma,,dropped: contains digits
asorumas-pdf-009,red,-85kg: Jovan Popović-”Vojvodina” N.Sad,,dropped: contains digits
asorumas-pdf-010,red,-85kg: Filip Protić-”Avala Tim” Beograd,,dropped: contains digits
asorumas-pdf-011,red,-60kg: Slobodan Stefanović-”Banat”Zrenjanin,,dropped: contains digits
asorumas-pdf-012,red,-65kg: Mihajlo Dodić-„Beograd“ Beograd,,dropped: contains digits
asorumas-pdf-013,red,-65kg: Petar Jovanov-”Vojvodina” Novi Sad,,dropped: contains digits
asorumas-pdf-014,red,-80kg: Aleodor Vasić-”Gard” Vršac,,dropped: contains digits
asorumas-pdf-015,red,-52kg: Alen Lungu-„Gard“ Vršac,,dropped: contains digits
asorumas-pdf-016,red,-56kg: Andrej Velenac-”Fama” Zlatibor,,dropped: contains digits
asorumas-pdf-017,red,-75kg: Jovan Teodorović-„Ruma” Ruma,,dropped: contains digits
asorumas-pdf-018,red,-85kg: Predrag Mirković-”Voždovac” Beogr.,,dropped: contains digits
asorumas-pdf-018,blue,Vukašin Vakirević-„Goran Ostojić“ Beogr.,Vukašin Vakirević-„Goran Ostojić“ Beogr,repaired
asorumas-pdf-019,red,+85kg: Aleksandar Ribić-„Goran Ostojić“ BG,,dropped: contains digits
asorumas-pdf-020,red,-60kg: Luka Zajac-”Novi Sad” N.Sad,,dropped: contains digits
asorumas-pdf-021,red,-65kg: Mihajlo Dodić-„Beograd“ Beograd,,dropped: contains digits
asorumas-pdf-022,red,-80kg: Marko Kovačević-”Voždovac” Beograd,,dropped: contains digits
asorumas-pdf-023,red,-60kg: Anastasija Ikonić-„Ruma“ Ruma,,dropped: contains digits
asorumas-pdf-024,red,-60kg: Helena Huseini-„Beograd“ Beograd,,dropped: contains digits
asorumas-pdf-025,red,-60kg: Nikolija Ilić-„Banat“ Zrenjanin,,dropped: contains digits
asorumas-pdf-026,red,-60kg: Anđela Barišić-”Gard” Vršac,,dropped: contains digits
asorumas-pdf-027,red,-48kg: Lidija Abazovski-”Novi Sad”N.Sad,,dropped: contains digits
asorumas-pdf-028,red,-56kg: Iva Angeleski-”Voždovac”Beograd,,dropped: contains digits
asorumas-pdf-029,red,-70kg: Sandra Petković -„Grocka“ Beograd,,dropped: contains digits
asorumas-pdf-030,red,-60kg: Anastasija Ikonić-„Ruma“ Ruma,,dropped: contains digits
asorumas-pdf-031,red,-60kg: Nikolija Ilić-„Banat“ Zrenjanin,,dropped: contains digits
asorumas-pdf-032,red,"-52kg:     Arijana Otašević-”Pobednik 021""N.Sad",,dropped: contains digits
asorumas-pdf-033,red,-48kg:     Lidija Abazovski-”Novi Sad”N.Sad,,dropped: contains digits
asorumas-pdf-034,red,-56kg:     Iva Angeleski-”Voždovac”Beograd,,dropped: contains digits
asorumas-pdf-035,red,-70kg:     Anđela Kostadinov-”Gard” Vršac,,dropped: contains digits
asorumas-pdf-036,red,-60kg:     Anastasija Ikonić-„Ruma“ Ruma,,dropped: contains digits
resultats-1er-gant-pdf-b001,red,1 JADE VANSTAEN ALICIA LECOCQ MELCHIOR GABRIEL VICTORIEN,,dropped: contains digits
resultats-1er-gant-pdf-b001,blue,2 SHAINA DESCHODT ZOÉ CARLIER MAEL THOMAS L SACHA,,dropped: contains digits
resultats-1er-gant-pdf-b002,red,3 YASSINE ISAOUTAN THOMAS FERCOT ? ENZO ELSA,,dropped: contains digits
resultats-1er-gant-pdf-b002,blue,4 THÉO FOURNIER VICTORIEN LÉONE LÉO C ? MAEVA MAEL,,dropped: contains digits
resultats-1er-gant-pdf-b003,red,5 LORENTIN BEATSE ALEXANDRE SCHROEYERS MELCHIOR LEO C MAEL,,dropped: contains digits
resultats-1er-gant-pdf-b003,blue,6 ANAÏS MOUDER MAEVA THOUVENIN LOUANE RAMI MAEL,,dropped: contains digits
resultats-1er-gant-pdf-b004,red,8 LISA BEARNN-LEBAILLY LOUANE CALMUS MAEL VICTORIEN HUGUES,,dropped: contains digits
resultats-1er-gant-pdf-b004,blue,9 MELCHIOR SAUVILLERS RAMI AL AKOUM MAEVA VICTORIEN,,dropped: contains digits
resultats-1er-gant-pdf-b005,red,10 NATHAN MERCIER MAEL PÉRON RAMI ? ALESSIA VALENTINE,,dropped: contains digits
resultats-1er-gant-pdf-b005,blue,11 LENY HENRY MAXENCE LELONG MAEL ? ELSA SHAINA,,dropped: contains digits
resultats-1er-gant-pdf-b006,red,12 ENZO CARDIA EDDY SOTTIAUX MAEL BAPTISTE NATHAN,,dropped: contains digits
resultats-1er-gant-pdf-b006,blue,13 ALEXIS DUSSART LEO MASSON LENY RAMI ALESSIA,,dropped: contains digits
resultats-1er-gant-pdf-b007,red,ENCEINTE 2 1 HAMEL GHOUILA AMÉLIE VANHOOSTUYSE YANISS B ? VALENTINE THÉO F,,dropped: contains digits
resultats-1er-gant-pdf-b007,blue,2 JADE PREVOST EMMA ZELAZNY VALENTINE ? LENY YANISS B,,dropped: contains digits
resultats-1er-gant-pdf-b008,red,3 THÉO FLINOIS MAXENCE DELSART MATHYS D ? VALENTINE YANISS B,,dropped: contains digits
resultats-1er-gant-pdf-b008,blue,4 ETHAN HOFFMAN DAMIEN CALIME ANTOINE ? MATHYS D HAMEL,,dropped: contains digits
resultats-1er-gant-pdf-b009,red,5 BAPTISTE LEIRE ADAM EL BAHRAOUI LENY ? MATHYS D YANISS B,,dropped: contains digits
resultats-1er-gant-pdf-b009,blue,6 ELSA LAFRANCE DEMAILLE YLANE VIRGINIUS EMMA ? MATHYS D THÉO F,,dropped: contains digits
resultats-1er-gant-pdf-b010,red,8 MAXENCE DELSART AXIME MHADHBI-DELETOMB ALESSIA ? MYLAN JOHAN,,dropped: contains digits
resultats-1er-gant-pdf-b010,blue,9 PIERRE LIN MATHYS DESCAMPS ? ALESSIA MYLAN,,dropped: contains digits
resultats-1er-gant-pdf-b011,red,11 THOMAS LIÉNARD ANTOINE JOUNIAUX ? MAXIME M JOHAN,,dropped: contains digits
resultats-1er-gant-pdf-b011,blue,12 HUGUES LEPERS JORDAN SCHROEYERS ? HAMEL JOHAN,,dropped: contains digits
rezultati-ssv-2023-pdf-2023-01-final,red,"SUBS ""Pobednik 021"", Novi Sad",,dropped: contains digits
rezultati-ssv-2023-pdf-2023-02-final,blue,"KBS ""Tigrovi 021"", Žabalj",,dropped: contains digits
rezultati-ssv-2023-pdf-2023-03-final,red,"SUBS ""Pobednik 021"", Novi Sad",,dropped: contains digits
rezultati-ssv-2023-pdf-2023-04-final,red,"SUBS ""Pobednik 021"", Novi Sad",,dropped: contains digits
finales-finales-2023-005,red_club,SAVAT O POING 26015,SAVAT OPOING 26015,repaired
finales-finales-2023-007,red,DELARIVE Matthieu BAC9savate,,dropped: contains digits
finales-finales-2023-008,red,1/2F JANOLI Léa SBF DE CLUSES,,dropped: contains digits
finales-finales-2023-023,red,1/2F CARDARELLI Vittorio AS EVRY SBF,,dropped: contains digits
finales-finales-2023-029,red,Finale DELARIVE Matthieu BAC9savate,,dropped: contains digits
fisav-european-championships-for-assaut-2009-0001,fighter,": CARBONE Richard, Fédération Italienne de Savate",CARBONE Richard,repaired
fisav-european-championships-for-assaut-2009-0002,fighter,": MÉNDEZ SILVA Alberto, Asociacion Galega Paro o desenvolvemento do",MÉNDEZ SILVA Alberto,repaired
fisav-european-championships-for-assaut-2009-0002,country,Savate,Savate,unresolved: kept verbatim
fisav-european-championships-for-assaut-2009-0003,fighter,": PARODI Lorenzo, Fédération Italienne de Savate",PARODI Lorenzo,repaired
fisav-european-championships-for-assaut-2009-0004,fighter,": ALAMELLE Jianny, Fédération Française de Savate Boxe Française",ALAMELLE Jianny,repaired
fisav-european-championships-for-assaut-2009-0005,fighter,": HROVATIN Matej, Fédération Slovène de Savate",HROVATIN Matej,repaired
fisav-european-championships-for-assaut-2009-0006,fighter,": CARUSO Alessandro, Fédération Italienne de Savate",CARUSO Alessandro,repaired
fisav-european-championships-for-assaut-2009-0007,fighter,": VANHOECKE Chris, Fédération Belge de Savate",VANHOECKE Chris,repaired
fisav-european-championships-for-assaut-2009-0008,fighter,": GAGGERO Marco, Fédération Italienne de Savate",GAGGERO Marco,repaired
fisav-european-championships-for-assaut-2009-0009,fighter,": PIRSON Laurent, Fédération Belge de Savate",PIRSON Laurent,repaired
fisav-european-championships-for-assaut-2009-0010,fighter,": ESTEVEZ Felipe, Asociacion Galega Paro o desenvolvemento do",ESTEVEZ Felipe,repaired
fisav-european-championships-for-assaut-2009-0010,country,Savate,Savate,unresolved: kept verbatim
fisav-european-championships-for-assaut-2009-0011,fighter,": MONSEUR Gérard, Fédération Belge de Savate",MONSEUR Gérard,repaired
fisav-european-championships-for-assaut-2009-0012,fighter,": GENOVESE Danilo, Fédération Italienne de Savate",GENOVESE Danilo,repaired
fisav-european-championships-for-assaut-2009-0013,fighter,": BORDERA VÁZQUEZ Nicolás, Asociacion Galega Paro o desenvolvemento do",BORDERA VÁZQUEZ Nicolás,repaired
fisav-european-championships-for-assaut-2009-0013,country,Savate,Savate,unresolved: kept verbatim
fisav-european-championships-for-assaut-2009-0014,fighter,": PAPADOPOULOS Arestide, Fédération Allemande de Savate",PAPADOPOULOS Arestide,repaired
fisav-european-championships-for-assaut-2009-0015,fighter,": BÖNISCH Volker, Fédération Allemande de Savate",BÖNISCH Volker,repaired
fisav-european-championships-for-assaut-2009-0016,fighter,": MILETIC Zoran, Fédération Croate de Savate",MILETIC Zoran,repaired
fisav-european-championships-for-assaut-2009-0017,fighter,": ALESSANDRONI Denise, Fédération Italienne de Savate",ALESSANDRONI Denise,repaired
fisav-european-championships-for-assaut-2009-0018,fighter,": MANDEFU Rebecca, Fédération Belge de Savate",MANDEFU Rebecca,repaired
fisav-european-championships-for-assaut-2009-0019,fighter,": PIFFER Francesca, Fédération Italienne de Savate",PIFFER Francesca,repaired
fisav-european-championships-for-assaut-2009-0020,fighter,": ZEKIC Sandra, Fédération Serbe de Savate",ZEKIC Sandra,repaired
fisav-european-championships-for-assaut-2009-0021,fighter,": HORVAT Marina, Fédération Croate de Savate",HORVAT Marina,repaired
fisav-european-championships-for-assaut-2009-0022,fighter,": TANG Catherine, Fédération Belge de Savate",TANG Catherine,repaired
fisav-european-championships-for-assaut-2009-0023,fighter,": GILBERT Laura, Fédération de Grande Bretagne de Savate",GILBERT Laura,repaired
fisav-european-championships-for-assaut-2009-0024,fighter,": RAVASI Valeria, Fédération Italienne de Savate",RAVASI Valeria,repaired
fisav-european-championships-for-assaut-2009-0025,fighter,": VOLOTINEN Annukka, Fédération Finlandaise de Savate",VOLOTINEN Annukka,repaired
fisav-european-championships-for-assaut-2009-0026,fighter,": ARNOULD Julie, Fédération Belge de Savate",ARNOULD Julie,repaired
fisav-european-championships-for-assaut-2009-0027,fighter,": HAWKINS Lizzy, Fédération de Grande Bretagne de Savate",HAWKINS Lizzy,repaired
fisav-european-championships-for-assaut-2009-0028,fighter,": BARTOCCI Silvia, Fédération Italienne de Savate",BARTOCCI Silvia,repaired
fisav-european-championships-for-assaut-2009-0029,fighter,": VEHAR Nina, Fédération Slovène de Savate",VEHAR Nina,repaired
fisav-european-combat-championship-2010-seniors-0001,fighter,–,,dropped: nothing left after trimming
fisav-european-combat-championship-2010-seniors-0002,fighter,-,,dropped: nothing left after trimming
fisav-european-combat-championship-2010-seniors-0003,fighter,-,,dropped: nothing left after trimming
fisav-european-combat-championship-2010-seniors-0004,fighter,-,,dropped: nothing left after trimming
fisav-european-combat-championship-2010-seniors-0005,fighter,-,,dropped: nothing left after trimming
fisav-european-combat-championship-2010-seniors-0006,fighter,-,,dropped: nothing left after trimming
fisav-european-combat-championship-2010-seniors-0007,fighter,-,,dropped: nothing left after trimming
fisav-european-combat-championship-2010-seniors-0008,fighter,-,,dropped: nothing left after trimming
fisav-european-combat-championship-2010-seniors-0009,fighter,–,,dropped: nothing left after trimming
fisav-european-combat-championship-2010-seniors-0010,fighter,–,,dropped: nothing left after trimming
fisav-european-combat-championship-2010-seniors-0011,fighter,–Pavel,Pavel,repaired
fisav-european-combat-championship-2010-seniors-0011,country,LOBKOV (Russie),Russia,resolved
fisav-championnat-du-monde-combat-2011-senior-men-0001,fighter,SUIRE Dimitri (FR),SUIRE Dimitri,repaired
fisav-championnat-du-monde-combat-2011-senior-men-0001,country,FR,France,resolved
fisav-championnat-du-monde-combat-2011-senior-men-0002,country,Laurent Johnny (MADA),Madagascar,resolved
fisav-championnat-du-monde-combat-2011-senior-men-0003,country,(ITA) & DEMBELE Paly (MAL),Mali,resolved
fisav-championnat-du-monde-combat-2011-senior-men-0004,country,(Cro),Croatia,resolved
fisav-championnat-du-monde-combat-2011-senior-men-0005,country,(Fr),France,resolved
fisav-championnat-du-monde-combat-2011-senior-men-0006,country,(Rus),Russia,resolved
fisav-championnat-du-monde-combat-2011-senior-men-0008,country,(Fr),France,resolved
fisav-championnat-du-monde-combat-2011-senior-men-0009,country,(RUS) & MUSSO Roberto (ITA),Italy,resolved
fisav-championnat-du-monde-combat-2011-senior-men-0010,country,(Fr),France,resolved
fisav-championnat-du-monde-combat-2011-senior-men-0011,country,(Cro),Croatia,resolved
fisav-championnat-du-monde-combat-2011-senior-men-0012,country,Léopold César (MADA) & SIVOLJICKI Igor (SER),Serbia,resolved
fisav-championnat-du-monde-combat-2011-senior-men-0013,country,(Fr),France,resolved
fisav-championnat-du-monde-combat-2011-senior-men-0014,country,(RUS) vs,(RUS) vs,unresolved: kept verbatim
fisav-championnat-du-monde-combat-2011-senior-men-0015,fighter,VILIČIĆ Anton (CRO),VILIČIĆ Anton,repaired
fisav-championnat-du-monde-combat-2011-senior-men-0015,country,& BARHOUMI Issam (TUN),Tunisia,resolved
fisav-championnat-du-monde-combat-2011-senior-men-0016,country,(Fr),France,resolved
fisav-championnat-du-monde-combat-2011-senior-men-0017,country,(Cro),Croatia,resolved
fisav-championnat-du-monde-combat-2011-senior-men-0018,country,(SER) & SACHIVKO Alexey (RUS),Russia,resolved
fisav-championnat-du-monde-combat-2011-senior-men-0019,fighter,FAJJARI Nabil (FR),FAJJARI Nabil,repaired
fisav-championnat-du-monde-combat-2011-senior-men-0019,country,FR,France,resolved
fisav-championnat-du-monde-combat-2011-senior-men-0020,fighter,GOLIC Milos (MON),GOLIC Milos,repaired
fisav-championnat-du-monde-combat-2011-senior-men-0020,country,MON,Monaco,resolved
fisav-championnat-du-monde-combat-2011-senior-men-0021,country,(SER) & DELHEZ Geoffrey (BEL),Belgium,resolved
fisav-championnat-du-monde-combat-2011-senior-men-0022,country,(Fr),France,resolved
fisav-championnat-du-monde-combat-2011-senior-men-0023,country,(Cro),Croatia,resolved
fisav-championnat-du-monde-combat-2011-senior-men-0024,fighter,BADIA Julian (ITA),BADIA Julian,repaired
fisav-championnat-du-monde-combat-2011-senior-men-0024,country,ITA,Italy,resolved
fisav-championnat-du-monde-combat-2011-seniors-men-0001,fighter,SUIRE Dimitri (FR),SUIRE Dimitri,repaired
fisav-championnat-du-monde-combat-2011-seniors-men-0001,country,FR,France,resolved
fisav-championnat-du-monde-combat-2011-seniors-men-0002,country,Laurent Johnny (MADA),Madagascar,resolved
fisav-championnat-du-monde-combat-2011-seniors-men-0003,country,(ITA) & DEMBELE Paly (MAL),Mali,resolved
fisav-championnat-du-monde-combat-2011-seniors-men-0004,country,(Cro),Croatia,resolved
fisav-championnat-du-monde-combat-2011-seniors-men-0005,country,(Fr),France,resolved
fisav-championnat-du-monde-combat-2011-seniors-men-0006,country,(Rus),Russia,resolved
fisav-championnat-du-monde-combat-2011-seniors-men-0008,country,(Fr),France,resolved
fisav-championnat-du-monde-combat-2011-seniors-men-0009,country,(RUS) & MUSSO Roberto (ITA),Italy,resolved
fisav-championnat-du-monde-combat-2011-seniors-men-0010,country,(Fr),France,resolved
fisav-championnat-du-monde-combat-2011-seniors-men-0011,country,(Cro),Croatia,resolved
fisav-championnat-du-monde-combat-2011-seniors-men-0012,country,Léopold César (MADA) & SIVOLJICKI Igor (SER),Serbia,resolved
fisav-championnat-du-monde-combat-2011-seniors-men-0013,country,(Fr),France,resolved
fisav-championnat-du-monde-combat-2011-seniors-men-0014,country,(RUS) vs,(RUS) vs,unresolved: kept verbatim
fisav-championnat-du-monde-combat-2011-seniors-men-0015,fighter,VILIČIĆ Anton (CRO),VILIČIĆ Anton,repaired
fisav-championnat-du-monde-combat-2011-seniors-men-0015,country,& BARHOUMI Issam (TUN),Tunisia,resolved
fisav-championnat-du-monde-combat-2011-seniors-men-0016,country,(Fr),France,resolved
fisav-championnat-du-monde-combat-2011-seniors-men-0017,country,(Cro),Croatia,resolved
fisav-championnat-du-monde-combat-2011-seniors-men-0018,country,(SER) & SACHIVKO Alexey (RUS),Russia,resolved
fisav-championnat-du-monde-combat-2011-seniors-men-0019,fighter,FAJJARI Nabil (FR),FAJJARI Nabil,repaired
fisav-championnat-du-monde-combat-2011-seniors-men-0019,country,FR,France,resolved
fisav-championnat-du-monde-combat-2011-seniors-men-0020,fighter,GOLIC Milos (MON),GOLIC Milos,repaired
fisav-championnat-du-monde-combat-2011-seniors-men-0020,country,MON,Monaco,resolved
fisav-championnat-du-monde-combat-2011-seniors-men-0021,country,(SER) & DELHEZ Geoffrey (BEL),Belgium,resolved
fisav-championnat-du-monde-combat-2011-seniors-men-0022,country,(Fr),France,resolved
fisav-championnat-du-monde-combat-2011-seniors-men-0023,country,(Cro),Croatia,resolved
fisav-championnat-du-monde-combat-2011-seniors-men-0024,fighter,BADIA Julian (ITA),BADIA Julian,repaired
fisav-championnat-du-monde-combat-2011-seniors-men-0024,country,ITA,Italy,resolved
fisav-junior-championnat-du-monde-combat-2011-0001,fighter,LATIFI Loïck ( France),LATIFI Loïck,repaired
fisav-junior-championnat-du-monde-combat-2011-0003,country,Olivier (Madagascar),Madagascar,resolved
fisav-junior-championnat-du-monde-combat-2011-0004,country,( France),France,resolved
fisav-junior-championnat-du-monde-combat-2011-0007,fighter,BYKOV Anton (Russie),BYKOV Anton,repaired
fisav-junior-championnat-du-monde-combat-2011-0007,country,Russie,Russia,resolved
fisav-junior-championnat-du-monde-combat-2011-0008,country,( France),France,resolved
fisav-junior-championnat-du-monde-combat-2011-0009,fighter,GAJIC Miso (Serbie),GAJIC Miso,repaired
fisav-junior-championnat-du-monde-combat-2011-0009,country,Serbie,Serbia,resolved
fisav-junior-championnat-du-monde-combat-2011-0010,country,Georgiy (Russie),Russia,resolved
fisav-junior-championnat-du-monde-combat-2011-0011,fighter,GALAIS Idriss ( France),GALAIS Idriss,repaired
fisav-junior-championnat-du-monde-combat-2011-0014,country,Kader ( France),France,resolved
fisav-junior-championnat-du-monde-combat-2011-0016,fighter,ALOYAN Artur (Russie),ALOYAN Artur,repaired
fisav-junior-championnat-du-monde-combat-2011-0016,country,Russie,Russia,resolved
fisav-junior-championnat-du-monde-combat-2011-0018,fighter,KADA Medhi (France),KADA Medhi,repaired
fisav-junior-championnat-du-monde-combat-2011-0020,country,(France),France,resolved
fisav-world-championships-2012-women-0019,country,Great Britain,United Kingdom,resolved
fisav-world-championships-2012-women-0028,country,Irlande,Ireland,resolved
fisav-world-championships-savate-assaut-2012-men-0015,country,Great Britain,United Kingdom,resolved
fisav-world-combat-championships-2013-junior-men-0001,fighter,– Narek,Narek,repaired
fisav-world-combat-championships-2013-junior-men-0001,country,BABADZHANIAN (Russie),Russia,resolved
fisav-world-combat-championships-2013-junior-men-0002,fighter,–,,dropped: nothing left after trimming
fisav-world-combat-championships-2013-junior-men-0003,fighter,– Ibrahim,Ibrahim,repaired
fisav-world-combat-championships-2013-junior-men-0003,country,RANDRIANANGA (Madagascar) & Hidri SAFOUAN (Tunisie),Tunisia,resolved
fisav-world-combat-championships-2013-junior-men-0004,fighter,– Cedric,Cedric,repaired
fisav-world-combat-championships-2013-junior-men-0004,country,KHELIF (France),France,resolved
fisav-world-combat-championships-2013-junior-men-0005,fighter,–,,dropped: nothing left after trimming
fisav-world-combat-championships-2013-junior-men-0006,fighter,– Igor BAGONJA,Igor BAGONJA,repaired
fisav-world-combat-championships-2013-junior-men-0006,country,(Serbie) & Luka LESKOVIC (Croatie),Croatia,resolved
fisav-world-combat-championships-2013-junior-men-0007,fighter,– Jeff,Jeff,repaired
fisav-world-combat-championships-2013-junior-men-0007,country,DAHIE (France),France,resolved
fisav-world-combat-championships-2013-junior-men-0008,fighter,–,,dropped: nothing left after trimming
fisav-world-combat-championships-2013-junior-men-0009,fighter,– Jurica SKORANEC,Jurica SKORANEC,repaired
fisav-world-combat-championships-2013-junior-men-0009,country,(Croatie) & Jiangbo LU (Chine),China,resolved
fisav-world-combat-championships-2013-junior-men-0010,fighter,– Herve,Herve,repaired
fisav-world-combat-championships-2013-junior-men-0010,country,KIRCH (France),France,resolved
fisav-world-combat-championships-2013-junior-men-0011,fighter,–,,dropped: nothing left after trimming
fisav-world-combat-championships-2013-junior-men-0012,fighter,– Radovan,Radovan,repaired
fisav-world-combat-championships-2013-junior-men-0012,country,DRAGUTINOVIC (Serbie),Serbia,resolved
fisav-world-combat-championships-2013-junior-men-0013,fighter,– Dylan,Dylan,repaired
fisav-world-combat-championships-2013-junior-men-0013,country,COLIN (France),France,resolved
fisav-world-combat-championships-2013-junior-men-0014,fighter,–,,dropped: nothing left after trimming
fisav-world-combat-championships-2013-junior-men-0015,fighter,– Jovan,Jovan,repaired
fisav-world-combat-championships-2013-junior-men-0015,country,IKIC (Serbie),Serbia,resolved
fisav-world-combat-championships-2013-junior-men-0016,fighter,–,,dropped: nothing left after trimming
fisav-world-combat-championships-2013-junior-men-0017,fighter,– Cedric AKOURI,Cedric AKOURI,repaired
fisav-world-combat-championships-2013-junior-men-0017,country,(France),France,resolved
fisav-world-combat-championships-2013-junior-men-0018,fighter,– Drazen,Drazen,repaired
fisav-world-combat-championships-2013-junior-men-0018,country,KURAJA (Croatie),Croatia,resolved
fisav-world-combat-championships-2013-junior-men-0019,fighter,–,,dropped: nothing left after trimming
fisav-world-combat-championships-2013-junior-men-0020,fighter,– Alexander,Alexander,repaired
fisav-world-combat-championships-2013-junior-men-0020,country,SLYUNCHENKO (Russie) & Jean Nael AZIE (Mauritius),Mauritius,resolved
fisav-world-combat-championships-2013-senior-men-0001,fighter,– Ousmane SARR (France),Ousmane SARR,repaired
fisav-world-combat-championships-2013-senior-men-0002,fighter,– Laurent Johny RAKOTONDRABE,Laurent Johny RAKOTONDRABE,repaired
fisav-world-combat-championships-2013-senior-men-0002,country,(Madagascar),Madagascar,resolved
fisav-world-combat-championships-2013-senior-men-0003,fighter,– Richard CARBONNE (ITA) & Maksym,,"dropped: reads as fixture text, not a name"
fisav-world-combat-championships-2013-senior-men-0004,fighter,– Jonathan BONNET (France),Jonathan BONNET,repaired
fisav-world-combat-championships-2013-senior-men-0005,fighter,– Viktor SLAVINSKYI (Ukraine),Viktor SLAVINSKYI,repaired
fisav-world-combat-championships-2013-senior-men-0006,fighter,– Predrag SIMUNEC (Croatie) & Yang LIANG,,"dropped: reads as fixture text, not a name"
fisav-world-combat-championships-2013-senior-men-0007,fighter,– Laurent Olivier CRESCENCE (France),Laurent Olivier CRESCENCE,repaired
fisav-world-combat-championships-2013-senior-men-0008,fighter,– BORIS ESSERE (Rep Congo),BORIS ESSERE,repaired
fisav-world-combat-championships-2013-senior-men-0008,country,Rep Congo,Congo,resolved
fisav-world-combat-championships-2013-senior-men-0009,fighter,– Alexandru NITA (Romanie) & Ruslan,,"dropped: reads as fixture text, not a name"
fisav-world-combat-championships-2013-senior-men-0010,fighter,– Georgy FERNANTE (France),Georgy FERNANTE,repaired
fisav-world-combat-championships-2013-senior-men-0011,fighter,– Dmytro ROMANENKO (Ukraine),Dmytro ROMANENKO,repaired
fisav-world-combat-championships-2013-senior-men-0012,fighter,– Damjan MARKOVIC (Serbie) & Georgy,,"dropped: reads as fixture text, not a name"
fisav-world-combat-championships-2013-senior-men-0013,fighter,– Tony ANCELIN (France),Tony ANCELIN,repaired
fisav-world-combat-championships-2013-senior-men-0014,fighter,– Andrei STUDENIKOV (Russie),Andrei STUDENIKOV,repaired
fisav-world-combat-championships-2013-senior-men-0014,country,Russie,Russia,resolved
fisav-world-combat-championships-2013-senior-men-0015,fighter,– Marouane AATIFI (Maroc) & Volodymyr,,"dropped: reads as fixture text, not a name"
fisav-world-combat-championships-2013-senior-men-0016,fighter,– Damir PLANTIC (Croatie),Damir PLANTIC,repaired
fisav-world-combat-championships-2013-senior-men-0016,country,Croatie,Croatia,resolved
fisav-world-combat-championships-2013-senior-men-0017,fighter,– Alexander SIDORKIN (Russie),Alexander SIDORKIN,repaired
fisav-world-combat-championships-2013-senior-men-0017,country,Russie,Russia,resolved
fisav-world-combat-championships-2013-senior-men-0018,fighter,– Mohamed Seif KHALIFA (Tunisie) & Cihan,,"dropped: reads as fixture text, not a name"
fisav-world-combat-championships-2013-senior-men-0019,fighter,– Alexey SACHIVKO (Russie),Alexey SACHIVKO,repaired
fisav-world-combat-championships-2013-senior-men-0019,country,Russie,Russia,resolved
fisav-world-combat-championships-2013-senior-men-0020,fighter,– Mykyta CHUB (Ukraine),Mykyta CHUB,repaired
fisav-world-combat-championships-2013-senior-men-0021,fighter,– Romain FALENDRY (France) & Zoran,,"dropped: reads as fixture text, not a name"
fisav-world-combat-championships-2013-senior-men-0022,fighter,– Fabrice AURIENG (France),Fabrice AURIENG,repaired
fisav-world-combat-championships-2013-senior-men-0023,fighter,– Zvonimir MARTIC (Croatie),Zvonimir MARTIC,repaired
fisav-world-combat-championships-2013-senior-men-0023,country,Croatie,Croatia,resolved
fisav-world-combat-championships-2013-senior-men-0024,fighter,– Giuseppe MONGIARDINO (Italie) & Viktor,,"dropped: reads as fixture text, not a name"
fisav-world-combat-championships-2013-senior-women-0001,fighter,– Elisa PICOLLO (Italie),Elisa PICOLLO,repaired
fisav-world-combat-championships-2013-senior-women-0001,country,Italie,Italy,resolved
fisav-world-combat-championships-2013-senior-women-0002,fighter,– Ouided ABDELAZIZ,Ouided ABDELAZIZ,repaired
fisav-world-combat-championships-2013-senior-women-0003,fighter,– Mariko HARA (Japon),Mariko HARA,repaired
fisav-world-combat-championships-2013-senior-women-0003,country,& Bernadette RAVAOARISOA (Madagascar),Madagascar,resolved
fisav-world-combat-championships-2013-senior-women-0004,fighter,– Margot BOUYJOU,Margot BOUYJOU,repaired
fisav-world-combat-championships-2013-senior-women-0004,country,(France),France,resolved
fisav-world-combat-championships-2013-senior-women-0005,fighter,– Evgeniya SIVIRI,Evgeniya SIVIRI,repaired
fisav-world-combat-championships-2013-senior-women-0006,fighter,– Lydia COUTURE (Canada),Lydia COUTURE,repaired
fisav-world-combat-championships-2013-senior-women-0006,country,& Marta MURRU (Italie),Italy,resolved
fisav-world-combat-championships-2013-senior-women-0007,fighter,– Anissa MEKSEN,Anissa MEKSEN,repaired
fisav-world-combat-championships-2013-senior-women-0007,country,(France),France,resolved
fisav-world-combat-championships-2013-senior-women-0008,fighter,– Celine IGLESIS,Celine IGLESIS,repaired
fisav-world-combat-championships-2013-senior-women-0009,fighter,– Olga GAVRILOVA (Russie),Olga GAVRILOVA,repaired
fisav-world-combat-championships-2013-senior-women-0009,country,& Elisa BARBINI (Italie),Italy,resolved
fisav-world-combat-championships-2013-senior-women-0010,fighter,– Cyrielle GIRODIAS,Cyrielle GIRODIAS,repaired
fisav-world-combat-championships-2013-senior-women-0010,country,(France),France,resolved
fisav-world-combat-championships-2013-senior-women-0011,fighter,– Rimma GOLUBEVA,Rimma GOLUBEVA,repaired
fisav-world-combat-championships-2013-senior-women-0012,fighter,– Marija PETRIC (Croatie),Marija PETRIC,repaired
fisav-world-combat-championships-2013-senior-women-0012,country,Croatie,Croatia,resolved
fisav-world-combat-championships-2013-senior-women-0013,fighter,– Julie BURTON (France),Julie BURTON,repaired
fisav-world-combat-championships-2013-senior-women-0014,fighter,– Annuka VOLOTINEN,Annuka VOLOTINEN,repaired
fisav-world-combat-championships-2013-senior-women-0014,country,(Finland),Finland,resolved
fisav-world-combat-championships-2013-senior-women-0015,fighter,– Nizha SBAI (Maroc) &,,"dropped: reads as fixture text, not a name"
fisav-world-combat-championships-2013-senior-women-0016,fighter,– Blandine JOUARD,Blandine JOUARD,repaired
fisav-world-combat-championships-2013-senior-women-0016,country,(France),France,resolved
fisav-world-combat-championships-2013-senior-women-0017,fighter,– Serena BURGIO,Serena BURGIO,repaired
fisav-world-combat-championships-2013-senior-women-0018,fighter,– Yudan BAO (Chine) &,,"dropped: reads as fixture text, not a name"
fisav-world-combat-championships-2013-senior-women-0019,fighter,– Nives RADIC (Croatie),Nives RADIC,repaired
fisav-world-combat-championships-2013-senior-women-0019,country,Croatie,Croatia,resolved
fisav-world-combat-championships-2013-senior-women-0020,fighter,– Wided YOUNSI,Wided YOUNSI,repaired
fisav-world-combat-championships-2013-senior-women-0021,fighter,– Nina VEHAR (Slovenie),Nina VEHAR,repaired
fisav-world-combat-championships-2013-senior-women-0021,country,Slovenie,Slovenia,resolved
fisav-world-youth-championships-2013-female-categories-0005,country,B&H,Bosnia and Herzegovina,resolved
fisav-world-youth-championships-2013-male-categories-0006,country,B&H,Bosnia and Herzegovina,resolved
fisav-world-youth-championships-2013-male-categories-0013,country,B&H,Bosnia and Herzegovina,resolved
fisav-world-youth-championships-2013-male-categories-0017,country,B&H,Bosnia and Herzegovina,resolved
fisav-world-youth-championships-2013-male-categories-0022,country,B&H,Bosnia and Herzegovina,resolved
fisav-world-assaut-2014-men-s-results-0001,fighter,– Boris RODRIGUEZ,Boris RODRIGUEZ,repaired
fisav-world-assaut-2014-men-s-results-0001,country,(France),France,resolved
fisav-world-assaut-2014-men-s-results-0002,fighter,– Fayçal MESSAOUDENE,Fayçal MESSAOUDENE,repaired
fisav-world-assaut-2014-men-s-results-0002,country,(Algeria),Algeria,resolved
fisav-world-assaut-2014-men-s-results-0003,fighter,– Srdjan NADRLJANSKI,Srdjan NADRLJANSKI,repaired
fisav-world-assaut-2014-men-s-results-0003,country,(Serbia) & José Nathan RANDRIANANTENAINA (Madagascar),Madagascar,resolved
fisav-world-assaut-2014-men-s-results-0004,fighter,– Yoann COLLART,Yoann COLLART,repaired
fisav-world-assaut-2014-men-s-results-0004,country,( Belgium),Belgium,resolved
fisav-world-assaut-2014-men-s-results-0005,fighter,– Jérôme BELLANGER,Jérôme BELLANGER,repaired
fisav-world-assaut-2014-men-s-results-0005,country,(France),France,resolved
fisav-world-assaut-2014-men-s-results-0006,fighter,– Kenta FUNAYAMA,Kenta FUNAYAMA,repaired
fisav-world-assaut-2014-men-s-results-0006,country,(Japan) & LEE Ji-Suk (Korea),Korea,resolved
fisav-world-assaut-2014-men-s-results-0007,fighter,– Johan GHASSIRI,Johan GHASSIRI,repaired
fisav-world-assaut-2014-men-s-results-0007,country,(France),France,resolved
fisav-world-assaut-2014-men-s-results-0008,fighter,– Anthony MEZAACHE,Anthony MEZAACHE,repaired
fisav-world-assaut-2014-men-s-results-0008,country,(Algeria),Algeria,resolved
fisav-world-assaut-2014-men-s-results-0009,fighter,– Thibault CORBISIER,Thibault CORBISIER,repaired
fisav-world-assaut-2014-men-s-results-0009,country,(Belgium) & Hamzeh MORIADIAN (Iran),Iran,resolved
fisav-world-assaut-2014-men-s-results-0010,fighter,– Smaël MAYOUF,Smaël MAYOUF,repaired
fisav-world-assaut-2014-men-s-results-0010,country,(France),France,resolved
fisav-world-assaut-2014-men-s-results-0011,fighter,– Naïm NEMOUCHI,Naïm NEMOUCHI,repaired
fisav-world-assaut-2014-men-s-results-0011,country,(Algeria),Algeria,resolved
fisav-world-assaut-2014-men-s-results-0012,fighter,– Elias ANDERSSON (Finland),Elias ANDERSSON,repaired
fisav-world-assaut-2014-men-s-results-0012,country,& Sophyane HAOUD (Morocco),Morocco,resolved
fisav-world-assaut-2014-men-s-results-0013,fighter,– Tony ANCELIN (France),Tony ANCELIN,repaired
fisav-world-assaut-2014-men-s-results-0014,fighter,– James ANTILL,James ANTILL,repaired
fisav-world-assaut-2014-men-s-results-0014,country,(Great Britain),United Kingdom,resolved
fisav-world-assaut-2014-men-s-results-0015,fighter,– Laurent PIRSON (Belgium),Laurent PIRSON,repaired
fisav-world-assaut-2014-men-s-results-0015,country,& Karim GUILLARD (Algeria),Algeria,resolved
fisav-world-assaut-2014-men-s-results-0016,fighter,– James SOUTHWOOD,James SOUTHWOOD,repaired
fisav-world-assaut-2014-men-s-results-0016,country,(Great Britain),United Kingdom,resolved
fisav-world-assaut-2014-men-s-results-0017,fighter,– Yacine BOUAÏSSA,Yacine BOUAÏSSA,repaired
fisav-world-assaut-2014-men-s-results-0017,country,(France),France,resolved
fisav-world-assaut-2014-men-s-results-0018,fighter,– Niko RYYTTY (Finland),Niko RYYTTY,repaired
fisav-world-assaut-2014-men-s-results-0018,country,& Riad IDJILEDINE (Algeria),Algeria,resolved
fisav-world-assaut-2014-men-s-results-0019,fighter,– Pierre ARMBRUSTER,Pierre ARMBRUSTER,repaired
fisav-world-assaut-2014-men-s-results-0019,country,(France),France,resolved
fisav-world-assaut-2014-men-s-results-0020,fighter,– Artem NOSKOV,Artem NOSKOV,repaired
fisav-world-assaut-2014-men-s-results-0021,fighter,– Maxim LEVKOVICH,Maxim LEVKOVICH,repaired
fisav-world-assaut-2014-men-s-results-0021,country,(Russia) & Dimitrios SPIRIDAKOS (Greece),Greece,resolved
fisav-world-assaut-2014-men-s-results-0022,fighter,– Goran BAJSANSKI,Goran BAJSANSKI,repaired
fisav-world-assaut-2014-men-s-results-0022,country,(Serbia),Serbia,resolved
fisav-world-assaut-2014-men-s-results-0023,fighter,– Brahim ANNOUR,Brahim ANNOUR,repaired
fisav-world-assaut-2014-men-s-results-0023,country,(France),France,resolved
fisav-world-assaut-2014-men-s-results-0024,fighter,– Oleksandr ZHELEPA,Oleksandr ZHELEPA,repaired
fisav-world-assaut-2014-men-s-results-0024,country,(Ukraine) & Benoit MINGUET (Belgium),Belgium,resolved
fisav-world-assaut-2014-women-s-results-0001,fighter,– Adeline MAY (France),Adeline MAY,repaired
fisav-world-assaut-2014-women-s-results-0002,fighter,– Sarah HAMOURIT,Sarah HAMOURIT,repaired
fisav-world-assaut-2014-women-s-results-0002,country,(Algeria),Algeria,resolved
fisav-world-assaut-2014-women-s-results-0003,fighter,– Ranini CUNDASAWMY (Mauritius),Ranini CUNDASAWMY,repaired
fisav-world-assaut-2014-women-s-results-0003,country,& Nada MILADINOV (Serbia),Serbia,resolved
fisav-world-assaut-2014-women-s-results-0004,fighter,– Charlène MORGO (France),Charlène MORGO,repaired
fisav-world-assaut-2014-women-s-results-0005,fighter,– Ivana POPADIC (Serbia),Ivana POPADIC,repaired
fisav-world-assaut-2014-women-s-results-0006,fighter,– Mariko HARA (Japan) &,,"dropped: reads as fixture text, not a name"
fisav-world-assaut-2014-women-s-results-0007,fighter,– Mathilde MIGNIER (France),Mathilde MIGNIER,repaired
fisav-world-assaut-2014-women-s-results-0008,fighter,– Hayatte AKODAD,Hayatte AKODAD,repaired
fisav-world-assaut-2014-women-s-results-0008,country,(Morocco),Morocco,resolved
fisav-world-assaut-2014-women-s-results-0009,fighter,– Manuela MASSARI (Italy),Manuela MASSARI,repaired
fisav-world-assaut-2014-women-s-results-0009,country,& Anna VOLOBUEVA (Russia),Russia,resolved
fisav-world-assaut-2014-women-s-results-0010,fighter,– Maurine ATEF (France),Maurine ATEF,repaired
fisav-world-assaut-2014-women-s-results-0011,fighter,– Katja NIEMENEN,Katja NIEMENEN,repaired
fisav-world-assaut-2014-women-s-results-0011,country,(Finland),Finland,resolved
fisav-world-assaut-2014-women-s-results-0012,fighter,– Anna TKACHENKO (Ukraine),Anna TKACHENKO,repaired
fisav-world-assaut-2014-women-s-results-0012,country,& Valentina PERINI (Italy),Italy,resolved
fisav-world-assaut-2014-women-s-results-0013,fighter,– Julie LAZARD (France),Julie LAZARD,repaired
fisav-world-assaut-2014-women-s-results-0014,fighter,– Safia BENBALA (Algeria),Safia BENBALA,repaired
fisav-world-assaut-2014-women-s-results-0015,fighter,– Daniela NEUSCHAFER (Germany),Daniela NEUSCHAFER,repaired
fisav-world-assaut-2014-women-s-results-0015,country,& Riikka HOLOPAINEN (Finland),Finland,resolved
fisav-world-assaut-2014-women-s-results-0016,fighter,– Annukka VOLOTINEN,Annukka VOLOTINEN,repaired
fisav-world-assaut-2014-women-s-results-0016,country,(Finland),Finland,resolved
fisav-world-assaut-2014-women-s-results-0017,fighter,– Jessica KONDE (France),Jessica KONDE,repaired
fisav-world-assaut-2014-women-s-results-0018,fighter,– Teodora MANIC (Serbia),Teodora MANIC,repaired
fisav-world-assaut-2014-women-s-results-0018,country,& Nina VEHAR (Slovenia),Slovenia,resolved
fisav-world-assaut-2014-women-s-results-0019,fighter,– Moussou TOUNKARA,Moussou TOUNKARA,repaired
fisav-world-assaut-2014-women-s-results-0019,country,(France),France,resolved
fisav-world-assaut-2014-women-s-results-0020,fighter,– Katarina MYLLARI,Katarina MYLLARI,repaired
fisav-world-assaut-2014-women-s-results-0020,country,(Finland),Finland,resolved
fisav-world-assaut-2014-women-s-results-0021,fighter,– Valentina FAVALLI (Italy),Valentina FAVALLI,repaired
fisav-world-assaut-2014-women-s-results-0022,fighter,– Wided YOUNSI (Tunisia),Wided YOUNSI,repaired
fisav-world-assaut-2014-women-s-results-0023,fighter,– Pauline BLACHERE,Pauline BLACHERE,repaired
fisav-world-assaut-2014-women-s-results-0023,country,(France),France,resolved
fisav-world-assaut-2014-women-s-results-0024,fighter,– Pia-Yvonne BRANDT (Germany),Pia-Yvonne BRANDT,repaired
fisav-world-combat-2015-junior-men-s-results-0001,fighter,– Rinat MAMAEV (Russie),Rinat MAMAEV,repaired
fisav-world-combat-2015-junior-men-s-results-0001,country,Russie,Russia,resolved
fisav-world-combat-2015-junior-men-s-results-0002,fighter,– Boris RODRIGUEZ,Boris RODRIGUEZ,repaired
fisav-world-combat-2015-junior-men-s-results-0002,country,(France),France,resolved
fisav-world-combat-2015-junior-men-s-results-0003,fighter,– Mykola KARAI (Ukraine),Mykola KARAI,repaired
fisav-world-combat-2015-junior-men-s-results-0003,country,& Leonardo CAPUTI (Italie),Italy,resolved
fisav-world-combat-2015-junior-men-s-results-0004,fighter,– Adrien SCHEFFLER (France),Adrien SCHEFFLER,repaired
fisav-world-combat-2015-junior-men-s-results-0005,fighter,– Sergei SHCHERBACHENKO,Sergei SHCHERBACHENKO,repaired
fisav-world-combat-2015-junior-men-s-results-0006,fighter,– Luka HUNIC (Croatie) &,,"dropped: reads as fixture text, not a name"
fisav-world-combat-2015-junior-men-s-results-0007,fighter,– Adrian PETENCHEA Adrian,Adrian PETENCHEA Adrian,repaired
fisav-world-combat-2015-junior-men-s-results-0008,fighter,– Bekkhan SADAEV,Bekkhan SADAEV,repaired
fisav-world-combat-2015-junior-men-s-results-0009,fighter,– GARCÍA PERERIRA (Espagne),GARCÍA PERERIRA,repaired
fisav-world-combat-2015-junior-men-s-results-0009,country,& Brian FILS (Mauritius),Mauritius,resolved
fisav-world-combat-2015-junior-men-s-results-0010,fighter,– Charles DENIS (France),Charles DENIS,repaired
fisav-world-combat-2015-junior-men-s-results-0011,fighter,– Nikolai IARANTCEV,Nikolai IARANTCEV,repaired
fisav-world-combat-2015-junior-men-s-results-0012,fighter,– Luka LANTA (Croatie) &,,"dropped: reads as fixture text, not a name"
fisav-world-combat-2015-junior-men-s-results-0013,fighter,– Jurica SKORANEC (Croatie),Jurica SKORANEC,repaired
fisav-world-combat-2015-junior-men-s-results-0013,country,Croatie,Croatia,resolved
fisav-world-combat-2015-junior-men-s-results-0014,fighter,– Kevin ANDREZE,Kevin ANDREZE,repaired
fisav-world-combat-2015-junior-men-s-results-0014,country,(France),France,resolved
fisav-world-combat-2015-junior-men-s-results-0015,fighter,– Valentin KOLYBENKO (Ukraine),Valentin KOLYBENKO,repaired
fisav-world-combat-2015-junior-men-s-results-0015,country,& SUN Shuo (Chine),China,resolved
fisav-world-combat-2015-junior-men-s-results-0016,fighter,– Massimo BITTO (France),Massimo BITTO,repaired
fisav-world-combat-2015-junior-men-s-results-0017,fighter,– Maks HNEZDILOV,Maks HNEZDILOV,repaired
fisav-world-combat-2015-junior-men-s-results-0017,country,(Ukranie),Ukraine,resolved
fisav-world-combat-2015-junior-men-s-results-0018,fighter,– Adrien VERGNE (France),Adrien VERGNE,repaired
fisav-world-combat-2015-junior-men-s-results-0019,fighter,- Alberto LOUREIRO,Alberto LOUREIRO,repaired
fisav-world-combat-2015-junior-men-s-results-0020,fighter,– Jean-Eudes DESMAISON,Jean-Eudes DESMAISON,repaired
fisav-world-combat-2015-junior-men-s-results-0020,country,(France),France,resolved
fisav-world-combat-2015-junior-men-s-results-0021,fighter,– Aleksandr SLIUNCHENKO,Aleksandr SLIUNCHENKO,repaired
fisav-world-combat-2015-junior-men-s-results-0022,fighter,– Hortense Adriano SPEVILLE,Hortense Adriano SPEVILLE,repaired
fisav-world-combat-2015-junior-men-s-results-0022,country,(Mauritius),Mauritius,resolved
fisav-world-combat-2015-senior-men-s-results-0001,fighter,– Jerry BART (France),Jerry BART,repaired
fisav-world-combat-2015-senior-men-s-results-0002,fighter,– YUAN Peng (Chine),YUAN Peng,repaired
fisav-world-combat-2015-senior-men-s-results-0002,country,Chine,China,resolved
fisav-world-combat-2015-senior-men-s-results-0003,fighter,– Antonio HORVATIC (Croatie) & Geraldo,,"dropped: reads as fixture text, not a name"
fisav-world-combat-2015-senior-men-s-results-0004,fighter,– Jonathan BONNET (France),Jonathan BONNET,repaired
fisav-world-combat-2015-senior-men-s-results-0005,fighter,– Narek BABADZHANIAN (Russie),Narek BABADZHANIAN,repaired
fisav-world-combat-2015-senior-men-s-results-0005,country,Russie,Russia,resolved
fisav-world-combat-2015-senior-men-s-results-0006,fighter,– TENG Lige (Chine) & Manuel GARCÍA,,"dropped: reads as fixture text, not a name"
fisav-world-combat-2015-senior-men-s-results-0007,fighter,– Aziz ABDELAOUI (France),Aziz ABDELAOUI,repaired
fisav-world-combat-2015-senior-men-s-results-0008,fighter,– Andoni IGLESIAS (Espagne),Andoni IGLESIAS,repaired
fisav-world-combat-2015-senior-men-s-results-0008,country,Espagne,Spain,resolved
fisav-world-combat-2015-senior-men-s-results-0009,fighter,– Ivan SECHI (Italie) & Dimitry PRUDOV,,"dropped: reads as fixture text, not a name"
fisav-world-combat-2015-senior-men-s-results-0010,fighter,– Ludovic NASSIBOU (France),Ludovic NASSIBOU,repaired
fisav-world-combat-2015-senior-men-s-results-0011,fighter,– Artur ZAKIRKO (Ukraine),Artur ZAKIRKO,repaired
fisav-world-combat-2015-senior-men-s-results-0012,fighter,– Ivan MURATKIN (Russie) & Damjan MARKOVIC,,"dropped: reads as fixture text, not a name"
fisav-world-combat-2015-senior-men-s-results-0013,fighter,– Redouane DERRAS (France),Redouane DERRAS,repaired
fisav-world-combat-2015-senior-men-s-results-0014,fighter,– Antun VILICIC (Croatie),Antun VILICIC,repaired
fisav-world-combat-2015-senior-men-s-results-0014,country,Croatie,Croatia,resolved
fisav-world-combat-2015-senior-men-s-results-0015,fighter,– XU Yong (Chine) & Marouane AATIFI,,"dropped: reads as fixture text, not a name"
fisav-world-combat-2015-senior-men-s-results-0016,fighter,– Dylan COLIN (France),Dylan COLIN,repaired
fisav-world-combat-2015-senior-men-s-results-0017,fighter,– AliReza JADIDI (Iran),AliReza JADIDI,repaired
fisav-world-combat-2015-senior-men-s-results-0018,fighter,– LIU Bing (Chine),LIU Bing,repaired
fisav-world-combat-2015-senior-men-s-results-0018,country,Chine,China,resolved
fisav-world-combat-2015-senior-men-s-results-0019,fighter,– Herbert DANOIS (France),Herbert DANOIS,repaired
fisav-world-combat-2015-senior-men-s-results-0020,fighter,– Milos GOLIC (Montenegro),Milos GOLIC,repaired
fisav-world-combat-2015-senior-men-s-results-0021,fighter,– Silvio HORVAT (Croatie) & Alain VAN,,"dropped: reads as fixture text, not a name"
fisav-world-combat-2015-senior-men-s-results-0022,fighter,– Bastien COLIN (France),Bastien COLIN,repaired
fisav-world-combat-2015-senior-men-s-results-0023,fighter,– Giuseppe MONGIARDINO (Italie),Giuseppe MONGIARDINO,repaired
fisav-world-combat-2015-senior-men-s-results-0023,country,Italie,Italy,resolved
fisav-world-combat-2015-senior-men-s-results-0024,fighter,– Nino VLADUSIC (Croatie) & Jovan IKIC,,"dropped: reads as fixture text, not a name"
fisav-world-combat-2015-senior-women-s-results-0001,fighter,– Chloé NANDI (France),Chloé NANDI,repaired
fisav-world-combat-2015-senior-women-s-results-0002,fighter,– Elisa PICOLLO (Italie),Elisa PICOLLO,repaired
fisav-world-combat-2015-senior-women-s-results-0002,country,Italie,Italy,resolved
fisav-world-combat-2015-senior-women-s-results-0003,fighter,– Rebecca MANDEFU (Belgique),Rebecca MANDEFU,repaired
fisav-world-combat-2015-senior-women-s-results-0003,country,& Elena MITROFAN (Roumanie),Romania,resolved
fisav-world-combat-2015-senior-women-s-results-0004,fighter,– Cynthia GONZALEZ (Cuba),Cynthia GONZALEZ,repaired
fisav-world-combat-2015-senior-women-s-results-0005,fighter,– Adeline ROBIN (France),Adeline ROBIN,repaired
fisav-world-combat-2015-senior-women-s-results-0006,fighter,– Anatasiia KONOVALCHUK (Ukraine),Anatasiia KONOVALCHUK,repaired
fisav-world-combat-2015-senior-women-s-results-0006,country,& Mariko HARA (Japon),Japan,resolved
fisav-world-combat-2015-senior-women-s-results-0007,fighter,– Jacqueline BEROUD (France),Jacqueline BEROUD,repaired
fisav-world-combat-2015-senior-women-s-results-0008,fighter,– Anna VOLOBUEVA,Anna VOLOBUEVA,repaired
fisav-world-combat-2015-senior-women-s-results-0009,fighter,– Jovana MILOVANOVIC (Serbie),Jovana MILOVANOVIC,repaired
fisav-world-combat-2015-senior-women-s-results-0009,country,& LI Xiaoxiao (Chine),China,resolved
fisav-world-combat-2015-senior-women-s-results-0010,fighter,– Marion MONTANARI,Marion MONTANARI,repaired
fisav-world-combat-2015-senior-women-s-results-0010,country,(France),France,resolved
fisav-world-combat-2015-senior-women-s-results-0011,fighter,– Rimma GOLUBEVA,Rimma GOLUBEVA,repaired
fisav-world-combat-2015-senior-women-s-results-0012,fighter,– Veronica PARISI (Italie) & Vida,,"dropped: reads as fixture text, not a name"
fisav-world-combat-2015-senior-women-s-results-0013,fighter,– Cyrielle GIRODIAS (France),Cyrielle GIRODIAS,repaired
fisav-world-combat-2015-senior-women-s-results-0014,fighter,– YUAN Xuetao (Chine),YUAN Xuetao,repaired
fisav-world-combat-2015-senior-women-s-results-0014,country,Chine,China,resolved
fisav-world-combat-2015-senior-women-s-results-0015,fighter,– Teodora MANIC (Serbie) &,,"dropped: reads as fixture text, not a name"
fisav-world-combat-2015-senior-women-s-results-0016,fighter,– Kanelle LEGER (France),Kanelle LEGER,repaired
fisav-world-combat-2015-senior-women-s-results-0017,fighter,– Serena BURGIO,Serena BURGIO,repaired
fisav-world-combat-2015-senior-women-s-results-0018,fighter,– Morgan ALEXANDER (Great,Morgan ALEXANDER (Great,repaired
fisav-world-combat-2015-senior-women-s-results-0018,country,Britain),Britain),unresolved: kept verbatim
fisav-world-combat-2015-senior-women-s-results-0019,fighter,– Nives RADIC (Croatie),Nives RADIC,repaired
fisav-world-combat-2015-senior-women-s-results-0019,country,Croatie,Croatia,resolved
fisav-world-combat-2015-senior-women-s-results-0020,fighter,– Sharone CLAIR (Mauritius),Sharone CLAIR,repaired
fisav-world-combat-2015-senior-women-s-results-0021,fighter,– Wided YOUNSI (Tunisie),Wided YOUNSI,repaired
fisav-world-combat-2015-senior-women-s-results-0021,country,Tunisie,Tunisia,resolved
fisav-world-combat-2015-senior-women-s-results-0022,fighter,– Karine Sandrine,Karine Sandrine,repaired
fisav-world-combat-2015-senior-women-s-results-0022,country,BERRY (Mauritius),Mauritius,resolved
fisav-world-championship-assaut-2016-men-s-results-0019,country,Great Britain,United Kingdom,resolved
fisav-world-championship-assaut-2016-men-s-results-0022,country,Great Britain,United Kingdom,resolved
fisav-world-championship-assaut-2016-men-s-results-0032,country,Usa,United States,resolved
fisav-world-championship-assaut-2016-women-s-results-0016,country,Great Britain,United Kingdom,resolved
fisav-world-championship-assaut-2016-women-s-results-0023,country,Great Britain,United Kingdom,resolved
fisav-world-combat-2017-senior-women-0023,country,Great Britain,United Kingdom,resolved
fisav-european-championships-2018-0001,fighter,SURREL Sara (FRA),SURREL Sara,repaired
fisav-european-championships-2018-0001,country,FRA,France,resolved
fisav-european-championships-2018-0002,fighter,REITBAUER Michaela (AUS),REITBAUER Michaela,repaired
fisav-european-championships-2018-0002,country,AUS,Australia,resolved
fisav-european-championships-2018-0003,fighter,D’EUROPE NANDI Chloé,NANDI Chloé,repaired
fisav-european-championships-2018-0003,country,(Fra),France,resolved
fisav-european-championships-2018-0004,fighter,D’EUROPE REGVAT Lucija,REGVAT Lucija,repaired
fisav-european-championships-2018-0004,country,(Cro),Croatia,resolved
fisav-european-championships-2018-0005,fighter,D’EUROPE ATEF Maurine,ATEF Maurine,repaired
fisav-european-championships-2018-0005,country,(Fra),France,resolved
fisav-european-championships-2018-0006,fighter,D’EUROPE CAVALLO,CAVALLO,repaired
fisav-european-championships-2018-0006,country,Sofia (ITA),Italy,resolved
fisav-european-championships-2018-0007,fighter,D’EUROPE SINCERE,SINCERE,repaired
fisav-european-championships-2018-0007,country,Lorna (FRA),France,resolved
fisav-european-championships-2018-0008,fighter,D’EUROPE ALEXANDER,ALEXANDER,repaired
fisav-european-championships-2018-0008,country,Morgan (GBR),United Kingdom,resolved
fisav-european-championships-2018-0009,fighter,D’EUROPE THIELL François,THIELL François,repaired
fisav-european-championships-2018-0009,country,(Fra),France,resolved
fisav-european-championships-2018-0010,fighter,D’EUROPE WIESENHOFER,WIESENHOFER,repaired
fisav-european-championships-2018-0010,country,Philipp (AUT),Austria,resolved
fisav-european-championships-2018-0011,fighter,D’EUROPE FEDDAL Amine,FEDDAL Amine,repaired
fisav-european-championships-2018-0011,country,(Fra),France,resolved
fisav-european-championships-2018-0012,fighter,D’EUROPE BABADZHANIAN,BABADZHANIAN,repaired
fisav-european-championships-2018-0012,country,Narek (RUS),Russia,resolved
fisav-european-championships-2018-0013,fighter,D’EUROPE FABREGAS,FABREGAS,repaired
fisav-european-championships-2018-0013,country,Damien (FRA),France,resolved
fisav-european-championships-2018-0014,fighter,D’EUROPE GARCIA PERREIRA,GARCIA PERREIRA,repaired
fisav-european-championships-2018-0014,country,Miguel (ESP),Spain,resolved
fisav-european-championships-2018-0015,fighter,D’EUROPE RADIONOV,RADIONOV,repaired
fisav-european-championships-2018-0015,country,Mykyta (UKR),Ukraine,resolved
fisav-european-championships-2018-0016,fighter,D’EUROPE ALBERTUS,ALBERTUS,repaired
fisav-european-championships-2018-0016,country,Kevin (FRA ),France,resolved
fisav-european-championships-2018-0017,fighter,D’EUROPE BRUGIROUX,BRUGIROUX,repaired
fisav-european-championships-2018-0017,country,Christopher (FRA),France,resolved
fisav-european-championships-2018-0018,fighter,D’EUROPE IARANTCEV,IARANTCEV,repaired
fisav-european-championships-2018-0018,country,Nikolai (RUS),Russia,resolved
fisav-european-championships-2018-0019,fighter,D’EUROPE CHARLOT,CHARLOT,repaired
fisav-european-championships-2018-0019,country,Jimmy (FRA),France,resolved
fisav-european-championships-2018-0020,fighter,D’EUROPE VLASIUK,VLASIUK,repaired
fisav-european-championships-2018-0020,country,Serhi (UKR),Ukraine,resolved
fisav-european-championships-2018-0021,fighter,D’EUROPE MONGIARDINO,MONGIARDINO,repaired
fisav-european-championships-2018-0021,country,Guiseppe (ITA),Italy,resolved
fisav-european-championships-2018-0022,fighter,D’EUROPE COLONNETTE,COLONNETTE,repaired
fisav-european-championships-2018-0022,country,Yannick (FRA),France,resolved
fisav-european-championships-2018-0023,fighter,D’EUROPE AGARD Capucine,AGARD Capucine,repaired
fisav-european-championships-2018-0023,country,(Fra),France,resolved
fisav-european-championships-2018-0024,fighter,D’EUROPE HURIEVA,HURIEVA,repaired
fisav-european-championships-2018-0024,country,Olena (UKR),Ukraine,resolved
fisav-european-championships-2018-0025,fighter,D’EUROPE MIGNIER,MIGNIER,repaired
fisav-european-championships-2018-0025,country,Mathilde (FRA),France,resolved
fisav-european-championships-2018-0026,fighter,D’EUROPE DZOLIC Kristina,DZOLIC Kristina,repaired
fisav-european-championships-2018-0026,country,(Ser),Serbia,resolved
fisav-results-chungju-masterships-2019-0004,country,Taipei,Chinese Taipei,resolved
fisav-results-chungju-masterships-2019-0030,country,Taipei,Chinese Taipei,resolved
fisav-results-of-the-2019-asian-savate-championships-0022,country,Taipei,Chinese Taipei,resolved
fisav-results-of-the-2019-european-savate-assaut-champio-0003,country,Great Britain,United Kingdom,resolved
fisav-results-of-the-2019-european-savate-assaut-champio-0020,country,Great Britain,United Kingdom,resolved
fisav-results-of-the-2019-european-savate-assaut-champio-2-0023,country,Great Britain,United Kingdom,resolved
fisav-results-of-the-panamerican-savate-championships-20-0001,fighter,"Paula GARZON Bogota,",Paula GARZON Bogota,repaired
fisav-results-of-the-panamerican-savate-championships-20-0002,fighter,"Shavick BERMUDEZ Ibague,",Shavick BERMUDEZ Ibague,repaired
fisav-results-of-the-panamerican-savate-championships-20-0003,fighter,"Angie Paola SOTO Ibague,",Angie Paola SOTO Ibague,repaired
fisav-results-of-the-panamerican-savate-championships-20-0006,fighter,"Julian VELLATY Ibague,",Julian VELLATY Ibague,repaired
fisav-results-of-the-panamerican-savate-championships-20-0007,fighter,"Johan CABELLO Bogata,",Johan CABELLO Bogata,repaired
fisav-results-of-the-panamerican-savate-championships-20-0008,fighter,"Sayt OSUMA Bogota,",Sayt OSUMA Bogota,repaired
fisav-results-of-the-panamerican-savate-championships-20-0009,fighter,"Fredy BERMUDEZ Ibague,",Fredy BERMUDEZ Ibague,repaired
fisav-results-of-the-panamerican-savate-championships-20-0010,fighter,"Ivan ROJAU Bogota,",Ivan ROJAU Bogota,repaired
fisav-results-of-the-panamerican-savate-championships-20-0011,fighter,"Sebastien GUZMAN Ibague,",Sebastien GUZMAN Ibague,repaired
fisav-results-of-the-panamerican-savate-championships-20-0012,fighter,"Ivan ROJAU Bogota,",Ivan ROJAU Bogota,repaired
fisav-results-of-the-panamerican-savate-championships-20-0014,fighter,"Jorge MARTELO Bogota,",Jorge MARTELO Bogota,repaired
fisav-results-of-the-panamerican-savate-championships-20-0015,fighter,"Francisco FRANCO Ibague,",Francisco FRANCO Ibague,repaired
fisav-results-of-the-panamerican-savate-championships-20-0016,fighter,"Juan Carlos SUSA Bogota,",Juan Carlos SUSA Bogota,repaired
fisav-results-of-the-panamerican-savate-championships-20-0017,fighter,"round vs Erick RETAJAC Ibague,",,"dropped: reads as fixture text, not a name"
fisav-world-combat-2019-senior-women-results-0001,fighter,NANDY Chloe,NANCY Chloe,repaired
fisav-world-combat-2019-senior-women-results-0004,country,Guinea Bissau,Guinea-Bissau,resolved
fisav-junior-world-combat-championships-2021-0001,country,Esp,Spain,resolved
fisav-junior-world-combat-championships-2021-0002,country,Ukr,Ukraine,resolved
fisav-junior-world-combat-championships-2021-0003,country,Cro,Croatia,resolved
fisav-junior-world-combat-championships-2021-0004,country,Srb,Serbia,resolved
fisav-junior-world-combat-championships-2021-0005,country,Ukr,Ukraine,resolved
fisav-junior-world-combat-championships-2021-0006,country,Rsf,Rsf,unresolved: kept verbatim
fisav-junior-world-combat-championships-2021-0007,country,Ukr,Ukraine,resolved
fisav-junior-world-combat-championships-2021-0008,country,Cro,Croatia,resolved
fisav-junior-world-combat-championships-2021-0009,country,Rsf,Rsf,unresolved: kept verbatim
fisav-junior-world-combat-championships-2021-0010,country,Ukr,Ukraine,resolved
fisav-junior-world-combat-championships-2021-0011,country,Srb,Serbia,resolved
fisav-junior-world-combat-championships-2021-0012,country,Hun,Hungary,resolved
fisav-junior-world-combat-championships-2021-0013,country,Cro,Croatia,resolved
fisav-senior-men-world-combat-championships-2021-0001,country,Fra,France,resolved
fisav-senior-men-world-combat-championships-2021-0002,country,Esp,Spain,resolved
fisav-senior-men-world-combat-championships-2021-0003,country,Mri,Mauritius,resolved
fisav-senior-men-world-combat-championships-2021-0004,country,Rsf,Rsf,unresolved: kept verbatim
fisav-senior-men-world-combat-championships-2021-0005,country,Fra,France,resolved
fisav-senior-men-world-combat-championships-2021-0006,country,Ita,Italy,resolved
fisav-senior-men-world-combat-championships-2021-0007,country,Cro,Croatia,resolved
fisav-senior-men-world-combat-championships-2021-0008,country,Mar,Morocco,resolved
fisav-senior-men-world-combat-championships-2021-0009,country,Ukr,Ukraine,resolved
fisav-senior-men-world-combat-championships-2021-0010,country,Aut,Austria,resolved
fisav-senior-men-world-combat-championships-2021-0011,country,Fra,France,resolved
fisav-senior-men-world-combat-championships-2021-0012,country,Ukr,Ukraine,resolved
fisav-senior-men-world-combat-championships-2021-0013,country,Rsf,Rsf,unresolved: kept verbatim
fisav-senior-men-world-combat-championships-2021-0014,country,Srb,Serbia,resolved
fisav-senior-men-world-combat-championships-2021-0015,country,Fra,France,resolved
fisav-senior-men-world-combat-championships-2021-0016,country,Ukr,Ukraine,resolved
fisav-senior-men-world-combat-championships-2021-0017,country,Rsf,Rsf,unresolved: kept verbatim
fisav-senior-men-world-combat-championships-2021-0018,country,Srb,Serbia,resolved
fisav-senior-men-world-combat-championships-2021-0019,country,Fra,France,resolved
fisav-senior-men-world-combat-championships-2021-0020,country,Ukr,Ukraine,resolved
fisav-senior-men-world-combat-championships-2021-0021,country,Rsf,Rsf,unresolved: kept verbatim
fisav-senior-men-world-combat-championships-2021-0022,country,Fra,France,resolved
fisav-senior-men-world-combat-championships-2021-0023,country,Srb,Serbia,resolved
fisav-senior-men-world-combat-championships-2021-0024,country,Mri,Mauritius,resolved
fisav-senior-men-world-combat-championships-2021-0025,country,Ita,Italy,resolved
fisav-senior-men-world-combat-championships-2021-0026,country,Srb,Serbia,resolved
fisav-senior-men-world-combat-championships-2021-0027,country,Cro,Croatia,resolved
fisav-senior-men-world-combat-championships-2021-0028,country,Mri,Mauritius,resolved
fisav-senior-women-world-combat-championships-2021-0001,fighter,NANDY Chloe,NANCY Chloe,repaired
fisav-senior-women-world-combat-championships-2021-0001,country,Fra,France,resolved
fisav-senior-women-world-combat-championships-2021-0002,country,Ukr,Ukraine,resolved
fisav-senior-women-world-combat-championships-2021-0003,country,Fra,France,resolved
fisav-senior-women-world-combat-championships-2021-0004,country,Ukr,Ukraine,resolved
fisav-senior-women-world-combat-championships-2021-0005,country,Bel,Belgium,resolved
fisav-senior-women-world-combat-championships-2021-0006,country,Fra,France,resolved
fisav-senior-women-world-combat-championships-2021-0007,country,Cro,Croatia,resolved
fisav-senior-women-world-combat-championships-2021-0008,country,Ukr,Ukraine,resolved
fisav-senior-women-world-combat-championships-2021-0009,country,Srb,Serbia,resolved
fisav-senior-women-world-combat-championships-2021-0010,country,Fra,France,resolved
fisav-senior-women-world-combat-championships-2021-0011,country,Ita,Italy,resolved
fisav-senior-women-world-combat-championships-2021-0012,country,Ukr,Ukraine,resolved
fisav-senior-women-world-combat-championships-2021-0013,country,Cro,Croatia,resolved
fisav-senior-women-world-combat-championships-2021-0014,country,Fra,France,resolved
fisav-senior-women-world-combat-championships-2021-0015,country,Srb,Serbia,resolved
fisav-senior-women-world-combat-championships-2021-0016,country,Cro,Croatia,resolved
fisav-senior-women-world-combat-championships-2021-0017,country,Mri,Mauritius,resolved
fisav-world-cup-for-13-14-years-2021-male-results-0005,country,Rsf,Rsf,unresolved: kept verbatim
fisav-world-cup-for-13-14-years-2021-male-results-0011,country,Rsf,Rsf,unresolved: kept verbatim
fisav-world-cup-for-13-14-years-2021-male-results-0013,country,Rsf,Rsf,unresolved: kept verbatim
fisav-world-youth-championship-2021-female-results-0004,country,Rsf,Rsf,unresolved: kept verbatim
fisav-world-youth-championship-2021-female-results-0008,country,Rsf,Rsf,unresolved: kept verbatim
fisav-world-youth-championship-2021-female-results-0011,country,Rsf,Rsf,unresolved: kept verbatim
fisav-world-youth-championship-2021-female-results-0015,country,Rsf,Rsf,unresolved: kept verbatim
fisav-world-youth-championship-2021-male-results-0004,country,Rsf,Rsf,unresolved: kept verbatim
fisav-world-youth-championship-2021-male-results-0009,country,Rsf,Rsf,unresolved: kept verbatim
fisav-world-youth-championship-2021-male-results-0014,country,Rsf,Rsf,unresolved: kept verbatim
fisav-world-youth-championship-2021-male-results-0017,country,Rsf,Rsf,unresolved: kept verbatim
fisav-results-world-championships-savate-assaut-2022-men-0022,country,Great Britain,United Kingdom,resolved
fisav-world-youth-championship-2023-male-results-0032,country,Great Britain,United Kingdom,resolved
fisav-world-youth-cup-2023-for-13-and-14-years-girls-0006,country,Usa,United States,resolved
fisav-world-youth-cup-2023-for-13-and-14-years-girls-0008,country,Usa,United States,resolved
fisav-world-youth-cup-2023-for-13-and-14-years-girls-0009,country,Great Britain,United Kingdom,resolved
fisav-medalists-world-combat-championships-junior-women--0010,country,Türkiye,Turkey,resolved
fisav-medalists-world-combat-championships-senior-men-20-0006,country,Türkiye,Turkey,resolved
fisav-medalists-world-combat-championships-senior-men-20-0018,country,Türkiye,Turkey,resolved
fisav-medalists-world-combat-championships-senior-men-20-0019,fighter,- forfait Alex KENNE MINKAM,Alex KENNE MINKAM,repaired
fisav-medalists-world-combat-championships-senior-men-20-0022,country,Türkiye,Turkey,resolved
fisav-medalists-world-combat-championships-senior-men-20-0026,country,Türkiye,Turkey,resolved
fisav-medalists-world-combat-championships-senior-men-20-0027,fighter,- forfait David SZABO TOTH,David SZABO TOTH,repaired
fisav-medalists-world-combat-championships-senior-men-20-0032,fighter,- forfait Marko ŠIMPRAGA,Marko ŠIMPRAGA,repaired
fisav-medalists-world-combat-championships-senior-men-20-0033,country,Türkiye,Turkey,resolved
fisav-medalists-world-combat-championships-senior-women--0007,country,Türkiye,Turkey,resolved
fisav-medalists-world-combat-championships-senior-women--0015,country,Türkiye,Turkey,resolved
fisav-medalists-world-combat-championships-senior-women--0016,country,France -,France,resolved
fisav-medalists-world-combat-championships-senior-women--0019,country,Türkiye,Turkey,resolved
fisav-world-cup-tashkent-2025-medallists-0001,country,Nodirkhuja,Nodirkhuja,unresolved: kept verbatim
fisav-world-cup-tashkent-2025-medallists-0002,country,Jasur,Jasur,unresolved: kept verbatim
fisav-world-cup-tashkent-2025-medallists-0003,fighter,Iran Savate Association Amir Mohammad,Amir Mohammad,repaired
fisav-world-cup-tashkent-2025-medallists-0003,country,PourAshraf,PourAshraf,unresolved: kept verbatim
fisav-world-cup-tashkent-2025-medallists-0004,country,Ibrahim,Ibrahim,unresolved: kept verbatim
fisav-world-cup-tashkent-2025-medallists-0005,country,Dilmurod,Dilmurod,unresolved: kept verbatim
fisav-world-cup-tashkent-2025-medallists-0006,country,Pulat,Pulat,unresolved: kept verbatim
fisav-world-cup-tashkent-2025-medallists-0007,country,Jakhongir,Jakhongir,unresolved: kept verbatim
fisav-world-cup-tashkent-2025-medallists-0008,country,Diyorbek,Diyorbek,unresolved: kept verbatim
fisav-world-cup-tashkent-2025-medallists-0009,fighter,Iran Savate Association Amir Mohammad,Amir Mohammad,repaired
fisav-world-cup-tashkent-2025-medallists-0009,country,Rasouli Asl,Rasouli Asl,unresolved: kept verbatim
fisav-world-cup-tashkent-2025-medallists-0010,country,Diyorbek,Diyorbek,unresolved: kept verbatim
fisav-world-cup-tashkent-2025-medallists-0011,fighter,Turkey Savate Federation Cetinkaya,Cetinkaya,repaired
fisav-world-cup-tashkent-2025-medallists-0011,country,Yusuf,Yusuf,unresolved: kept verbatim
fisav-world-cup-tashkent-2025-medallists-0012,country,Behruz,Behruz,unresolved: kept verbatim
fisav-world-cup-tashkent-2025-medallists-0013,fighter,Turkey Savate Federation Caliskan,Caliskan,repaired
fisav-world-cup-tashkent-2025-medallists-0013,country,Murat Can,Murat Can,unresolved: kept verbatim
fisav-world-cup-tashkent-2025-medallists-0014,fighter,Iran Savate Association Reza,Reza,repaired
fisav-world-cup-tashkent-2025-medallists-0014,country,Talebi,Talebi,unresolved: kept verbatim
fisav-world-cup-tashkent-2025-medallists-0015,country,Dilmuhammad,Dilmuhammad,unresolved: kept verbatim
fisav-world-cup-tashkent-2025-medallists-0016,country,Salohiddin,Salohiddin,unresolved: kept verbatim
fisav-world-cup-tashkent-2025-medallists-0017,country,Jakhongir,Jakhongir,unresolved: kept verbatim
fisav-world-cup-tashkent-2025-medallists-0018,country,Xojiakbar,Xojiakbar,unresolved: kept verbatim
fisav-world-cup-tashkent-2025-medallists-0019,fighter,Iran Savate Association Mohammad Shahab,Mohammad Shahab,repaired
fisav-world-cup-tashkent-2025-medallists-0019,country,Shahabi Nezhad,Shahabi Nezhad,unresolved: kept verbatim
fisav-world-cup-tashkent-2025-medallists-0020,country,Aleksandr,Aleksandr,unresolved: kept verbatim
fisav-world-cup-tashkent-2025-medallists-0021,country,Azizbek,Azizbek,unresolved: kept verbatim
fisav-world-cup-tashkent-2025-medallists-0022,country,Ramziddin,Ramziddin,unresolved: kept verbatim
fisav-world-cup-tashkent-2025-medallists-0023,country,Otabek,Otabek,unresolved: kept verbatim
fisav-world-cup-tashkent-2025-medallists-0024,fighter,Turkey Savate Federation Yavuz,Yavuz,repaired
fisav-world-cup-tashkent-2025-medallists-0024,country,Ahmet Emir,Ahmet Emir,unresolved: kept verbatim
fisav-world-cup-tashkent-2025-medallists-0025,country,Saidkamol,Saidkamol,unresolved: kept verbatim
fisav-world-cup-tashkent-2025-medallists-0026,country,Miron,Miron,unresolved: kept verbatim
fisav-world-cup-tashkent-2025-medallists-0027,country,Egor,Egor,unresolved: kept verbatim
fisav-world-cup-tashkent-2025-medallists-0028,country,Bayram,Bayram,unresolved: kept verbatim
fisav-world-cup-tashkent-2025-medallists-0029,country,Dovudbek,Dovudbek,unresolved: kept verbatim
fisav-world-cup-tashkent-2025-medallists-0030,country,Shoxjahon,Shoxjahon,unresolved: kept verbatim
fisav-world-cup-tashkent-2025-medallists-0031,country,Muhammadjon,Muhammadjon,unresolved: kept verbatim
fisav-world-cup-tashkent-2025-medallists-0032,country,Saidalim,Saidalim,unresolved: kept verbatim
fisav-world-cup-tashkent-2025-medallists-0033,country,Xabibulla,Xabibulla,unresolved: kept verbatim
fisav-world-cup-tashkent-2025-medallists-0034,country,Soxibjon,Soxibjon,unresolved: kept verbatim
fisav-world-cup-tashkent-2025-medallists-0035,country,Shagzod,Shagzod,unresolved: kept verbatim
fisav-world-cup-tashkent-2025-medallists-0036,country,Shoxrux,Shoxrux,unresolved: kept verbatim
fisav-world-cup-tashkent-2025-medallists-0037,country,Jasur,Jasur,unresolved: kept verbatim
fisav-world-cup-tashkent-2025-medallists-0038,country,Timofei,Timofei,unresolved: kept verbatim
fisav-world-cup-tashkent-2025-medallists-0039,country,Alexander,Alexander,unresolved: kept verbatim
fisav-world-cup-tashkent-2025-medallists-0040,country,Babur,Babur,unresolved: kept verbatim
fisav-world-cup-tashkent-2025-medallists-0041,country,Tym,Tym,unresolved: kept verbatim
fisav-world-cup-tashkent-2025-medallists-0048,fighter,Turkey Savate Federation Ekici Mehmet,Ekici Mehmet,repaired
fisav-world-cup-tashkent-2025-medallists-0048,country,Efe,Efe,unresolved: kept verbatim
fisav-world-cup-tashkent-2025-medallists-0067,fighter,Batoor Savate Academy (AFG) EHSAS Mohammad,EHSAS Mohammad,repaired
fisav-world-cup-tashkent-2025-medallists-0067,country,younos,younos,unresolved: kept verbatim
fisav-world-cup-tashkent-2025-medallists-0075,fighter,Turkey Savate Federation Bogaz Efe Ercan,Bogaz Efe Ercan,repaired
fisav-world-cup-tashkent-2025-medallists-0076,fighter,Savate Association India Raj Yash,Raj Yash,repaired
fisav-world-cup-tashkent-2025-medallists-0087,fighter,Turkey Savate Federation Karakaya Arzu Sevval,Karakaya Arzu Sevval,repaired
fisav-world-cup-tashkent-2025-medallists-0089,fighter,Turkey Savate Federation Ozturk Oyku,Ozturk Oyku,repaired
fisav-world-cup-tashkent-2025-medallists-0091,fighter,Turkey Savate Federation Bulut Azra,Bulut Azra,repaired
fisav-world-cup-tashkent-2025-medallists-0093,fighter,Savate Association India Karn Priyam,Karn Priyam,repaired
fisav-world-cup-tashkent-2025-medallists-0096,fighter,Turkey Savate Federation Korkmaz Erva Ecren,Korkmaz Erva Ecren,repaired
fisav-world-cup-tashkent-2025-medallists-0100,fighter,Turkey Savate Federation Ozdogan Nursultan,Ozdogan Nursultan,repaired
fisav-world-cup-tashkent-2025-medallists-0115,fighter,Iran Savate Association Shima Rahimian,Shima Rahimian,repaired
ffsavate-results-seniors2011-0001,country,(Can),Canada,resolved
ffsavate-results-seniors2011-0002,fighter,FLEIS Djendji (SER),FLEIS Djendji,repaired
ffsavate-results-seniors2011-0002,country,SER,Serbia,resolved
ffsavate-results-seniors2011-0003,country,(Can),Canada,resolved
ffsavate-results-seniors2011-0004,country,(Rus),Russia,resolved
ffsavate-results-seniors2011-0005,country,(Bel),Belgium,resolved
ffsavate-results-seniors2011-0006,country,(Cro),Croatia,resolved
ffsavate-results-seniors2011-0007,country,(Ita),Italy,resolved
ffsavate-results-seniors2011-0008,fighter,DEMBELE Paly (MAL),DEMBELE Paly,repaired
ffsavate-results-seniors2011-0008,country,MAL,Mali,resolved
ffsavate-results-seniors2011-0009,country,(Rus),Russia,resolved
ffsavate-results-seniors2011-0010,country,(Rus),Russia,resolved
ffsavate-results-seniors2011-0011,country,(Ita),Italy,resolved
ffsavate-results-seniors2011-0012,country,César (Mada),Madagascar,resolved
ffsavate-results-seniors2011-0013,fighter,SIVOLJICKI Igor (SER),SIVOLJICKI Igor,repaired
ffsavate-results-seniors2011-0013,country,SER,Serbia,resolved
ffsavate-results-seniors2011-0014,fighter,VILIČID Anton (CRO),VILICIC Anton,repaired
ffsavate-results-seniors2011-0014,country,CRO,Croatia,resolved
ffsavate-results-seniors2011-0015,country,(Tun),Tunisia,resolved
ffsavate-results-seniors2011-0016,country,(Ser),Serbia,resolved
ffsavate-results-seniors2011-0017,country,(Rus),Russia,resolved
ffsavate-results-seniors2011-0018,country,(Ser),Serbia,resolved
ffsavate-results-seniors2011-0019,country,(Bel),Belgium,resolved
ffsavate-results-seniors2011-0020,fighter,BADIA Julian (ITA),BADIA Julian,repaired
ffsavate-results-seniors2011-0020,country,ITA,Italy,resolved
ffsavate-resultats-des-finales-du-championnat-du-monde-c-0001,fighter,du Monde BOUZA Guillaume,BOUZA Guillaume,repaired
ffsavate-resultats-des-finales-du-championnat-du-monde-c-0002,fighter,du Monde KOLOKOLOV Mykhailo,KOLOKOLOV Mykhailo,repaired
ffsavate-resultats-des-finales-du-championnat-du-monde-c-0003,fighter,du Monde DENNI Rabah,DENNI Rabah,repaired
ffsavate-resultats-des-finales-du-championnat-du-monde-c-0004,fighter,du Monde CVITKOVIC Marko,CVITKOVIC Marko,repaired
ffsavate-resultats-des-finales-du-championnat-du-monde-c-0005,fighter,du Monde DETTORI Alesssandro,DETTORI Alesssandro,repaired
ffsavate-resultats-des-finales-du-championnat-du-monde-c-0006,fighter,du Monde FORGO Zalan,FORGO Zalan,repaired
ffsavate-resultats-des-finales-du-championnat-du-monde-c-0007,fighter,du Monde MUSSO Mattéo,MUSSO Mattéo,repaired
ffsavate-resultats-des-finales-du-championnat-du-monde-c-0008,fighter,du Monde DURIC Fran Luka,DURIC Fran Luka,repaired
ffsavate-resultats-des-finales-du-championnat-du-monde-c-0009,fighter,du Monde RODRIGO Matéo,RODRIGO Matéo,repaired
ffsavate-resultats-des-finales-du-championnat-du-monde-c-0010,fighter,du Monde CETINA Marko,CETINA Marko,repaired
ffsavate-resultats-des-finales-du-championnat-du-monde-c-0011,fighter,du Monde ROBALO Francisco,ROBALO Francisco,repaired
ffsavate-resultats-des-finales-du-championnat-du-monde-c-0012,fighter,du Monde FLORJANIC Valention,FLORJANIC Valention,repaired
ffsavate-resultats-des-finales-du-championnat-du-monde-c-0013,fighter,du Monde VUKCEVIC Nikola,VUKCEVIC Nikola,repaired
ffsavate-resultats-des-finales-du-championnat-du-monde-c-0014,fighter,du Monde KHVYSHCHUK Bohdan,KHVYSHCHUK Bohdan,repaired
ffsavate-resultats-des-finales-du-championnat-du-monde-c-0015,fighter,du Monde PERKOVIC Mariko,PERKOVIC Mariko,repaired
ffsavate-resultats-des-finales-du-championnat-du-monde-c-0016,fighter,du Monde CONTI Dinis,CONTI Dinis,repaired
ffsavate-results-world-youth-boys-2023-0032,country,Great Britain,United Kingdom,resolved
sportu-france-universitaire-2017-0001,fighter,DE FRANCE : Kelly ATANASIO,Kelly ATANASIO,repaired
sportu-france-universitaire-2017-0002,fighter,de France : Chloé CURT,Chloé CURT,repaired
sportu-france-universitaire-2017-0002,country,Grand,Grand,unresolved: kept verbatim
sportu-france-universitaire-2017-0003,fighter,DE FRANCE : Marine,Marine,repaired
sportu-france-universitaire-2017-0003,country,May,May,unresolved: kept verbatim
sportu-france-universitaire-2017-0004,fighter,de France : Nina BERGANDI,Nina BERGANDI,repaired
sportu-france-universitaire-2017-0005,fighter,DE FRANCE : Juliette,Juliette,repaired
sportu-france-universitaire-2017-0005,country,Wolff,Wolff,unresolved: kept verbatim
sportu-france-universitaire-2017-0006,fighter,de France : Solène,Solène,repaired
sportu-france-universitaire-2017-0006,country,Ricard,Ricard,unresolved: kept verbatim
sportu-france-universitaire-2017-0007,fighter,DE FRANCE : Marine BUGUDA,Marine BUGUDA,repaired
sportu-france-universitaire-2017-0008,fighter,de France : Anaïs LEVERRIER,Anaïs LEVERRIER,repaired
sportu-france-universitaire-2017-0009,fighter,DE FRANCE : Suzon ROTUREAU,Suzon ROTUREAU,repaired
sportu-france-universitaire-2017-0010,fighter,de France : Cassandra,Cassandra,repaired
sportu-france-universitaire-2017-0010,country,Nemes,Nemes,unresolved: kept verbatim
sportu-france-universitaire-2017-0011,fighter,DE FRANCE : Fleur,Fleur,repaired
sportu-france-universitaire-2017-0011,country,Ortiz,Ortiz,unresolved: kept verbatim
sportu-france-universitaire-2017-0012,fighter,de France : Tiffanie,Tiffanie,repaired
sportu-france-universitaire-2017-0012,country,Muller,Muller,unresolved: kept verbatim
sportu-france-universitaire-2017-0013,fighter,DE FRANCE : Maxence ALLENO,Maxence ALLENO,repaired
sportu-france-universitaire-2017-0014,fighter,de France : Lorenzo,Lorenzo,repaired
sportu-france-universitaire-2017-0014,country,Place,Place,unresolved: kept verbatim
sportu-france-universitaire-2017-0015,fighter,DE FRANCE : Lucas CARLIN,Lucas CARLIN,repaired
sportu-france-universitaire-2017-0016,fighter,de France : Lyes AIT,Lyes AIT,repaired
sportu-france-universitaire-2017-0016,country,Amer,Amer,unresolved: kept verbatim
sportu-france-universitaire-2017-0017,fighter,DE FRANCE : Anthony,Anthony,repaired
sportu-france-universitaire-2017-0017,country,Place,Place,unresolved: kept verbatim
sportu-france-universitaire-2017-0018,fighter,de France : Nael BOUNIA,Nael BOUNIA,repaired
sportu-france-universitaire-2017-0019,fighter,DE FRANCE : Adil ZERHOUI,Adil ZERHOUI,repaired
sportu-france-universitaire-2017-0020,fighter,de France : Géraud HENNIN,Géraud HENNIN,repaired
sportu-france-universitaire-2017-0021,fighter,DE FRANCE : Nicolas OBADACHIAN,Nicolas OBADACHIAN,repaired
sportu-france-universitaire-2017-0022,fighter,de France : Antonin ABILLAMA,Antonin ABILLAMA,repaired
sportu-france-universitaire-2017-0023,fighter,DE FRANCE : Jean MICHO,Jean MICHO,repaired
sportu-france-universitaire-2017-0024,fighter,de France : Clément,Clément,repaired
sportu-france-universitaire-2017-0024,country,Savy,Savy,unresolved: kept verbatim
sportu-france-universitaire-2017-0025,fighter,DE FRANCE : U. RENNES,U. RENNES,repaired
sportu-france-universitaire-2017-0025,country,équipe 1,équipe 1,unresolved: kept verbatim
sportu-france-universitaire-2017-0026,fighter,de France : U. LYON,U. LYON,repaired
sportu-france-universitaire-2017-0026,country,équipe 1A,équipe 1A,unresolved: kept verbatim
ffsavate-finales-championnat-de-france-elite-a-2025-paris-02-1,club,U S CRETEIL,USCRETEIL,repaired
ffsavate-championnat-de-france-assaut-2025-finales-paris-01-1,club,U S CRETEIL,USCRETEIL,repaired
ffsavate-championnat-de-france-assaut-2025-finales-paris-04-2,club,U S CRETEIL,USCRETEIL,repaired
ffsavate-championnat-de-france-assaut-2025-finales-paris-05-2,fighter,CADIC Solweig,čaćić Solweig,repaired
ffsavate-championnat-de-france-assaut-2025-finales-paris-14-2,club,U S CRETEIL,USCRETEIL,repaired
ffsavate-championnat-de-france-assaut-2025-finales-paris-15-2,club,U S CRETEIL,USCRETEIL,repaired
ffsavate-finales-championnat-de-france-juniors-2025-01-2,club,COURBEVOIE SAVATE B F,COURBEVOIE SAVATE BF,repaired
ffsavate-finales-championnat-de-france-juniors-2025-03-2,club,S SAVATITUDE,SSAVATITUDE,repaired
ffsavate-finales-championnat-de-france-juniors-2025-06-1,club,C S MEAUX BOXE ACT PUGILISTIQUE,CSMEAUX BOXE ACT PUGILISTIQUE,repaired
ffsavate-finales-championnat-de-france-2e-s-rie-angoul-me-202-02-1,fighter,MEGE Julie SBF TRAMOYES (01) Hors,,dropped: contains digits
ffsavate-championnat-de-france-elite-a-11-mars-2023-03-1,fighter,KNOCK DOWN la 4e reprise,,dropped: contains digits
ffsavate-finales-nationales-2023-m-rignac-01-1,fighter,TACINE Mohand .................................COOPYR SPORTIF ication 3 °,,dropped: contains digits
ffsavate-finales-nationales-2023-m-rignac-01-2,fighter,VIRAMAN Roan .................................S B C QUARTIER FRANÇAIS ication 3 °,,dropped: contains digits
savate-vojvodina-all-ages-2021-0001,fighter,Aleksandar Otaševid,Aleksandar OTASEVIC,repaired
savate-vojvodina-all-ages-2021-0002,fighter,Dušan Paunovid,Dušan Paunović,repaired
savate-vojvodina-all-ages-2021-0003,fighter,Teodora Tošid,Teodora Tošić,repaired
savate-vojvodina-all-ages-2021-0004,fighter,Staša Jekid,Staša Jekić,repaired
savate-vojvodina-all-ages-2021-0005,fighter,Aleksa Dejanovid,Aleksa Dejanović,repaired
savate-vojvodina-all-ages-2021-0008,fighter,Luka Davidovid,Luka Davidović,repaired
savate-vojvodina-all-ages-2021-0010,fighter,Dušan Boberid,Dušan Boberić,repaired
savate-vojvodina-all-ages-2021-0011,fighter,Andrej Petkovid,Andrej Petković,repaired
savate-vojvodina-all-ages-2021-0013,fighter,Vuk Davidovid,Vuk Davidović,repaired
savate-vojvodina-all-ages-2021-0014,fighter,Filip Vujovid,Filip Vujović,repaired
savate-vojvodina-all-ages-2021-0016,fighter,Strahinja Jockovid,Strahinja Jocković,repaired
savate-vojvodina-all-ages-2021-0017,fighter,Maksim Tomaševid,Maksim Tomašević,repaired
savate-vojvodina-all-ages-2021-0019,fighter,Vuk Zdravkovid,Vuk Zdravković,repaired
savate-vojvodina-all-ages-2021-0020,fighter,Milica Nikolid,Milica Nikolić,repaired
savate-vojvodina-all-ages-2021-0025,fighter,Vladimir Boberid,Vladimir Boberić,repaired
savate-vojvodina-all-ages-2021-0028,fighter,Srđan Babid,Srđan Babić,repaired
savate-vojvodina-all-ages-2021-0029,fighter,Luka Sekulid,Luka Sekulić,repaired
savate-vojvodina-all-ages-2021-0031,fighter,Pavle Dimid,Pavle Dimić,repaired
savate-vojvodina-all-ages-2021-0033,fighter,Filip Đukid,Filip Đukić,repaired
savate-vojvodina-all-ages-2021-0034,fighter,Ema Nikolid,Ema Nikolić,repaired
savate-vojvodina-all-ages-2021-0035,fighter,Milica Rapajid,Milica Rapajić,repaired
savate-vojvodina-all-ages-2021-0036,fighter,Nikolina Stajid,Nikolina Stajić,repaired
savate-vojvodina-all-ages-2021-0037,fighter,Kristina Tošid,Kristina Tošić,repaired
savate-vojvodina-all-ages-2021-0039,fighter,Elena Drinčid,Elena Drinčić,repaired
savate-vojvodina-all-ages-2021-0042,fighter,Mia Otaševid,Mia OTASEVIC,repaired
savate-vojvodina-all-ages-2021-0044,fighter,Maša Matijevid,Maša Matijević,repaired
savate-vojvodina-all-ages-2021-0047,fighter,Marija Nikolid,Marija Nikolić,repaired
savate-vojvodina-all-ages-2021-0048,fighter,Teodora Demid,Teodora Demić,repaired
savate-vojvodina-all-ages-2021-0049,fighter,Mia Prošid,Mia Prošić,repaired
savate-vojvodina-all-ages-2021-0052,fighter,Nikola Nenezid,Nikola NENEZIC,repaired
savate-vojvodina-all-ages-2021-0053,fighter,Mihajlo Mitrovid,Mihajlo Mitrović,repaired
savate-vojvodina-all-ages-2021-0054,fighter,Aleksa Lokid,Aleksa Lokić,repaired
savate-vojvodina-all-ages-2021-0055,fighter,Mihajlo Mandid,Mihajlo MANDIC,repaired
savate-vojvodina-all-ages-2021-0056,fighter,Slobodan Stefanovid,Slobodan Stefanović,repaired
savate-vojvodina-all-ages-2021-0057,fighter,Dušan Dimid,Dušan Dimić,repaired
savate-vojvodina-all-ages-2021-0058,fighter,Branislav Sekulid,Branislav Sekulić,repaired
savate-vojvodina-all-ages-2021-0060,fighter,Vukašin Jakovljevid,Vukašin Jakovljević,repaired
savate-vojvodina-all-ages-2021-0061,fighter,Jovan Teodorovid,Jovan Teodorović,repaired
savate-vojvodina-all-ages-2021-0062,fighter,Luka Ilid,Luka Ilić,repaired
savate-vojvodina-all-ages-2021-0063,fighter,Nikola Vukčevid,Nikola VUKCEVIC,repaired
savate-vojvodina-all-ages-2021-0064,fighter,Aleodor Vasid,Aleodor Vasić,repaired
savate-vojvodina-all-ages-2021-0067,fighter,Arijana Otaševid,Arijana OTASEVIC,repaired
savate-vojvodina-all-ages-2021-0070,fighter,Sara Pejanovid,Sara Pejanović,repaired
savate-vojvodina-all-ages-2021-0071,fighter,Anastasija Ikonid,Anastasija IKONIC,repaired
savate-vojvodina-all-ages-2021-0072,fighter,Anđela Barišid,Anđela Barišić,repaired
savate-vojvodina-all-ages-2021-0073,fighter,Anja Filipovid,Anja Filipović,repaired
savate-vojvodina-all-ages-2021-0075,fighter,Milica Pavlovid,Milica Pavlović,repaired
savate-vojvodina-all-ages-2021-0076,fighter,Nikolina Grbid,Nikolina GRBIC,repaired
savate-vojvodina-all-ages-2021-0077,fighter,Vukašin Matovid,Vukašin Matović,repaired
savate-vojvodina-all-ages-2021-0078,fighter,Dušan Lekid,Dušan Lekić,repaired
savate-vojvodina-all-ages-2021-0081,fighter,Uroš Veselinovid,Uroš Veselinović,repaired
savate-vojvodina-all-ages-2021-0082,fighter,Sreten Đorđevid,Sreten Đorđević,repaired
savate-vojvodina-all-ages-2021-0083,fighter,Igor Pantid,Igor Pantić,repaired
savate-vojvodina-all-ages-2021-0085,fighter,Jovana Vukčevid,Jovana VUKCEVIC,repaired
savate-vojvodina-all-ages-2021-0086,fighter,Dragica Đokid,Dragica Đokić,repaired
savate-vojvodina-all-ages-2021-0087,fighter,Damjan Markovid,Damjan Marković,repaired
savate-vojvodina-all-ages-2021-0090,fighter,Darko Grujid,Darko Grujić,repaired
savate-vojvodina-all-ages-2021-0091,fighter,Marko Vidakovid,Marko VIDAKOVIC,repaired
savate-vojvodina-all-ages-2021-0092,fighter,Aleksandar Dikid,Aleksandar Dikić,repaired
savate-vojvodina-all-ages-2021-0094,fighter,Kristina Džolid,Kristina DZOLIC,repaired
savate-vojvodina-all-ages-2021-0095,fighter,Jelena Sedoglavid,Jelena SEDOGLAVIC,repaired
savate-srbija-assaut-pioneers-cadets-2019-0040,fighter,Filip Đukić,Filip Čukić,repaired
zagreb-savate-open-2018-0004,fighter,Nika Špoljarid,Nika Špoljarić,repaired
zagreb-savate-open-2018-0006,fighter,Ivan Vukovid,Ivan VUKOVIC,repaired
zagreb-savate-open-2018-0009,fighter,Maksimilijan Vojvodid,Maksimilijan Vojvodić,repaired
zagreb-savate-open-2018-0020,fighter,Renato Premužid,Renato Premužić,repaired
zagreb-savate-open-2018-0026,fighter,Stela Matkovid,Stela Matković,repaired
zagreb-savate-open-2018-0028,fighter,Mateja Milošid,Mateja Milošić,repaired
zagreb-savate-open-2018-0031,fighter,Mia Vrtarid,Mia Vrtarić,repaired
zagreb-savate-open-2018-0032,fighter,Elena Abramid,Elena Abramić,repaired
zagreb-savate-open-2018-0037,fighter,Lora Šimid,Lora Simić,repaired
zagreb-savate-open-2018-0038,fighter,Ariana Šalkovid,Ariana ŠALKOVIĆ,repaired
zagreb-savate-open-2018-0040,fighter,Kristjan Lugarid,Kristjan Lugarić,repaired
zagreb-savate-open-2018-0041,fighter,Karlo Vugrinčid,Karlo Vugrinčić,repaired
zagreb-savate-open-2018-0042,fighter,Patrik Sabolid,Patrik Sabolić,repaired
zagreb-savate-open-2018-0046,fighter,Valentino Florjanid,Valentino FLORJANIĆ,repaired
zagreb-savate-open-2018-0047,fighter,Ranko Gerid,Ranko Gerić,repaired
zagreb-savate-open-2018-0051,fighter,Kristina Sokolid,Kristina SOKOLIC,repaired
zagreb-savate-open-2018-0052,fighter,Antonija Sokolid,Antonija SOKOLIC,repaired
zagreb-savate-open-2018-0054,fighter,Martina Žilid,Martina ZILIC,repaired
zagreb-savate-open-2018-0059,fighter,Juraj Posilovid,Juraj POSILOVIĆ,repaired
zagreb-savate-open-2018-0064,fighter,Ivica Jakopid,Ivica JAKOPIC,repaired
zagreb-savate-open-2018-0065,fighter,Antun Viličid,Antun VILICIC,repaired
zagreb-savate-open-2018-0066,fighter,Davor Krstulovid,Davor Krstulović,repaired
zagreb-savate-open-2018-0069,fighter,Lea Ribarid,Lea Ribarić,repaired
zagreb-savate-open-2018-0074,fighter,Gabrijel Jurid,Gabrijel Jurić,repaired
crikvenica-savate-open-2018-0001,fighter,Vito Lukačid,Vito LUKAČIĆ,repaired
crikvenica-savate-open-2018-0004,fighter,Leona Purkid,Leona Purkić,repaired
crikvenica-savate-open-2018-0011,fighter,Robert Rijetkovid,Robert Rijetković,repaired
crikvenica-savate-open-2018-0015,fighter,Domagoj Kunješid,Domagoj KUNJEŠIĆ,repaired
crikvenica-savate-open-2018-0017,fighter,Sandra Mihajlovid,Sandra Mihajlović,repaired
crikvenica-savate-open-2018-0024,fighter,Ivan Vukovid,Ivan VUKOVIC,repaired
crikvenica-savate-open-2018-0042,fighter,Renato Premužid,Renato Premužić,repaired
crikvenica-savate-open-2018-0043,fighter,Gabrijel Jurid,Gabrijel Jurić,repaired
crikvenica-savate-open-2018-0047,fighter,Mateja Milošid,Mateja Milošić,repaired
crikvenica-savate-open-2018-0048,fighter,Stela Matkovid,Stela Matković,repaired
crikvenica-savate-open-2018-0051,fighter,Marta Majcenid,Marta Majcenić,repaired
crikvenica-savate-open-2018-0053,fighter,Ariana Šalkovid,Ariana ŠALKOVIĆ,repaired
crikvenica-savate-open-2018-0054,fighter,Dora Marinid,Dora Marinić,repaired
crikvenica-savate-open-2018-0064,fighter,Kristjan Lugarid,Kristjan Lugarić,repaired
crikvenica-savate-open-2018-0071,fighter,Borna Vukovid,Borna VUKOVIC,repaired
crikvenica-savate-open-2018-0080,fighter,Martina Žilid,Martina ZILIC,repaired
crikvenica-savate-open-2018-0085,fighter,Juraj Posilovid,Juraj POSILOVIĆ,repaired
crikvenica-savate-open-2018-0089,fighter,Jadre Pavičid,Jadre Pavičić,repaired
savate-hrvatska-assaut-juniors-seniors-2017-0012,fighter,Matija Petrinid,Matija Petrinić,repaired
savate-hrvatska-assaut-juniors-seniors-2017-0016,fighter,Fran Sopid,Fran Sopić,repaired
savate-hrvatska-assaut-juniors-seniors-2017-0020,fighter,Borna Vukovid,Borna VUKOVIC,repaired
savate-hrvatska-assaut-juniors-seniors-2017-0025,fighter,Antonia Sokolid,Antonia SOKOLIC,repaired
savate-hrvatska-assaut-juniors-seniors-2017-0039,fighter,Ivan Mladenovid,Ivan Mladenović,repaired
savate-hrvatska-assaut-juniors-seniors-2017-0048,fighter,Jadre Pavičid,Jadre Pavičić,repaired
savate-hrvatska-assaut-juniors-seniors-2017-0049,fighter,Marko Gospočid,Marko GOSPOCIC,repaired
savate-hrvatska-assaut-juniors-seniors-2017-0051,fighter,Matija Blažinid,Matija Blažinić,repaired
savate-hrvatska-assaut-juniors-seniors-2017-0054,fighter,Kristina Sokolid,Kristina SOKOLIC,repaired
savate-hrvatska-assaut-juniors-seniors-2017-0055,fighter,Tajana Košdak,Tajana KOSCAK,repaired
savate-hrvatska-assaut-juniors-seniors-2017-0056,fighter,Ivančida Martinid,Ivančica Martinić,repaired
savate-hrvatska-cup-assaut-2017-0003,fighter,Jan Mikulid,Jan MIKULIĆ,repaired
savate-hrvatska-cup-assaut-2017-0005,fighter,Vanja Bunid,Vanja Bunić,repaired
savate-hrvatska-cup-assaut-2017-0011,fighter,Ivan Miljkovid,Ivan Miljković,repaired
savate-hrvatska-cup-assaut-2017-0023,fighter,Nika Špoljarid,Nika Špoljarić,repaired
savate-hrvatska-cup-assaut-2017-0024,fighter,Petra Mikulid,Petra MIKULIĆ,repaired
savate-hrvatska-cup-assaut-2017-0026,fighter,Emanuel Pikutid,Emanuel PIKUTIĆ,repaired
savate-hrvatska-cup-assaut-2017-0033,fighter,Antonia Sokolid,Antonia SOKOLIC,repaired
savate-hrvatska-cup-assaut-2017-0042,fighter,Karlo Vugrinčid,Karlo Vugrinčić,repaired
savate-hrvatska-cup-assaut-2017-0043,fighter,Ranko Gerid,Ranko Gerić,repaired
savate-hrvatska-cup-assaut-2017-0046,fighter,Kristina Sokolid,Kristina SOKOLIC,repaired
savate-hrvatska-cup-assaut-2017-0047,fighter,Tajana Košdak,Tajana KOSCAK,repaired
savate-hrvatska-cup-assaut-2017-0053,fighter,Josip Špoljarid,Josip Špoljarić,repaired
savate-hrvatska-cup-assaut-2017-0055,fighter,Borna Vukovid,Borna VUKOVIC,repaired
zagreb-savate-open-2017-0001,fighter,Vanja Bunid,Vanja Bunić,repaired
zagreb-savate-open-2017-0008,fighter,Maksimilijan Vojvodid,Maksimilijan Vojvodić,repaired
zagreb-savate-open-2017-0010,fighter,Ivan Miljkovid,Ivan Miljković,repaired
zagreb-savate-open-2017-0017,fighter,Gabrijel Jurid,Gabrijel Jurić,repaired
zagreb-savate-open-2017-0019,fighter,Valentino Florjanid,Valentino FLORJANIĆ,repaired
zagreb-savate-open-2017-0023,fighter,Ranko Gerid,Ranko Gerić,repaired
zagreb-savate-open-2017-0024,fighter,Filip Ivančid,Filip Ivančić,repaired
zagreb-savate-open-2017-0027,fighter,Antonija Sokolid,Antonija SOKOLIC,repaired
zagreb-savate-open-2017-0029,fighter,Kristina Sokolid,Kristina SOKOLIC,repaired
zagreb-savate-open-2017-0030,fighter,Tajana Košdak,Tajana KOSCAK,repaired
zagreb-savate-open-2017-0034,fighter,Martina Žilid,Martina ZILIC,repaired
savate-world-cup-for-clubs-2017-0006,fighter,Jan Mikulid,Jan MIKULIĆ,repaired
savate-world-cup-for-clubs-2017-0007,fighter,Vito Lukačid,Vito LUKAČIĆ,repaired
savate-world-cup-for-clubs-2017-0016,fighter,Petra Mikulid,Petra MIKULIĆ,repaired
savate-world-cup-for-clubs-2017-0018,fighter,Leona Purkid,Leona Purkić,repaired
savate-world-cup-for-clubs-2017-0021,fighter,Sandra Mihajlovid,Sandra Mihajlović,repaired
savate-world-cup-for-clubs-2017-0030,fighter,Ivano Pedek,Ivano Peček,repaired
savate-world-cup-for-clubs-2017-0031,fighter,Maksimilijan Vojvodid,Maksimilijan Vojvodić,repaired
savate-world-cup-for-clubs-2017-0045,fighter,Nika Špoljarid,Nika Špoljarić,repaired
savate-world-cup-for-clubs-2017-0046,fighter,Marta Majcenid,Marta Majcenić,repaired
savate-world-cup-for-clubs-2017-0048,fighter,Ivan Vukovid,Ivan VUKOVIC,repaired
savate-world-cup-for-clubs-2017-0049,fighter,Emanuel Pikutid,Emanuel PIKUTIĆ,repaired
savate-world-cup-for-clubs-2017-0064,fighter,Gabrijel Jurid,Gabrijel Jurić,repaired
savate-world-cup-for-clubs-2017-0066,fighter,Valentino Florjanid,Valentino FLORJANIĆ,repaired
savate-world-cup-for-clubs-2017-0070,fighter,Antonia Sokolid,Antonia SOKOLIC,repaired
savate-world-cup-for-clubs-2017-0075,fighter,Anja Obradovid,Anja OBRADOVIC,repaired
savate-world-cup-for-clubs-2017-0077,fighter,Krsta Jankovid,Krsta Janković,repaired
savate-world-cup-for-clubs-2017-0081,fighter,Jovan Vagid,Jovan VAGIC,repaired
savate-world-cup-for-clubs-2017-0085,fighter,Karlo Vugrinčid,Karlo Vugrinčić,repaired
savate-world-cup-for-clubs-2017-0089,fighter,Marko Vidakovid,Marko VIDAKOVIC,repaired
savate-world-cup-for-clubs-2017-0090,fighter,Filip Ivančid,Filip Ivančić,repaired
savate-world-cup-for-clubs-2017-0093,fighter,Borna Vukovid,Borna VUKOVIC,repaired
savate-world-cup-for-clubs-2017-0098,fighter,Kristina Sokolid,Kristina SOKOLIC,repaired
savate-world-cup-for-clubs-2017-0101,fighter,Tajana Košdak,Tajana KOSCAK,repaired
savate-world-cup-for-clubs-2017-0106,fighter,Jelena Sedoglavid,Jelena SEDOGLAVIC,repaired
savate-world-cup-for-clubs-2017-0109,fighter,Martina Žilid,Martina ZILIC,repaired
savate-world-cup-for-clubs-2017-0115,fighter,Ivica Babid,Ivica Babić,repaired
savate-world-cup-for-clubs-2017-0124,fighter,Dejan Marjanovid,Dejan MARJANOVIC,repaired
savate-world-cup-for-clubs-2017-0125,fighter,Jadre Pavičid,Jadre Pavičić,repaired
savate-world-cup-for-clubs-2017-0127,fighter,Marko Gospočid,Marko GOSPOCIC,repaired
savate-world-cup-for-clubs-2017-0128,fighter,Bojan Djekid,Bojan DJEKIC,repaired
croatia-savate-open-2016-0002,fighter,Marko Klarid,Marko KLARIĆ,repaired
croatia-savate-open-2016-0003,fighter,Jan Mikulid,Jan MIKULIĆ,repaired
croatia-savate-open-2016-0006,fighter,Lovro Lackovid,Lovro Lacković,repaired
croatia-savate-open-2016-0008,fighter,Ivan Vukovid,Ivan VUKOVIC,repaired
croatia-savate-open-2016-0013,fighter,Maksimilijan Vojvodid,Maksimilijan Vojvodić,repaired
croatia-savate-open-2016-0014,fighter,Emanuel Pikutid,Emanuel PIKUTIĆ,repaired
croatia-savate-open-2016-0022,fighter,Nika Špoljarid,Nika Špoljarić,repaired
croatia-savate-open-2016-0024,fighter,Petra Mikulid,Petra MIKULIĆ,repaired
croatia-savate-open-2016-0027,fighter,Daniel Klarid,Daniel KLARIĆ,repaired
croatia-savate-open-2016-0031,fighter,Aleks Stanišid,Aleks Stanišić,repaired
croatia-savate-open-2016-0035,fighter,Nikola Rakid,Nikola Rakić,repaired
croatia-savate-open-2016-0048,fighter,Matija Petrinid,Matija Petrinić,repaired
croatia-savate-open-2016-0053,fighter,Antonija Sokolid,Antonija SOKOLIC,repaired
croatia-savate-open-2016-0066,fighter,Jadre Pavičid,Jadre Pavičić,repaired
croatia-savate-open-2016-0072,fighter,Kristina Sokolid,Kristina SOKOLIC,repaired
croatia-savate-open-2016-0079,fighter,Martina Žilid,Martina ZILIC,repaired
zagreb-savate-open-2016-0001,fighter,Vanja Bunid,Vanja Bunić,repaired
zagreb-savate-open-2016-0003,fighter,Ivan Vukovid,Ivan VUKOVIC,repaired
zagreb-savate-open-2016-0006,fighter,Lovro Lackovid,Lovro Lacković,repaired
zagreb-savate-open-2016-0022,fighter,Antonija Sokolid,Antonija SOKOLIC,repaired
zagreb-savate-open-2016-0027,fighter,Matija Petrinid,Matija Petrinić,repaired
zagreb-savate-open-2016-0041,fighter,Jadre Pavičid,Jadre Pavičić,repaired
savate-hrvatska-assaut-cadets-2016-0005,fighter,Nika Špoljarid,Nika Špoljarić,repaired
savate-hrvatska-assaut-cadets-2016-0006,fighter,Petra Mikulid,Petra MIKULIĆ,repaired
savate-hrvatska-assaut-cadets-2016-0015,fighter,Jan Mikulid,Jan MIKULIĆ,repaired
savate-hrvatska-assaut-cadets-2016-0018,fighter,Lovro Lackovid,Lovro Lacković,repaired
savate-hrvatska-assaut-cadets-2016-0021,fighter,Maksimilijan Vojvodid,Maksimilijan Vojvodić,repaired
savate-hrvatska-assaut-cadets-2016-0022,fighter,Emanuel Pikutid,Emanuel PIKUTIĆ,repaired
savate-hrvatska-assaut-cadets-2016-0024,fighter,Alen Javorid- Ilid,Alen Javorid- Ilić,repaired
savate-hrvatska-assaut-cadets-2016-0036,fighter,Leonardo Lovrid,Leonardo Lovrić,repaired
savate-hrvatska-assaut-cadets-2016-0051,fighter,Valentino Florjanid,Valentino FLORJANIĆ,repaired
world-combat-games-savate-2023-0008,country,Islamic Republic Of Iran,Iran,resolved
world-combat-games-savate-2023-0036,country,Islamic Republic Of Iran,Iran,resolved
world-combat-games-savate-2023-0040,country,Islamic Republic Of Iran,Iran,resolved
france-university-savate-2012-0005,club,Sport U CRETEIL,Sport UCRETEIL,repaired
france-university-savate-2012-0028,club,C.R. S U Paris,C.R. SU Paris,repaired
cesav-ec-assaut-2023-rugvica-0018,country,Great Britain,United Kingdom,resolved
fisav-wc-assaut-2024-slovenia-0018,country,Guinea Conakry,Guinea,resolved
fisav-wc-assaut-2024-slovenia-0020,country,Great Britain,United Kingdom,resolved
fisav-wc-assaut-2024-slovenia-0022,country,Great Britain,United Kingdom,resolved
cesav-ec-assaut-2019-genes-0023,country,Great Britain,United Kingdom,resolved
cesav-ec-assaut-2019-genes-0033,country,Great Britain,United Kingdom,resolved
cesav-ec-assaut-2019-genes-0051,country,Great Britain,United Kingdom,resolved
fisav-world-cup-jeune-2021-0005,country,RSF,RSF,unresolved: kept verbatim
fisav-world-cup-jeune-2021-0011,country,RSF,RSF,unresolved: kept verbatim
fisav-world-cup-jeune-2021-0013,country,RSF,RSF,unresolved: kept verbatim
wcg-savate-2013-saint-petersburg-0001,country,SRB,Serbia,resolved
wcg-savate-2013-saint-petersburg-0002,country,FRA,France,resolved
wcg-savate-2013-saint-petersburg-0003,country,CAN,Canada,resolved
wcg-savate-2013-saint-petersburg-0004,country,ITA,Italy,resolved
wcg-savate-2013-saint-petersburg-0005,country,FRA,France,resolved
wcg-savate-2013-saint-petersburg-0006,country,ITA,Italy,resolved
wcg-savate-2013-saint-petersburg-0007,country,CAN,Canada,resolved
wcg-savate-2013-saint-petersburg-0008,country,MAR,Morocco,resolved
wcg-savate-2013-saint-petersburg-0009,country,FRA,France,resolved
wcg-savate-2013-saint-petersburg-0010,country,UKR,Ukraine,resolved
wcg-savate-2013-saint-petersburg-0011,country,CHN,China,resolved
wcg-savate-2013-saint-petersburg-0012,country,CRO,Croatia,resolved
wcg-savate-2013-saint-petersburg-0013,country,FRA,France,resolved
wcg-savate-2013-saint-petersburg-0014,country,CGO,Congo,resolved
wcg-savate-2013-saint-petersburg-0015,country,ROU,Romania,resolved
wcg-savate-2013-saint-petersburg-0016,country,RUS,Russia,resolved
wcg-savate-2013-saint-petersburg-0017,country,FRA,France,resolved
wcg-savate-2013-saint-petersburg-0018,country,CRO,Croatia,resolved
wcg-savate-2013-saint-petersburg-0019,country,RUS,Russia,resolved
wcg-savate-2013-saint-petersburg-0020,country,SRB,Serbia,resolved
wcg-savate-2013-saint-petersburg-0021,country,FRA,France,resolved
wcg-savate-2013-saint-petersburg-0022,country,CGO,Congo,resolved
wcg-savate-2013-saint-petersburg-0023,country,IRI,Iran,resolved
wcg-savate-2013-saint-petersburg-0024,country,ITA,Italy,resolved
wcg-savate-2013-saint-petersburg-0025,country,CRO,Croatia,resolved
wcg-savate-2013-saint-petersburg-0026,country,SRB,Serbia,resolved
wcg-savate-2013-saint-petersburg-0027,country,RUS,Russia,resolved
wcg-savate-2013-saint-petersburg-0028,country,UKR,Ukraine,resolved
wcg-savate-2013-saint-petersburg-0029,country,RUS,Russia,resolved
wcg-savate-2013-saint-petersburg-0030,country,FRA,France,resolved
wcg-savate-2013-saint-petersburg-0031,country,CRO,Croatia,resolved
wcg-savate-2013-saint-petersburg-0032,country,UKR,Ukraine,resolved
wcg-savate-2013-saint-petersburg-0033,country,FRA,France,resolved
wcg-savate-2013-saint-petersburg-0034,country,RUS,Russia,resolved
wcg-savate-2013-saint-petersburg-0035,country,ITA,Italy,resolved
wcg-savate-2013-saint-petersburg-0036,country,SRB,Serbia,resolved
wcg-savate-2013-saint-petersburg-0037,country,FRA,France,resolved
wcg-savate-2013-saint-petersburg-0038,country,SLO,Slovenia,resolved
wcg-savate-2013-saint-petersburg-0039,country,CHN,China,resolved
wcg-savate-2013-saint-petersburg-0040,country,SRB,Serbia,resolved
fisav-world-assaut-2008-men-classement-0015,country,Great Britain,United Kingdom,resolved
fisav-world-assaut-2008-men-classement-0024,country,Great Britain,United Kingdom,resolved
fisav-world-assaut-2008-women-classement-0020,country,Great Britain,United Kingdom,resolved
fisav-world-assaut-2008-women-classement-0026,country,Great Britain,United Kingdom,resolved
ffsavate-championnat-de-france-espoirs-masculin-2023-050-2,club,SAVAT O POING,SAVAT OPOING,repaired
ffsavate-championnat-de-france-elite-b-feminin-2023-007-2,club,GANT D HERMINE VANNETAIS,GANT DHERMINE VANNETAIS,repaired
ffsavate-championnat-de-france-veterans-masculin-2023-paris-083-2,club,CERCLE DE B F ERMONT,CERCLE DE BFERMONT,repaired
ffsavate-championnat-de-france-juniors-2024-verdun-002-1,club,M J C SAVATE COTOISE,MJCSAVATE COTOISE,repaired
ffsavate-championnat-de-france-juniors-2024-verdun-003-2,club,M J C SAVATE COTOISE,MJCSAVATE COTOISE,repaired
ffsavate-championnat-de-france-juniors-2024-verdun-006-1,club,CS MEAUX BOXE ACT PUG.,CSMEAUX BOXE ACT PUG.,repaired
ffsavate-championnat-de-france-2e-serie-masculin-2024-verdun-008-1,club,K TEAM,KTEAM,repaired
ffsavate-european-youth-assaut-2026-podcetrtek-0001,club,U S CRETEIL,USCRETEIL,repaired
ffsavate-european-youth-assaut-2026-podcetrtek-0004,club,M J C SAVATE COTOISE,MJCSAVATE COTOISE,repaired
ffsavate-france-jeunes-2024-0003,club,GANT D ARGENT LILLE SUD,GANT DARGENT LILLE SUD,repaired
ffsavate-france-jeunes-2024-0019,club,U S CRETEIL,USCRETEIL,repaired
ffsavate-france-jeunes-2024-0038,club,U S CRETEIL,USCRETEIL,repaired
ffsavate-france-jeunes-2024-0041,club,U S CRETEIL,USCRETEIL,repaired
ffsavate-france-jeunes-2024-0045,club,U S CRETEIL,USCRETEIL,repaired
ffsavate-france-jeunes-2024-0050,club,U S CRETEIL,USCRETEIL,repaired
ffsavate-france-jeunes-2024-0061,club,U S CRETEIL,USCRETEIL,repaired
ffsavate-france-jeunes-2024-0091,club,U S CRETEIL,USCRETEIL,repaired
ffsavate-france-jeunes-2023-0008,club,M J C SAVATE COTOISE,MJCSAVATE COTOISE,repaired
ffsavate-france-jeunes-2023-0009,club,U S CRETEIL,USCRETEIL,repaired
ffsavate-france-jeunes-2023-0027,club,AVENIR SPORTIF D ORLY,AVENIR SPORTIF DORLY,repaired
ffsavate-france-jeunes-2023-0030,club,FFIVE S SAVATE BF 62,FFIVE SSAVATE BF 62,repaired
ffsavate-france-jeunes-2023-0032,club,U S CRETEIL,USCRETEIL,repaired
ffsavate-france-jeunes-2023-0047,club,U S CRETEIL,USCRETEIL,repaired
ffsavate-france-jeunes-2023-0050,club,CERCLE DE B F ERMONT,CERCLE DE BFERMONT,repaired
ffsavate-france-jeunes-2023-0051,club,U S CRETEIL,USCRETEIL,repaired
ffsavate-france-jeunes-2023-0054,club,M et R BOXING CLUB,M et RBOXING CLUB,repaired
ffsavate-france-jeunes-2023-0058,club,M J C SAVATE COTOISE,MJCSAVATE COTOISE,repaired
ffsavate-france-jeunes-2023-0063,club,L IMPACT SBF,LIMPACT SBF,repaired
fisav-world-combat-2023-amiens-final-60kg-0001,country,Francia,France,resolved
cesav-european-combat-championships-2024-varazze-02-p1,country,SERBIA,Serbia,resolved
cesav-european-combat-championships-2024-varazze-02-p2,country,ITALIA,Italy,resolved
fisu-world-university-championship-savate-2010-nantes-women-minus-60-kg-3,country,Great Britain,United Kingdom,resolved
fisu-world-university-championship-savate-2010-nantes-women-plus-70-kg-3,country,Great Britain,United Kingdom,resolved
ffsu-championnat-de-france-universitaire-savate-bf-2024-meze-women-minus-70-kg-p4,club,ASU RENNES - U RENNES,ASU RENNES - URENNES,repaired
ffsu-championnat-de-france-universitaire-savate-bf-2024-meze-men-minus-65-kg-p2,club,ASE U LILLE S.H.S.,ASE ULILLE S.H.S.,repaired
ffsu-championnat-de-france-universitaire-savate-bf-2024-meze-men-minus-82-kg-p1,club,ASE U LILLE STAPS,ASE ULILLE STAPS,repaired
ffsavate-open-de-france-assaut-2024-03-1,club,U.S CRETEIL,U.SCRETEIL,repaired
fisav-world-assaut-2018-plovdiv-medallists-0020,country,Great Britain,United Kingdom,resolved
fisav-world-assaut-2018-plovdiv-medallists-0024,country,Great Britain,United Kingdom,resolved
fisav-world-assaut-2018-plovdiv-medallists-0030,country,USA,United States,resolved
fisav-world-assaut-2018-plovdiv-medallists-0052,fighter,IDJELIDAINE O.,IDJELIDAINE O,repaired
fisav-world-assaut-2018-plovdiv-medallists-0056,country,Great Britain,United Kingdom,resolved
fisav-european-assaut-2025-weiz-medals-0008,country,Italia,Italy,resolved
fisav-european-assaut-2025-weiz-medals-0012,country,Italia,Italy,resolved
fisav-european-assaut-2025-weiz-medals-0039,country,Italia,Italy,resolved
fisav-european-assaut-2025-weiz-medals-0042,country,Italia,Italy,resolved
fisav-european-assaut-2025-weiz-medals-0048,country,Italia,Italy,resolved
fisav-european-assaut-2025-weiz-medals-0051,country,Italia,Italy,resolved
srbija-assaut-2021-obrenovac-0023,fighter,Filip Đukić,Filip Čukić,repaired
ffsbf-elite-a-demi-finales-calais-2023-03-1,club,U S CRETEIL,USCRETEIL,repaired
ffsbf-elite-a-demi-finales-calais-2023-05-2,club,B.F.S STRASBOURG,B.F.SSTRASBOURG,repaired
ffsbf-premium-demi-finales-calais-2023-04-2,club,C S MEAUX BOXE,CSMEAUX BOXE,repaired
ffsbf-2e-serie-juniors-toreilles-2023-01-2,club,M J C SAVATE COTOISE,MJCSAVATE COTOISE,repaired
ffsbf-2e-serie-juniors-toreilles-2023-02-2,club,M J C SAVATE COTTOISE,MJCSAVATE COTTOISE,repaired
ffsbf-2e-serie-juniors-toreilles-2023-07-2,club,S B C QUARTIER FRANÇAIS,SBCQUARTIER FRANÇAIS,repaired
ffsbf-2e-serie-juniors-toreilles-2023-12-2,club,M J C SAVATE COTTOISE,MJCSAVATE COTTOISE,repaired
ffsbf-open-de-france-assaut-2023-09-2,club,B.F.S BFS Strasbourg,B.F.SBFS Strasbourg,repaired
ffsbf-elite-a-armentieres-2024-001-1,club,U S CRETEIL 94002,USCRETEIL 94002,repaired
ffsbf-elite-a-armentieres-2024-003-1,club,U S CRETEIL 94002,USCRETEIL 94002,repaired
ffsbf-elite-a-armentieres-2024-003-2,fighter,SANGARE Adama Saint-Malo Boxe Française 35025,,dropped: contains digits
ffsbf-elite-a-finales-vandoeuvre-2024-001-1,club,U S CRETEIL,USCRETEIL,repaired
ffsbf-assaut-finales-calais-2024-10-2,fighter,CALIZINGOUE Hypolyte NICE BOXING TEAM FRANK MAY (6001),FRANK MAY,repaired
ffsbf-savate-pro-la-motte-servolex-2024-04-2,club,M J C SAVATE COTOISE,MJCSAVATE COTOISE,repaired
ffsbf-open-national-le-puy-2025-07-2,club,U S CRETEIL,USCRETEIL,repaired
ffsbf-tour-eliminatoire-biancotto-2025-22-2,club,U.S CRETEIL,U.SCRETEIL,repaired
ffsbf-open-automne-merignac-2025-06-2,club,S SAVATITUDE,SSAVATITUDE,repaired
ffsbf-open-automne-merignac-2025-07-2,club,S SAVATITUDE,SSAVATITUDE,repaired
ffsbf-open-assaut-calais-2026-13-1,club,- U S CRETEIL,- USCRETEIL,repaired
ffsbf-open-assaut-calais-2026-14-2,club,saliou - U S CRETEIL,saliou - USCRETEIL,repaired
ffsbf-veterans-merignac-2026-12-1,club,– CERCLE DE B F ERMONT,– CERCLE DE BFERMONT,repaired
savate-srbija-assaut-all-ages-2020-0032,fighter,Filip Đukić,Filip Čukić,repaired
ffsu-cfu-savate-bf-2023-individuel-masculin-men-minus-60-kg-p2,club,ASE U LILLE STAPS,ASE ULILLE STAPS,repaired
ffsu-cfu-savate-bf-2023-individuel-feminin-women-minus-55-kg-p1,fighter,Q DELAPLESSE ARWEN,QDELAPLESSE ARWEN,repaired
ffsu-cfu-savate-bf-2023-individuel-feminin-women-plus-70-kg-p3,club,ASE U LILLE STAPS,ASE ULILLE STAPS,repaired
ffsu-cfu-savate-bf-2025-montlucon-women-minus-50-kg-p2,club,ASE U LILLE MEDECINE,ASE ULILLE MEDECINE,repaired
ffsu-cfu-savate-bf-2025-montlucon-women-minus-55-kg-p1,club,UNIV PARIS SACLAY ORSAY U VERSAILLES,UNIV PARIS SACLAY ORSAY UVERSAILLES,repaired
ffsu-cfu-savate-bf-2025-montlucon-women-minus-65-kg-p1,club,ASE U LILLE MEDECINE,ASE ULILLE MEDECINE,repaired
ffsu-cfu-savate-bf-2025-montlucon-women-minus-65-kg-p2,club,A.S UFC / SMP,A.SUFC / SMP,repaired
ffsu-cfu-savate-bf-2025-montlucon-women-plus-70-kg-p2,club,A.S UFC / ST,A.SUFC / ST,repaired
ffsu-cfu-savate-bf-2025-montlucon-men-minus-60-kg-p1,club,ASE U LILLE STAPS,ASE ULILLE STAPS,repaired
ffsu-cfu-savate-bf-2025-montlucon-men-minus-60-kg-p2,club,ASU RENNES - U RENNES,ASU RENNES - URENNES,repaired
ffsu-cfu-savate-bf-2025-montlucon-men-minus-82-kg-p1,club,ASE U LILLE STAPS,ASE ULILLE STAPS,repaired
ffsavate-world-assaut-2018-plovdiv-classement-0032,country,Usa,United States,resolved
fisav-world-assaut-2022-milano-medallists-0022,country,Great Britain,United Kingdom,resolved
europe-jeunes-kranevo-2024-0013,country,Italia,Italy,resolved
europe-jeunes-kranevo-2024-0017,country,Italia,Italy,resolved
europe-jeunes-kranevo-2024-0022,country,Italia,Italy,resolved
europe-jeunes-kranevo-2024-0029,country,Italia,Italy,resolved
europe-jeunes-kranevo-2024-0041,country,Italia,Italy,resolved
europe-jeunes-kranevo-2024-0052,country,Italia,Italy,resolved
ffsavate-elite-a-merignac-2025-03-01-04-2,club,B.F.S BOXE FRANCAISE SAVATE STRASBOURG,B.F.SBOXE FRANCAISE SAVATE STRASBOURG,repaired
ffsavate-elite-a-merignac-2025-03-01-06-1,fighter,AL CHAMALI Mohammad SAVATE BOXE RENNAISE (35),AL CHAMALI Mohammad SAVATE BOXE RENNAISE,repaired
ffsavate-premium-merignac-2025-03-01-03-1,fighter,DOYEN Hugo CSME – BOXE FRANCAISE (93),DOYEN Hugo CSME – BOXE FRANCAISE,repaired
ffsavate-premium-merignac-2025-03-01-05-2,club,S SAVATITUDE,SSAVATITUDE,repaired
ffsavate-premium-ruy-montceau-2025-01-2,club,U S CRETEIL,USCRETEIL,repaired
ffsavate-premium-ruy-montceau-2025-03-2,club,M J C SAVATE COTOISE,MJCSAVATE COTOISE,repaired
ffsavate-elite-a-beaumont-les-valence-2025-02-1,club,M J C SAVATE COTOISE,MJCSAVATE COTOISE,repaired
ffsavate-premium-beaumont-les-valence-2025-05-1,fighter,CACHAU Ilan Spartan Boxing Club (26) Disq.,,dropped: contains digits
ffsavate-premium-beaumont-les-valence-2025-06-1,fighter,CROZ Jade SAVATE MONT BLANC (74) Jet,,dropped: contains digits
ffsavate-premium-beaumont-les-valence-2025-08-1,fighter,TRAIDI Noah CORSAIRE BOXING (13),TRAIDI Noah CORSAIRE BOXING,repaired
ffsavate-elite-b-la-cote-saint-andre-2025-01-1,fighter,LAURENT Medhi SVSBF VINCENNES (94),LAURENT Medhi SVSBF VINCENNES,repaired
ffsavate-elite-a-donzere-2025-01-1,club,S SAVATITUDE,SSAVATITUDE,repaired
ffsavate-elite-a-donzere-2025-02-1,club,U S CRETEIL,USCRETEIL,repaired
ffsavate-elite-a-donzere-2025-03-2,club,M J C SAVATE COTOISE,MJCSAVATE COTOISE,repaired
ffsavate-premium-donzere-2025-02-1,club,M J C SAVATE COTOISE,MJCSAVATE COTOISE,repaired
ffsavate-premium-donzere-2025-05-1,fighter,LATAIEF Léna CACCIATORE BOXING CLUB (01),,dropped: nothing left after trimming
ffsavate-premium-donzere-2025-06-1,fighter,ERIN ROUX Ma’Eli US CRETEIL (94) Disq.,,dropped: contains digits
ffsavate-premium-donzere-2025-07-1,fighter,SEINE Alexis BILLOM BOXING CLUB (63),,dropped: nothing left after trimming
ffsavate-premium-viuz-en-sallaz-2025-10-2,club,M J C SAVATE COTOISE,MJCSAVATE COTOISE,repaired
ffsavate-premium-viuz-en-sallaz-2025-11-1,fighter,PACIELLO Jeanne S. ATH OLYMPIQUE COLMAR (68) Jet,,dropped: contains digits
ffsavate-demi-finales-espoirs-premium-calais-2026-04-1,club,M J C SAVATE COTOISE,MJCSAVATE COTOISE,repaired
ffsavate-demi-finales-espoirs-premium-calais-2026-12-2,club,U S CRETEIL,USCRETEIL,repaired
ffsavate-demi-finales-espoirs-premium-calais-2026-14-1,fighter,PATEREK Romane Union Savate,Savate,repaired
ffsavate-demi-finales-espoirs-premium-calais-2026-15-1,club,U S CRETEIL,USCRETEIL,repaired
ffsavate-demi-finales-espoirs-premium-calais-2026-16-2,club,S SAVATITUDE,SSAVATITUDE,repaired
ffsavate-demi-finales-espoirs-premium-calais-2026-18-1,club,U S CRETEIL,USCRETEIL,repaired
ffsavate-demi-finales-espoirs-premium-calais-2026-19-2,club,SPORT MAX SAVATE B F,SPORT MAX SAVATE BF,repaired
ffsavate-demi-finales-espoirs-premium-calais-2026-21-1,club,U S CRETEIL,USCRETEIL,repaired
ffsavate-demi-finales-espoirs-premium-calais-2026-24-1,club,U S CRETEIL,USCRETEIL,repaired
ffsavate-demi-finales-2eme-serie-dieppe-2026-01-1,club,U S CRETEIL,USCRETEIL,repaired
ffsavate-demi-finales-2eme-serie-dieppe-2026-07-1,club,U S CRETEIL,USCRETEIL,repaired
11-savate-resultats-jeunes-filles-2011-2011-p0009,club,U DIJON,UDIJON,repaired
414-f-60kg-pool-results-2018-2018-01-1,fighter,Plovdiv / withdrawal : 0 point,,dropped: contains digits
414-f-60kg-pool-results-2018-2018-01-2,fighter,octobre 2018 ication : -1 point,,dropped: contains digits
442-championship-of-africa-savate-combat-2018-2018-0001,country,GUINEE BISSAU,GUINEE BISSAU,unresolved: kept verbatim
442-championship-of-africa-savate-combat-2018-2018-0002,country,GUINEE CONAKRY,GUINEE CONAKRY,unresolved: kept verbatim
442-championship-of-africa-savate-combat-2018-2018-0007,country,GUINEE BISSAU,GUINEE BISSAU,unresolved: kept verbatim
442-championship-of-africa-savate-combat-2018-2018-0011,country,GUINEE BISSAU,GUINEE BISSAU,unresolved: kept verbatim
442-championship-of-africa-savate-combat-2018-2018-0013,country,GUINEE BISSAU,GUINEE BISSAU,unresolved: kept verbatim
60-world-assaut-championship-2008-results-2008-0016,country,GB,GB,unresolved: kept verbatim
60-world-assaut-championship-2008-results-2008-0026,country,CH,CH,unresolved: kept verbatim
60-world-assaut-championship-2008-results-2008-0031,country,THAI,THAI,unresolved: kept verbatim
60-world-assaut-championship-2008-results-2008-0040,country,TQ,TQ,unresolved: kept verbatim
60-world-assaut-championship-2008-results-2008-0048,country,ALL,ALL,unresolved: kept verbatim
60-world-assaut-championship-2008-results-2008-0066,country,HON,HON,unresolved: kept verbatim
60-world-assaut-championship-2008-results-2008-0079,country,ALL,ALL,unresolved: kept verbatim
60-world-assaut-championship-2008-results-2008-0085,country,ALL,ALL,unresolved: kept verbatim
60-world-assaut-championship-2008-results-2008-0089,country,ALL,ALL,unresolved: kept verbatim
694-results-budapest-open-2020-2020-0007,country,Crotia,Crotia,unresolved: kept verbatim
694-results-budapest-open-2020-2020-0011,country,Crotia,Crotia,unresolved: kept verbatim
694-results-budapest-open-2020-2020-0015,country,Crotia,Crotia,unresolved: kept verbatim
694-results-budapest-open-2020-2020-0019,country,Crotia,Crotia,unresolved: kept verbatim
694-results-budapest-open-2020-2020-0020,country,Crotia,Crotia,unresolved: kept verbatim
694-results-budapest-open-2020-2020-0030,country,Crotia,Crotia,unresolved: kept verbatim
694-results-budapest-open-2020-2020-0031,country,Crotia,Crotia,unresolved: kept verbatim
694-results-budapest-open-2020-2020-0034,country,Crotia,Crotia,unresolved: kept verbatim
694-results-budapest-open-2020-2020-0035,country,Crotia,Crotia,unresolved: kept verbatim
694-results-budapest-open-2020-2020-0036,country,Crotia,Crotia,unresolved: kept verbatim
694-results-budapest-open-2020-2020-0040,country,Crotia,Crotia,unresolved: kept verbatim
694-results-budapest-open-2020-2020-0047,country,Crotia,Crotia,unresolved: kept verbatim
694-results-budapest-open-2020-2020-0051,country,Crotia,Crotia,unresolved: kept verbatim
694-results-budapest-open-2020-2020-0056,country,Crotia,Crotia,unresolved: kept verbatim
694-results-budapest-open-2020-2020-0061,country,Crotia,Crotia,unresolved: kept verbatim
694-results-budapest-open-2020-2020-0075,country,Crotia,Crotia,unresolved: kept verbatim
694-results-budapest-open-2020-2020-0101,country,Crotia,Crotia,unresolved: kept verbatim
71-championnat-d-europe-assaut-femmes-2007-2007-0001,fighter,inclus 3 MARROLT TINKA,,dropped: contains digits
71-championnat-d-europe-assaut-femmes-2007-2007-0002,fighter,3 FONTANELLA NADIA,,dropped: contains digits
71-championnat-d-europe-assaut-femmes-2007-2007-0003,fighter,1 MEKSEN ANISSA,,dropped: contains digits
71-championnat-d-europe-assaut-femmes-2007-2007-0004,fighter,Plumes 2 DOBNIK MARINA,,dropped: contains digits
71-championnat-d-europe-assaut-femmes-2007-2007-0005,fighter,inclus 3 MASSARI MANUELA,,dropped: contains digits
71-championnat-d-europe-assaut-femmes-2007-2007-0006,fighter,3 CSAKI FRUZSINA,,dropped: contains digits
71-championnat-d-europe-assaut-femmes-2007-2007-0007,fighter,1 REY MEGRET MELODIE,,dropped: contains digits
71-championnat-d-europe-assaut-femmes-2007-2007-0008,fighter,Légères 2 DONNINI MANUELA,,dropped: contains digits
71-championnat-d-europe-assaut-femmes-2007-2007-0009,fighter,inclus 3 STRANAD TAMARA,,dropped: contains digits
71-championnat-d-europe-assaut-femmes-2007-2007-0010,fighter,3 BELLE CHRISTINA,,dropped: contains digits
71-championnat-d-europe-assaut-femmes-2007-2007-0011,fighter,1 TURK TINA,,dropped: contains digits
71-championnat-d-europe-assaut-femmes-2007-2007-0012,fighter,Super-légères 2 POSTMA IMME,,dropped: contains digits
71-championnat-d-europe-assaut-femmes-2007-2007-0013,fighter,inclus 3 JOUARD BLANDINE,,dropped: contains digits
71-championnat-d-europe-assaut-femmes-2007-2007-0014,fighter,3 GILBERT LAURA Great Britain,,dropped: contains digits
71-championnat-d-europe-assaut-femmes-2007-2007-0015,fighter,Mi-moyens 1 TAMEZE-AOUTSA CAROLINE,,dropped: contains digits
71-championnat-d-europe-assaut-femmes-2007-2007-0016,fighter,inclus 2 MARQUARDT STEFANIE,,dropped: contains digits
71-championnat-d-europe-assaut-femmes-2007-2007-0017,fighter,Super-mi-moyens 3 ELIA CRISTINA,,dropped: contains digits
71-championnat-d-europe-assaut-femmes-2007-2007-0018,fighter,inclus 3 BATYUKOVA ELENA,,dropped: contains digits
71-championnat-d-europe-assaut-femmes-2007-2007-0019,fighter,1 HAWKINS LIZZIE Great Britain,,dropped: contains digits
71-championnat-d-europe-assaut-femmes-2007-2007-0020,fighter,2 ZELBOUNI LYDIE,,dropped: contains digits
71-championnat-d-europe-assaut-femmes-2007-2007-0021,fighter,3 SPIESS ELISA,,dropped: contains digits
72-championnat-d-europe-assaut-hommes-2007-2007-0001,fighter,inclus 3 SIVOLJICKI IGOR,,dropped: contains digits
72-championnat-d-europe-assaut-hommes-2007-2007-0002,fighter,3 IMAYKIN KONSTANTIN,,dropped: contains digits
72-championnat-d-europe-assaut-hommes-2007-2007-0003,fighter,1 GHASSIRI JOHAN,,dropped: contains digits
72-championnat-d-europe-assaut-hommes-2007-2007-0004,fighter,Super-légers 2 DE PAOLIS MARCO,,dropped: contains digits
72-championnat-d-europe-assaut-hommes-2007-2007-0005,fighter,inclus 3 ODZIC MIROSLAV,,dropped: contains digits
72-championnat-d-europe-assaut-hommes-2007-2007-0006,fighter,3 VAN HOECK CHRIS,,dropped: contains digits
72-championnat-d-europe-assaut-hommes-2007-2007-0007,fighter,1 BRARD LAURENT,,dropped: contains digits
72-championnat-d-europe-assaut-hommes-2007-2007-0008,fighter,Mi-moyens 2 VERHELLE JEROME,,dropped: contains digits
72-championnat-d-europe-assaut-hommes-2007-2007-0009,fighter,inclus 3 CROSSMAN ANTHONY Great Britain,,dropped: contains digits
72-championnat-d-europe-assaut-hommes-2007-2007-0010,fighter,3 MELIKOV ARSEN,,dropped: contains digits
72-championnat-d-europe-assaut-hommes-2007-2007-0011,fighter,1 VUILLAUME ROMARIC,,dropped: contains digits
72-championnat-d-europe-assaut-hommes-2007-2007-0012,fighter,2 ANTILL JAMES Great Britain,,dropped: contains digits
72-championnat-d-europe-assaut-hommes-2007-2007-0013,fighter,3 VECERIC EMERIK,,dropped: contains digits
72-championnat-d-europe-assaut-hommes-2007-2007-0014,fighter,3 VUKOVIC BORIS,,dropped: contains digits
72-championnat-d-europe-assaut-hommes-2007-2007-0015,fighter,1 MONSEUR GERARD,,dropped: contains digits
72-championnat-d-europe-assaut-hommes-2007-2007-0016,fighter,Moyens 2 SOUTHWOOD JAMES Great Britain,,dropped: contains digits
72-championnat-d-europe-assaut-hommes-2007-2007-0017,fighter,inclus 3 SZITO TIBOR,,dropped: contains digits
72-championnat-d-europe-assaut-hommes-2007-2007-0018,fighter,3 HAET ALAIN,,dropped: contains digits
72-championnat-d-europe-assaut-hommes-2007-2007-0019,fighter,1 LAMBRET MIKE,,dropped: contains digits
72-championnat-d-europe-assaut-hommes-2007-2007-0020,fighter,Mi-lourds 2 FABRO VINCENT,,dropped: contains digits
72-championnat-d-europe-assaut-hommes-2007-2007-0021,fighter,inclus 3 ROBIC VLADIMIR,,dropped: contains digits
72-championnat-d-europe-assaut-hommes-2007-2007-0022,fighter,3 SOARES LEONEL,,dropped: contains digits
72-championnat-d-europe-assaut-hommes-2007-2007-0023,fighter,1 DOMINICI JONATHAN,,dropped: contains digits
72-championnat-d-europe-assaut-hommes-2007-2007-0024,fighter,Lourds 2 VICENTE NELSON,,dropped: contains digits
72-championnat-d-europe-assaut-hommes-2007-2007-0025,fighter,Plus de 85kg 3 VARGA TAMAS,,dropped: contains digits
72-championnat-d-europe-assaut-hommes-2007-2007-0026,fighter,3 BALESTRA WARNER,,dropped: contains digits
733-world-youth-championship-2021-medals-2021-0001,fighter,zz,,dropped: too short to be a name
733-world-youth-championship-2021-medals-2021-0005,country,RSF,RSF,unresolved: kept verbatim
733-world-youth-championship-2021-medals-2021-0012,country,RSF,RSF,unresolved: kept verbatim
733-world-youth-championship-2021-medals-2021-0016,country,RSF,RSF,unresolved: kept verbatim
744-world-cup-assaut-2021-senior-m-85-2021-01-1,fighter,Coupe du mondeAssaut 2021 victoire / victory : 3 points,,dropped: contains digits
744-world-cup-assaut-2021-senior-m-85-2021-01-2,fighter,égalité / draw : 3 points 4 athlètes,,dropped: contains digits
807-results-of-european-youth-championships-2022-2022-0001,country,Terry FRANCE,Terry FRANCE,unresolved: kept verbatim
807-results-of-european-youth-championships-2022-2022-0003,country,Gaetan FRANCE,Gaetan FRANCE,unresolved: kept verbatim
807-results-of-european-youth-championships-2022-2022-0006,country,Napua FRANCE,Napua FRANCE,unresolved: kept verbatim
807-results-of-european-youth-championships-2022-2022-0010,country,Kilyan FRANCE,Kilyan FRANCE,unresolved: kept verbatim
807-results-of-european-youth-championships-2022-2022-0013,country,Marko Croatie,Marko Croatie,unresolved: kept verbatim
807-results-of-european-youth-championships-2022-2022-0017,country,Tomislav Croatie,Tomislav Croatie,unresolved: kept verbatim
807-results-of-european-youth-championships-2022-2022-0021,country,Matyas HONGRIE,Matyas HONGRIE,unresolved: kept verbatim
807-results-of-european-youth-championships-2022-2022-0024,country,Warren Joël FRANCE,Warren Joël FRANCE,unresolved: kept verbatim
807-results-of-european-youth-championships-2022-2022-0028,country,Nikola SERBIE,Nikola SERBIE,unresolved: kept verbatim
807-results-of-european-youth-championships-2022-2022-0031,country,attribué,attribué,unresolved: kept verbatim
807-results-of-european-youth-championships-2022-2022-0032,country,Alexandra FRANCE,Alexandra FRANCE,unresolved: kept verbatim
807-results-of-european-youth-championships-2022-2022-0036,country,Amandine FRANCE,Amandine FRANCE,unresolved: kept verbatim
807-results-of-european-youth-championships-2022-2022-0037,country,Uk,United Kingdom,resolved
807-results-of-european-youth-championships-2022-2022-0039,country,Pema FRANCE,Pema FRANCE,unresolved: kept verbatim
807-results-of-european-youth-championships-2022-2022-0043,country,Tea FRANCE,Tea FRANCE,unresolved: kept verbatim
807-results-of-european-youth-championships-2022-2022-0046,country,Irlande,Ireland,resolved
807-results-of-european-youth-championships-2022-2022-0047,country,Aaliyah BELGIQUE,Aaliyah BELGIQUE,unresolved: kept verbatim
807-results-of-european-youth-championships-2022-2022-0050,country,Zina FRANCE,Zina FRANCE,unresolved: kept verbatim
807-results-of-european-youth-championships-2022-2022-0052,country,attribué,attribué,unresolved: kept verbatim
807-results-of-european-youth-championships-2022-2022-0053,country,Assalini Italia,Assalini Italia,unresolved: kept verbatim
807-results-of-european-youth-championships-2022-2022-0055,country,Uk,United Kingdom,resolved
807-results-of-european-youth-championships-2022-2022-0056,country,Borsos Hungria,Borsos Hungria,unresolved: kept verbatim
807-results-of-european-youth-championships-2022-2022-0058,country,Sara CROATIE,Sara CROATIE,unresolved: kept verbatim
807-results-of-european-youth-championships-2022-2022-0060,country,Altruy Belgium,Altruy Belgium,unresolved: kept verbatim
807-results-of-european-youth-championships-2022-2022-0062,country,Denver Eire,Denver Eire,unresolved: kept verbatim
807-results-of-european-youth-championships-2022-2022-0064,country,Mitchell Eire,Mitchell Eire,unresolved: kept verbatim
808-results-of-the-european-combat-championships-2022-2022-0001,country,Roko CROATIE,Roko CROATIE,unresolved: kept verbatim
808-results-of-the-european-combat-championships-2022-2022-0004,country,Giuseppe ITALIE,Giuseppe ITALIE,unresolved: kept verbatim
808-results-of-the-european-combat-championships-2022-2022-0007,country,Damien FRANCE,Damien FRANCE,unresolved: kept verbatim
808-results-of-the-european-combat-championships-2022-2022-0011,country,Alfousseynou FRANCE,Alfousseynou FRANCE,unresolved: kept verbatim
808-results-of-the-european-combat-championships-2022-2022-0013,country,Christopher FRANCE,Christopher FRANCE,unresolved: kept verbatim
808-results-of-the-european-combat-championships-2022-2022-0016,country,Romain FRANCE,Romain FRANCE,unresolved: kept verbatim
808-results-of-the-european-combat-championships-2022-2022-0020,country,Chloé FRANCE,Chloé FRANCE,unresolved: kept verbatim
808-results-of-the-european-combat-championships-2022-2022-0022,country,Méghane FRANCE,Méghane FRANCE,unresolved: kept verbatim
808-results-of-the-european-combat-championships-2022-2022-0025,country,Samira FRANCE,Samira FRANCE,unresolved: kept verbatim
808-results-of-the-european-combat-championships-2022-2022-0028,country,Antonija CROATIE,Antonija CROATIE,unresolved: kept verbatim
808-results-of-the-european-combat-championships-2022-2022-0031,country,Fanny FRANCE,Fanny FRANCE,unresolved: kept verbatim
808-results-of-the-european-combat-championships-2022-2022-0033,country,attribué,attribué,unresolved: kept verbatim
808-results-of-the-european-combat-championships-2022-2022-0034,country,Liam FRANCE,Liam FRANCE,unresolved: kept verbatim
808-results-of-the-european-combat-championships-2022-2022-0036,country,Alessandro FRANCE,Alessandro FRANCE,unresolved: kept verbatim
808-results-of-the-european-combat-championships-2022-2022-0040,country,Patrik CROATIE,Patrik CROATIE,unresolved: kept verbatim
808-results-of-the-european-combat-championships-2022-2022-0043,country,Yvan UKRAINE,Yvan UKRAINE,unresolved: kept verbatim
82-championnat-du-monde-assaut-2010-2010-0018,country,Grande Bretagne,Grande Bretagne,unresolved: kept verbatim
82-championnat-du-monde-assaut-2010-2010-0022,country,Grande Bretagne,Grande Bretagne,unresolved: kept verbatim
82-championnat-du-monde-assaut-2010-2010-0030,country,Irelande,Irelande,unresolved: kept verbatim
82-championnat-du-monde-assaut-2010-2010-0048,country,Grande Bretagne,Grande Bretagne,unresolved: kept verbatim
82-championnat-du-monde-assaut-2010-2010-0054,country,Rep. Congo,Rep. Congo,unresolved: kept verbatim
campionati-assoluti-savate-2021-0047,club,NES. - SSD. A RL.,NES. - SSD. ARL.,repaired
campionati-assoluti-savate-2021-0055,club,NES. - SSD. A RL.,NES. - SSD. ARL.,repaired
campionati-assoluti-savate-2021-0057,club,NES. - SSD. A RL.,NES. - SSD. ARL.,repaired
campionati-assoluti-savate-2021-0073,club,NES. - SSD. A RL.,NES. - SSD. ARL.,repaired
campionati-assoluti-savate-2021-0110,club,NES. - SSD. A RL.,NES. - SSD. ARL.,repaired
campionati-assoluti-savate-2021-0118,club,NES. - SSD. A RL.,NES. - SSD. ARL.,repaired
campionati-assoluti-savate-2022-2022-0011,club,GENS. - Ssd A RL.,GENS. - Ssd ARL.,repaired
campionati-assoluti-savate-2022-2022-0014,club,GENS. - Ssd A RL.,GENS. - Ssd ARL.,repaired
campionati-assoluti-savate-2022-2022-0017,club,GENS. - Ssd A RL.,GENS. - Ssd ARL.,repaired
campionati-assoluti-savate-2022-2022-0018,club,New California Club SSD. A RL.,New California Club SSD. ARL.,repaired
campionati-assoluti-savate-2022-2022-0024,club,New California Club SSD. A RL.,New California Club SSD. ARL.,repaired
campionati-assoluti-savate-2022-2022-0053,club,NES. - SSD. A RL.,NES. - SSD. ARL.,repaired
campionati-assoluti-savate-2022-2022-0054,club,NES. - SSD. A RL.,NES. - SSD. ARL.,repaired
campionati-assoluti-savate-2022-2022-0055,club,NES. - SSD. A RL.,NES. - SSD. ARL.,repaired
campionati-assoluti-savate-2022-2022-0065,club,New California Club SSD. A RL.,New California Club SSD. ARL.,repaired
campionati-assoluti-savate-2022-2022-0071,club,New California Club SSD. A RL.,New California Club SSD. ARL.,repaired
championnat-de-2024-2-p032,fighter,DELARIVE Matthieu BAC9savate,,dropped: contains digits
championnat-de-2024-2-p033,fighter,Rony NICE BOXING TEAM FRANK MAY,FRANK MAY,repaired
championnat-de-france-avenir-mai-2026-resultats-benjamin-pdf-p039,club,M J C SAVATE COTOISE,MJCSAVATE COTOISE,repaired
championnat-de-france-avenir-mai-2026-resultats-benjamin-pdf-p072,club,SAM-SAVATE A MOIDIEU,SAM-SAVATE AMOIDIEU,repaired
championnat-de-france-veteran-m-2023-p119,club,CERCLE DE B F ERMONT,CERCLE DE BFERMONT,repaired
escalade-resultats-pdf-0002,country,Marseille,Marseille,unresolved: kept verbatim
finales-des-championnats-de-france-elite-a-m-f-2019-p020,club,S B C QUARTIER FRANCAIS,SBCQUARTIER FRANCAIS,repaired
finales-du-championnat-de-france-juniors-2020-p005,club,SAVAT O POING,SAVAT OPOING,repaired
livret-2f-v1-plescop-resultat-pdf-02-2,fighter,VIGNAUDON Charlotte COURBEVOIE SAVATE B F,VIGNAUDON Charlotte COURBEVOIE SAVATE BF,repaired
livret-2f-v1-plescop-resultat-pdf-03-1,fighter,CAZAL Gwenaelle BAC9savate,,dropped: contains digits
livret-2eme-serie-m-resultat-brunoy-pdf-01-1,fighter,M56 GIARDI Paul VS GONZALO Yohann/ Victoire,,"dropped: reads as fixture text, not a name"
livret-2eme-serie-m-resultat-brunoy-pdf-01-2,fighter,M56 GIARDI Paul VS HASSEINE Yanis/ Victoire,,"dropped: reads as fixture text, not a name"
livret-2eme-serie-m-resultat-brunoy-pdf-02-1,fighter,M60 GRUCHET Pierre-Yves VS GERVAISE Romain/ Victoire de GRUCHET Pierre-Yves.,,"dropped: reads as fixture text, not a name"
livret-2eme-serie-m-resultat-brunoy-pdf-02-2,fighter,M60 GRUCHET Pierre-Yves VS BRICHETEAU Maxence/ Victoire de BRICHETEAU Maxence,,"dropped: reads as fixture text, not a name"
livret-2eme-serie-m-resultat-brunoy-pdf-03-1,fighter,M65 LE ROUX Simon VS MIELLOT Gael/ Victoire de LE ROUX Simon,,"dropped: reads as fixture text, not a name"
livret-2eme-serie-m-resultat-brunoy-pdf-03-2,fighter,M65 LE ROUX Simon VS MAMET Simon/ Victoire de LE ROUX Simon,,"dropped: reads as fixture text, not a name"
livret-2eme-serie-m-resultat-brunoy-pdf-04-1,fighter,M70 BEAUNE Steven VS DEVERRE Cédric/ Victoire de BEAUNE Steven,,"dropped: reads as fixture text, not a name"
livret-2eme-serie-m-resultat-brunoy-pdf-04-2,fighter,M70 DE LA CROIX Tristan VS LEROY Mathieu Victoire de LEROY Mathieu,,"dropped: reads as fixture text, not a name"
livret-2eme-serie-m-resultat-brunoy-pdf-05-1,fighter,M75 TIEN-MI-TEE Emeric VS MASMODI Rida Vainqueur MASMODI Rida,,"dropped: reads as fixture text, not a name"
livret-2eme-serie-m-resultat-brunoy-pdf-05-2,fighter,M75 TIEN-MI-TEE Emeric VS GALLON Clément Vainqueur GALLON Clément,,"dropped: reads as fixture text, not a name"
livret-2eme-serie-m-resultat-brunoy-pdf-06-1,fighter,M80 BOUCHET Dorian VS LIGUORI Baptiste Vainqueur LIGUORI Baptiste,,"dropped: reads as fixture text, not a name"
livret-2eme-serie-m-resultat-brunoy-pdf-06-2,fighter,M80 BOUCHET Dorian VS LEYMAT Lucas Vainqueur BOUCHET Dorian,,"dropped: reads as fixture text, not a name"
livret-2eme-serie-m-resultat-brunoy-pdf-07-1,fighter,M85 : GILSON Titouan VS FRAIX BURNET Maximin Vainqueur FRAIX BURNET Maximin,,"dropped: reads as fixture text, not a name"
livret-2eme-serie-m-resultat-brunoy-pdf-07-2,fighter,M85 : GILSON Titouan VS BUNETEL Yves Mael Vainqueur BUNETEL Yves Mael,,"dropped: reads as fixture text, not a name"
livret-elite-a-st-christol-les-ales-pdf-01-2,fighter,MORTIER Emma IMPACTS 33,,dropped: contains digits
livret-elite-a-st-christol-les-ales-pdf-03-2,fighter,ZAMBONI Mendy B.F.S. CLUB THIERNOIS,THIERNOIS,repaired
livret-elite-a-st-christol-les-ales-pdf-04-1,fighter,BUZUEL (ATEF) Maurine U S CRETEIL,BUZUEL (ATEF) Maurine USCRETEIL,repaired
livret-elite-a-vandoeuvre-pdf-01-2,fighter,NANDI Chloe U S CRETEIL,NANDI Chloe USCRETEIL,repaired
livret-elite-a-vandoeuvre-pdf-06-1,fighter,DELARIVE Matthieu BAC9savate,,dropped: contains digits
livret-finales-2eme-serie-angouleme-v1-pdf-05-2,fighter,URTIAGA Melody APOLLO SPORTING CLUB VAL D'EUROPE,VAL D'EUROPE,repaired
livret-finales-2eme-serie-angouleme-v1-pdf-10-2,fighter,TITREN Nicolas BAC9savate,,dropped: contains digits
livret-finales-2eme-serie-angouleme-v1-pdf-12-1,fighter,BODIMBOURG Nicolas CLUB DE SAVATE MACONNAIS,DE SAVATE MACONNAIS,repaired
livret-finales-2eme-serie-angouleme-v1-pdf-15-1,fighter,BARREAU Paul IMPACTS 33,,dropped: contains digits
livret-finales-elite-b-v2-pdf-01-2,fighter,MORTIER Emma IMPACTS 33,,dropped: contains digits
livret-finales-elite-b-v2-pdf-11-1,fighter,DELARIVE Matthieu BAC9savate,,dropped: contains digits
livret-finales-elite-b-v2-pdf-11-2,fighter,Rony NICE BOXING TEAM FRANK MAY,FRANK MAY,repaired
livret-finales-elite-b-v2-pdf-12-1,fighter,MARTIN Fabien M J C SAVATE COTOISE,MARTIN Fabien MJCSAVATE COTOISE,repaired
livret-finales-verdun-23-mars-2024-1-pdf-2024-02-2,fighter,PEREZ Lisa M J C SAVATE COTOISE,PEREZ Lisa MJCSAVATE COTOISE,repaired
livret-finales-verdun-23-mars-2024-1-pdf-2024-05-1,fighter,PERRIN Maeva M J C SAVATE COTOISE,PERRIN Maeva MJCSAVATE COTOISE,repaired
livret-finales-verdun-23-mars-2024-1-pdf-2024-05-2,fighter,PENA Cyrila T.C.M.S.,PENA Cyrila T.C.M.S,repaired
livret-finales-verdun-23-mars-2024-1-pdf-2024-09-2,fighter,FERRARA Joan NICE BOXING TEAM FRANK MAY,FRANK MAY,repaired
livret-finales-verdun-23-mars-2024-1-pdf-2024-14-1,fighter,GONZALO Yohann SAVATE CLUB DRAVEIL BFD,DRAVEIL BFD,repaired
livret-finales-verdun-23-mars-2024-1-pdf-2024-17-2,fighter,DE LA CROIX Tristan LE CERCLE SBF 33,,dropped: contains digits
livret-finales-verdun-23-mars-2024-1-pdf-2024-23-2,fighter,MONACO Noah M J C SAVATE COTOISE,MONACO Noah MJCSAVATE COTOISE,repaired
livret-finales-verdun-23-mars-2024-1-pdf-2024-24-2,fighter,MONACO Mathis M J C SAVATE COTOISE,MONACO Mathis MJCSAVATE COTOISE,repaired
livret-finales-verdun-23-mars-2024-1-pdf-2024-27-2,fighter,NGUENDE Warren Joël C S MEAUX BOXE ACT PUGILISTIQUE,NGUENDE Warren Joël CSMEAUX BOXE ACT PUGILISTIQUE,repaired
livret-premium-resultat-armentieres-pdf-03-1,fighter,PERRIN Maeva M J C SAVATE COTOISE,PERRIN Maeva MJCSAVATE COTOISE,repaired
livret-premium-resultat-armentieres-pdf-03-2,fighter,BAABAN A BAROUNG Lucie Pharelle Akouan International S,BAABAN ABAROUNG Lucie Pharelle Akouan S,repaired
livret-premium-resultat-armentieres-pdf-04-1,fighter,SACCOH Kadidiatou AVENIR SPORTIF D ORLY,SACCOH Kadidiatou AVENIR SPORTIF DORLY,repaired
livret-premium-resultat-armentieres-pdf-04-2,fighter,PARADIS Sixtine M J C SAVATE COTOISE,PARADIS Sixtine MJCSAVATE COTOISE,repaired
livret-premium-resultat-armentieres-pdf-05-2,fighter,DARDENNE Melvin B.F.S. CLUB THIERNOIS,THIERNOIS,repaired
livret-de-competition-finale-elite-b-maubeuge-pdf-01-1,fighter,DELRIEU-MAJERI Louna LE CERCLE SBF 33,,dropped: contains digits
livret-de-competition-finale-elite-b-maubeuge-pdf-03-2,fighter,CAZAL Gwenaelle BAC9savate,,dropped: contains digits
livret-de-competition-finale-elite-b-maubeuge-pdf-13-1,fighter,DUHEM Julien Académie multi boxes wattrelosien,multi boxes wattrelosien,repaired
livret-de-competition-finale-elite-b-maubeuge-pdf-14-2,fighter,MARTIN Fabien M J C SAVATE COTOISE,MARTIN Fabien MJCSAVATE COTOISE,repaired
livret-de-competition-finales-2e-series-rousies-pdf-06-1,fighter,CHASTEL Margot BOXING CLUB RIOMOIS 15,,dropped: contains digits
livret-de-competition-finales-2e-series-rousies-pdf-13-2,fighter,NSIALA DJO Elliot SERRIS VAL D’EUROPE SAVATE,NSIALA DJO Elliot SERRIS VAL SAVATE,repaired
livret-de-competition-finales-2e-series-rousies-pdf-14-2,fighter,PASSIEUX Simon Union Savate Boxing,Savate Boxing,repaired
livret-de-competition-finales-ea-eb-marseille-avril-2026-v2-05-1,fighter,LEVET Maëva BOXING CLUB RIOMOIS 15,,dropped: contains digits
livret-de-competition-finales-ea-eb-marseille-avril-2026-v2-06-2,fighter,TAGREDJ Camil NICE BOXING TEAM FRANK MAY,FRANK MAY,repaired
livret-de-competition-finales-ea-eb-marseille-avril-2026-v2-07-1,fighter,BEAUNE Steven BOXING CLUB CORBIERES MARITIMES,CORBIERES MARITIMES,repaired
livret-de-competition-finales-ea-eb-marseille-avril-2026-v2-08-2,fighter,BELLET Clemence S SAVATITUDE,BELLET Clemence SSAVATITUDE,repaired
livret-de-competition-finales-espoir-m-2025-v2-pdf-2025-04-2,fighter,TAGREDJ Camil NICE BOXING TEAM FRANK MAY,FRANK MAY,repaired
livret-de-competition-finales-espoir-m-2025-v2-pdf-2025-07-1,fighter,PICHARD Axel NICE BOXING TEAM FRANK MAY,FRANK MAY,repaired
livret-de-competition-finales-espoir-m-2025-v2-pdf-2025-07-2,fighter,RICHARD-BENGOECHEA Luken KASKA 64,,dropped: contains digits
livret-de-competition-finales-juniors-avril-2026-pdf-2026-01-2,fighter,SAUVAGE Théo B.F.S. CLUB THIERNOIS,THIERNOIS,repaired
livret-de-competition-finales-juniors-avril-2026-pdf-2026-06-1,fighter,LERAILLE Alana U S CRETEIL,LERAILLE Alana USCRETEIL,repaired
livret-de-competition-finales-juniors-avril-2026-pdf-2026-06-2,fighter,NOUAR GRECH Léa BOXING VAROIS TEAM GRECH,GRECH,repaired
livret-de-competition-finales-juniors-avril-2026-pdf-2026-07-2,fighter,SACCOH Kadidiatou U S CRETEIL,SACCOH Kadidiatou USCRETEIL,repaired
livret-de-competition-finales-assaut-2026-pdf-2026-01-1,fighter,NANDI Chloe U S CRETEIL,NANDI Chloe USCRETEIL,repaired
livret-de-competition-finales-assaut-2026-pdf-2026-05-2,fighter,Buzuel (ATEF) Maurine U S CRETEIL,Buzuel (ATEF) Maurine USCRETEIL,repaired
livret-de-competition-finales-assaut-2026-pdf-2026-07-2,fighter,SACCOH Kadidiatou U S CRETEIL,SACCOH Kadidiatou USCRETEIL,repaired
livret-de-competition-finales-assaut-2026-pdf-2026-15-1,fighter,DEMOUGEOT Franck Dynamik Boxing Club Frontignan,Frontignan,repaired
livret-de-competition-finales-assaut-2026-pdf-2026-15-2,fighter,HUPPERT Lucas C.S.A.K.B.,HUPPERT Lucas C.S.A.K.B,repaired
livret-espoir-resultat-v1-plescop-v2-pdf-02-2,fighter,SAUVAGE Théo B.F.S. CLUB THIERNOIS,THIERNOIS,repaired
livret-espoir-resultat-v1-plescop-v2-pdf-07-1,fighter,NGUENDE Warren joel C S MEAUX BOXE ACT PUGILISTIQUE,NGUENDE Warren joel CSMEAUX BOXE ACT PUGILISTIQUE,repaired
p-finales-elite-a-dunkerque-pdf-01-1,fighter,Plumes................... MAKOUZA Sydney.............................,Plumes................... MAKOUZA Sydney,repaired
p-finales-elite-a-dunkerque-pdf-01-2,fighter,Plumes................... CARBONE Romain............................,Plumes................... CARBONE Romain,repaired
p-finales-elite-a-dunkerque-pdf-02-1,fighter,Légers.................... GRENOT Jonathan............................,Légers.................... GRENOT Jonathan,repaired
p-finales-elite-a-dunkerque-pdf-02-2,fighter,Légers.................... ABDELAOUI Aziz...............................,Légers.................... ABDELAOUI Aziz,repaired
p-finales-elite-a-dunkerque-pdf-03-1,fighter,S/Légers. ............... AMGHAR Yazid..................................,S/Légers. ............... AMGHAR Yazid,repaired
p-finales-elite-a-dunkerque-pdf-03-2,fighter,S/Légers. ............... BIBARD Clément.,S/Légers. ............... BIBARD Clément,repaired
p-finales-elite-a-dunkerque-pdf-04-1,fighter,M/Moyens. ............. DENIS Eric.........................................,M/Moyens. ............. DENIS Eric,repaired
p-finales-elite-a-dunkerque-pdf-04-2,fighter,M/Moyens. ............. LANGLOIS Mehdi.,M/Moyens. ............. LANGLOIS Mehdi,repaired
p-finales-elite-a-dunkerque-pdf-05-1,fighter,Moyens. ................. MIMOUNI Damien..............................,Moyens. ................. MIMOUNI Damien,repaired
p-finales-elite-a-dunkerque-pdf-05-2,fighter,Moyens. ................. MADISSE Patrick...............................,Moyens. ................. MADISSE Patrick,repaired
p-finales-elite-a-dunkerque-pdf-06-1,fighter,M/Lourds................ SISSOKO Slimane.............................,M/Lourds................ SISSOKO Slimane,repaired
p-finales-elite-a-dunkerque-pdf-06-2,fighter,M/Lourds................ CHEVALIER Ludovic..........................,M/Lourds................ CHEVALIER Ludovic,repaired
p-finales-elite-a-dunkerque-pdf-07-1,fighter,Lourds.................... HEINI Frédéric.,Lourds.................... HEINI Frédéric,repaired
p-finales-elite-a-dunkerque-pdf-07-2,fighter,Lourds.................... ROBILLARD Benjamin.......................,Lourds.................... ROBILLARD Benjamin,repaired
prvru-doc-2011-0032,club,Stara Pazova St.Pazova 3 2 0,Stara Pazova St.Pazova 32 0,repaired
prvru1-doc-2011-0049,club,Ruma Ruma 4 3 0,Ruma Ruma 43 0,repaired
prvru1-doc-2011-0050,club,Vojvodina Novi Sad 3 2 0,Vojvodina Novi Sad 32 0,repaired
prvru4-doc-0040,club,Vojvodina Novi Sad 5 3 0,Vojvodina Novi Sad 53 0,repaired
prvru4-doc-0042,club,Goran Ostojić Beograd 3 2 2,Goran Ostojić Beograd 32 2,repaired
r-20-20open-20automne-202021-pdf-2020-p035,fighter,BRUGIROUX Christopher PUNCH SAVATE GANNAT (03),BRUGIROUX Christopher PUNCH SAVATE GANNAT,repaired
r-20-20open-20automne-202021-pdf-2020-p035,country,03,03,unresolved: kept verbatim
r-20finales-20elite-20a-20mf-20-20longwy-pdf-2016-p011,club,CS MEAUX (77,CSMEAUX (77,repaired
result-20tq-20-20jun-20europe-202018-compressed-pdf-2020-01-1,fighter,FINALES BOUCHER Mathieu (FRA),FINALES BOUCHER Mathieu,repaired
result-20tq-20-20jun-20europe-202018-compressed-pdf-2020-01-1,country,FRA,France,resolved
result-20tq-20-20jun-20europe-202018-compressed-pdf-2020-01-2,fighter,FINALES CAPUTI Leonardo (ITA),FINALES CAPUTI Leonardo,repaired
result-20tq-20-20jun-20europe-202018-compressed-pdf-2020-01-2,country,ITA,Italy,resolved
result-20tq-20-20jun-20europe-202018-compressed-pdf-2020-02-1,fighter,FINALES THIELL François (FRA),FINALES THIELL François,repaired
result-20tq-20-20jun-20europe-202018-compressed-pdf-2020-02-1,country,FRA,France,resolved
result-20tq-20-20jun-20europe-202018-compressed-pdf-2020-02-2,fighter,FINALES WIESENHOFER Philippo (AUT),FINALES WIESENHOFER Philippo,repaired
result-20tq-20-20jun-20europe-202018-compressed-pdf-2020-02-2,country,AUT,Austria,resolved
result-20tq-20-20jun-20europe-202018-compressed-pdf-2020-03-1,fighter,FINALES FEDDAL Amine (FRA),FINALES FEDDAL Amine,repaired
result-20tq-20-20jun-20europe-202018-compressed-pdf-2020-03-1,country,FRA,France,resolved
result-20tq-20-20jun-20europe-202018-compressed-pdf-2020-03-2,fighter,FINALES BABADZHANIAN Narek (RUS),FINALES BABADZHANIAN Narek,repaired
result-20tq-20-20jun-20europe-202018-compressed-pdf-2020-03-2,country,RUS,Russia,resolved
result-20tq-20-20jun-20europe-202018-compressed-pdf-2020-04-1,fighter,FINALES FABREGAS Damien (FRA),FINALES FABREGAS Damien,repaired
result-20tq-20-20jun-20europe-202018-compressed-pdf-2020-04-1,country,FRA,France,resolved
result-20tq-20-20jun-20europe-202018-compressed-pdf-2020-04-2,fighter,FINALES GARCIA PERREIRA M. (ESP),FINALES GARCIA PERREIRA M,repaired
result-20tq-20-20jun-20europe-202018-compressed-pdf-2020-04-2,country,ESP,Spain,resolved
result-20tq-20-20jun-20europe-202018-compressed-pdf-2020-05-1,fighter,FINALES ALBERTUS Kevin (FRA),FINALES ALBERTUS Kevin,repaired
result-20tq-20-20jun-20europe-202018-compressed-pdf-2020-05-1,country,FRA,France,resolved
result-20tq-20-20jun-20europe-202018-compressed-pdf-2020-05-2,fighter,FINALES RADIONOV Mykyta (UKR),FINALES RADIONOV Mykyta,repaired
result-20tq-20-20jun-20europe-202018-compressed-pdf-2020-05-2,country,UKR,Ukraine,resolved
result-20tq-20-20jun-20europe-202018-compressed-pdf-2020-06-1,fighter,FINALES BRUGIROUX Christopher (FRA),FINALES BRUGIROUX Christopher,repaired
result-20tq-20-20jun-20europe-202018-compressed-pdf-2020-06-1,country,FRA,France,resolved
result-20tq-20-20jun-20europe-202018-compressed-pdf-2020-06-2,fighter,FINALES IARANTCEV Nikolai (RUS),FINALES IARANTCEV Nikolai,repaired
result-20tq-20-20jun-20europe-202018-compressed-pdf-2020-06-2,country,RUS,Russia,resolved
result-20tq-20-20jun-20europe-202018-compressed-pdf-2020-07-1,fighter,FINALES CHARLOT Jimmy (FRA),FINALES CHARLOT Jimmy,repaired
result-20tq-20-20jun-20europe-202018-compressed-pdf-2020-07-1,country,FRA,France,resolved
result-20tq-20-20jun-20europe-202018-compressed-pdf-2020-07-2,fighter,FINALES VLASIUK Serhi (UKR),FINALES VLASIUK Serhi,repaired
result-20tq-20-20jun-20europe-202018-compressed-pdf-2020-07-2,country,UKR,Ukraine,resolved
result-20tq-20-20jun-20europe-202018-compressed-pdf-2020-08-1,fighter,FINALES COLONNETTE Yannick (FRA),FINALES COLONNETTE Yannick,repaired
result-20tq-20-20jun-20europe-202018-compressed-pdf-2020-08-1,country,FRA,France,resolved
result-20tq-20-20jun-20europe-202018-compressed-pdf-2020-08-2,fighter,FINALES MONGIARDINO Guisepp (ITA),FINALES MONGIARDINO Guisepp,repaired
result-20tq-20-20jun-20europe-202018-compressed-pdf-2020-08-2,country,ITA,Italy,resolved
result-20tq-20-20jun-20europe-202018-compressed-pdf-2020-09-1,fighter,FINALES AGARD Capucine (FRA),FINALES AGARD Capucine,repaired
result-20tq-20-20jun-20europe-202018-compressed-pdf-2020-09-1,country,FRA,France,resolved
result-20tq-20-20jun-20europe-202018-compressed-pdf-2020-09-2,fighter,FINALES HURIEVA Olena (UKR),FINALES HURIEVA Olena,repaired
result-20tq-20-20jun-20europe-202018-compressed-pdf-2020-09-2,country,UKR,Ukraine,resolved
result-20tq-20-20jun-20europe-202018-compressed-pdf-2020-10-1,fighter,FINALES NANDI Chloé (FRA),FINALES NANDI Chloé,repaired
result-20tq-20-20jun-20europe-202018-compressed-pdf-2020-10-1,country,FRA,France,resolved
result-20tq-20-20jun-20europe-202018-compressed-pdf-2020-10-2,fighter,FINALES REGVAT Lucija (CRO),FINALES REGVAT Lucija,repaired
result-20tq-20-20jun-20europe-202018-compressed-pdf-2020-10-2,country,CRO,Croatia,resolved
result-20tq-20-20jun-20europe-202018-compressed-pdf-2020-11-1,fighter,FINALES MIGNIER Mathilde (FRA),FINALES MIGNIER Mathilde,repaired
result-20tq-20-20jun-20europe-202018-compressed-pdf-2020-11-1,country,FRA,France,resolved
result-20tq-20-20jun-20europe-202018-compressed-pdf-2020-11-2,fighter,FINALES DZOLIC Kristina (SER),FINALES DZOLIC Kristina,repaired
result-20tq-20-20jun-20europe-202018-compressed-pdf-2020-11-2,country,SER,Serbia,resolved
result-20tq-20-20jun-20europe-202018-compressed-pdf-2020-12-1,fighter,FINALES ATEF Maurine (FRA),FINALES ATEF Maurine,repaired
result-20tq-20-20jun-20europe-202018-compressed-pdf-2020-12-1,country,FRA,France,resolved
result-20tq-20-20jun-20europe-202018-compressed-pdf-2020-12-2,fighter,FINALES CAVALLO Sofia (ITA),FINALES CAVALLO Sofia,repaired
result-20tq-20-20jun-20europe-202018-compressed-pdf-2020-12-2,country,ITA,Italy,resolved
result-20tq-20-20jun-20europe-202018-compressed-pdf-2020-13-1,fighter,Championne SURREL Sara (FRA),Championne SURREL Sara,repaired
result-20tq-20-20jun-20europe-202018-compressed-pdf-2020-13-1,country,FRA,France,resolved
result-20tq-20-20jun-20europe-202018-compressed-pdf-2020-13-2,fighter,Vice-Championne REITBAUER Michaela (AUS),Vice-Championne REITBAUER Michaela,repaired
result-20tq-20-20jun-20europe-202018-compressed-pdf-2020-13-2,country,AUS,Australia,resolved
result-20tq-20-20jun-20europe-202018-compressed-pdf-2020-14-1,fighter,FINALES SINCERE Lorna (FRA),FINALES SINCERE Lorna,repaired
result-20tq-20-20jun-20europe-202018-compressed-pdf-2020-14-1,country,FRA,France,resolved
result-20tq-20-20jun-20europe-202018-compressed-pdf-2020-14-2,fighter,FINALES ALEXANDER Morgan (GBR),FINALES ALEXANDER Morgan,repaired
result-20tq-20-20jun-20europe-202018-compressed-pdf-2020-14-2,country,GBR,United Kingdom,resolved
result-20tq-20-20jun-20europe-202018-compressed-pdf-2020-15-1,fighter,FINALES GREIMEL Carina (AUS),FINALES GREIMEL Carina,repaired
result-20tq-20-20jun-20europe-202018-compressed-pdf-2020-15-1,country,AUS,Australia,resolved
result-20tq-20-20jun-20europe-202018-compressed-pdf-2020-15-2,fighter,FINALES KOVACIC Marjana (CRO),FINALES KOVACIC Marjana,repaired
result-20tq-20-20jun-20europe-202018-compressed-pdf-2020-15-2,country,CRO,Croatia,resolved
resultats-11-mars-2023-premium-pdf-2023-01-2,fighter,1/2 finale ROUGE,,dropped: contains digits
resultats-11-mars-2023-premium-pdf-2023-03-2,fighter,1/2 finale ROUGE ROMAND Raphael,,dropped: contains digits
resultats-11-mars-2023-premium-pdf-2023-04-2,fighter,1/2 finale ROUGE,,dropped: contains digits
resultats-11-mars-2023-premium-pdf-2023-05-1,fighter,M70 DEBONO THEO à la,,dropped: contains digits
resultats-championnat-universitaire-2022-pdf-2022-p0013,club,ASE U LILLE STAPS,ASE ULILLE STAPS,repaired
resultats-championnat-universitaire-2022-pdf-2022-p0016,club,ASE U LILLE ILIS,ASE ULILLE ILIS,repaired
resultats-championnat-universitaire-2022-pdf-2022-p0019,club,ASE U LILLE STAPS,ASE ULILLE STAPS,repaired
resultats-championnat-universitaire-2022-pdf-2022-p0025,club,ASE U LILLE STAPS,ASE ULILLE STAPS,repaired
rezultati-kikinda-pdf-0001,fighter,Aleksa Dejanovid,Aleksa Dejanović,repaired
rezultati-kikinda-pdf-0003,fighter,Aleksandar Otaševid,Aleksandar OTASEVIC,repaired
rezultati-kikinda-pdf-0007,fighter,Staša Jekid,Staša Jekić,repaired
rezultati-kikinda-pdf-0008,fighter,Dušan Boberid,Dušan Boberić,repaired
rezultati-kikinda-pdf-0010,fighter,Dušan Paunovid,Dušan Paunović,repaired
rezultati-kikinda-pdf-0015,fighter,Nikolina Stajid,Nikolina Stajić,repaired
rezultati-kikinda-pdf-0016,fighter,Milica Rapajid,Milica Rapajić,repaired
rezultati-kikinda-pdf-0017,fighter,Milica Nikolid,Milica Nikolić,repaired
rezultati-kikinda-pdf-0019,fighter,Maja Vorkapid,Maja Vorkapić,repaired
rezultati-kikinda-pdf-0022,fighter,Mia Prošid,Mia Prošić,repaired
rezultati-kikinda-pdf-0025,fighter,Vladimir Boberid,Vladimir Boberić,repaired
rezultati-kikinda-pdf-0027,fighter,Nikola Nenezid,Nikola NENEZIC,repaired
rezultati-kikinda-pdf-0028,fighter,Luka Tomid,Luka Tomić,repaired
rezultati-kikinda-pdf-0030,fighter,Dušan Dimid,Dušan Dimić,repaired
rezultati-kikinda-pdf-0032,fighter,Aleksa Lokid,Aleksa Lokić,repaired
rezultati-kikinda-pdf-0033,fighter,Luka Sekulid,Luka Sekulić,repaired
rezultati-kikinda-pdf-0035,fighter,Marko Bakid,Marko Bakić,repaired
rezultati-kikinda-pdf-0036,fighter,Branislav Sekulid,Branislav Sekulić,repaired
rezultati-kikinda-pdf-0037,fighter,Filip Đukid,Filip Đukić,repaired
rezultati-kikinda-pdf-0038,fighter,Nikola Vukčevid,Nikola VUKCEVIC,repaired
rezultati-kikinda-pdf-0039,fighter,Srđan Ševid,Srđan Šević,repaired
rezultati-kikinda-pdf-0040,fighter,Nikola Panid,Nikola Panić,repaired
rezultati-kikinda-pdf-0044,fighter,Arijana Otaševid,Arijana OTASEVIC,repaired
rezultati-kikinda-pdf-0047,fighter,Mia Otaševid,Mia OTASEVIC,repaired
rezultati-kikinda-pdf-0048,fighter,Dunja Miljanovid,Dunja Miljanović,repaired
rezultati-kikinda-pdf-0050,fighter,Teodora Demid,Teodora Demić,repaired
rezultati-kikinda-pdf-0051,fighter,Anđela Barišid,Anđela Barišić,repaired
rezultati-kikinda-pdf-0052,fighter,Marija Nikolid,Marija Nikolić,repaired
rezultati-kikinda-pdf-0053,fighter,Uroš Veselinovid,Uroš Veselinović,repaired
rezultati-kikinda-pdf-0056,fighter,Vukašin Purid,Vukašin Purić,repaired
rezultati-kikinda-pdf-0057,fighter,Anastasija Ikonid,Anastasija IKONIC,repaired
rezultati-kikinda-pdf-0058,fighter,Maša Matijevid,Maša Matijević,repaired
rezultati-kikinda-pdf-0059,fighter,Jovana Vukčevid,Jovana VUKCEVIC,repaired
rezultati-kikinda-pdf-0060,fighter,Milica Pavlovid,Milica Pavlović,repaired
rezultati-kikinda-pdf-0062,fighter,Damjan Markovid,Damjan Marković,repaired
rezultati-kikinda-pdf-0063,fighter,Zoran Simovid,Zoran Šimović,repaired
rezultati-kikinda-pdf-0064,fighter,Igor Pantid,Igor Pantić,repaired
rezultati-zabalj-28-04-2024-pdf-2024-0029,club,"Banat , Zrenjanin R.BR KLUB Z S B UKUPNO","Banat , Zrenjanin R.BR KLUB ZSBUKUPNO",repaired
resultat-albertville-premium-elite-a-2024-1-pdf-2024-01-1,fighter,M70 BOUGLOUF MALIK,,dropped: contains digits
resultat-albertville-premium-elite-a-2024-1-pdf-2024-01-2,fighter,M70,,dropped: contains digits
resultat-albertville-premium-elite-a-2024-1-pdf-2024-02-1,fighter,M80 RENOIR ENZO,,dropped: contains digits
resultat-albertville-premium-elite-a-2024-1-pdf-2024-03-1,fighter,M70 NASSIBOU LUDOVIC,,dropped: contains digits
resultat-albertville-premium-elite-a-2024-1-pdf-2024-04-1,fighter,F52 VEGARA MARINE,,dropped: contains digits
resultat-albertville-premium-elite-a-2024-1-pdf-2024-04-2,fighter,F52 LE DAMANY STELLA,,dropped: contains digits
resultat-albertville-premium-elite-a-2024-pdf-2024-06-1,fighter,DELARIVE Matthieu BAC9savate,,dropped: contains digits
resultat-albertville-premium-elite-a-2024-pdf-2024-06-2,fighter,SIMONNOT Adrien BF CLUB PERIGUEUX,PERIGUEUX,repaired
resultat-championnat-avenir-juin-205-pdf-2025-p021,fighter,BERNARD Catall2ya,,dropped: contains digits
resultat-championnat-avenir-juin-205-pdf-2025-p028,fighter,MAYER Clo2e,,dropped: contains digits
resultat-championnat-avenir-juin-205-pdf-2025-p030,club,U S CRETEIL,USCRETEIL,repaired
resultat-championnat-avenir-juin-205-pdf-2025-p047,club,M J C SAVATE COTOISE,MJCSAVATE COTOISE,repaired
resultat-championnat-avenir-juin-205-pdf-2025-p072,club,C S MEAUX BOXE ACT PUGILISTIQUE,CSMEAUX BOXE ACT PUGILISTIQUE,repaired
resultat-championnat-avenir-juin-205-pdf-2025-p081,fighter,LE STANC L2o,,dropped: contains digits
resultat-championnat-avenir-juin-205-pdf-2025-p094,club,U S CRETEIL,USCRETEIL,repaired
resultat-championnat-avenir-juin-205-pdf-2025-p099,club,SAM-SAVATE A MOIDIEU,SAM-SAVATE AMOIDIEU,repaired
resultat-championnat-avenir-juin-205-pdf-2025-p107,fighter,GILL Th2o,,dropped: contains digits
resultat-championnat-avenir-juin-205-pdf-2025-p134,club,U S CRETEIL,USCRETEIL,repaired
resultat-championnat-avenir-juin-205-pdf-2025-p155,club,M J C SAVATE COTOISE,MJCSAVATE COTOISE,repaired
resultat-championnat-avenir-juin-205-pdf-2025-p170,club,S SAVATITUDE,SSAVATITUDE,repaired
resultats-20veterans-pdf-01-1,fighter,GROS Stéphane - BC FRANOIS SERRE (25),GROS Stéphane - BC FRANOIS SERRE,repaired
resultats-20veterans-pdf-01-2,fighter,RICHEBOIS Fabrice - ASC CHEVIGNY (21) Vice,,dropped: contains digits
resultats-20veterans-pdf-02-1,fighter,LAURENT Edvin - TAMPON SBF (974),LAURENT Edvin - TAMPON SBF,repaired
resultats-20veterans-pdf-02-2,fighter,GAUCI Thierry - BC OLYMPIQUE SBF BA (34) Vice,,dropped: contains digits
resultats-20veterans-pdf-03-1,fighter,PUJOL Alexandre - JJSO SAVATE BF ST ORENS (31),PUJOL Alexandre - JJSO SAVATE BF ST ORENS,repaired
resultats-20veterans-pdf-03-2,fighter,LESPRIT Philippe - BC CHEVIGNEY (25) Vice,,dropped: contains digits
resultats-20veterans-pdf-04-1,fighter,GARCIA Thierry - GIGNAC SAVATE (34),GARCIA Thierry - GIGNAC SAVATE,repaired
resultats-20veterans-pdf-05-1,fighter,MOISY Franckie - BF SAINT AMAND (16),MOISY Franckie - BF SAINT AMAND,repaired
resultats-20veterans-pdf-05-2,fighter,GOURRI Farid - BF ALLONNES (72) Vice,,dropped: contains digits
resultats-20veterans-pdf-06-1,fighter,BENOIT Ludovic - ASC LE LYON D’ARGENT (69),BENOIT Ludovic - ASC LE LYON D’ARGENT,repaired
resultats-20veterans-pdf-06-2,fighter,KOENIG Frédéric - BF SAVERNE (67) Vice,,dropped: contains digits
resultats-minimes-championnats-de-france-2026-compil-podiums-01-1,fighter,Tireur Club Rencontres Points Avertissements,Rencontres Points Avertissements,repaired
resultats-minimes-championnats-de-france-2026-compil-podiums-01-2,fighter,Maia BOUSCARY T.C.M.S. 3 7 1,,dropped: contains digits
resultats-minimes-championnats-de-france-2026-compil-podiums-02-1,fighter,Maiwen BOCQUILLON LERAT Cote des Légendes Lesneven 4,,dropped: contains digits
resultats-minimes-championnats-de-france-2026-compil-podiums-02-2,fighter,Tireur Club Rencontres Points Avertissements,Rencontres Points Avertissements,repaired
resultats-minimes-championnats-de-france-2026-compil-podiums-03-1,fighter,Tireur Club Rencontres Points Avertissements,Rencontres Points Avertissements,repaired
resultats-minimes-championnats-de-france-2026-compil-podiums-03-2,fighter,Lexy BLIN BF Allonnes 4 8 3,,dropped: contains digits
resultats-minimes-championnats-de-france-2026-compil-podiums-04-1,fighter,Tireur Club Rencontres Points Avertissements,Rencontres Points Avertissements,repaired
resultats-minimes-championnats-de-france-2026-compil-podiums-04-2,fighter,Eléa COLBEAUX Multiboxe 55 4 8 1,,dropped: contains digits
resultats-minimes-championnats-de-france-2026-compil-podiums-05-1,fighter,Tireur Club Rencontres Points Avertissements,Rencontres Points Avertissements,repaired
resultats-minimes-championnats-de-france-2026-compil-podiums-05-2,fighter,Kelya ALESSANDRINI Planète Borg 3 5 0,,dropped: contains digits
resultats-minimes-championnats-de-france-2026-compil-podiums-06-1,fighter,Tireur Club Rencontres Points Avertissements,Rencontres Points Avertissements,repaired
resultats-minimes-championnats-de-france-2026-compil-podiums-06-2,fighter,Juliette DE TURCKHEIM ASS Nantaise BF 4 6 0,,dropped: contains digits
resultats-minimes-championnats-de-france-2026-compil-podiums-07-1,fighter,Tireur Club Rencontres Points Avertissements,Rencontres Points Avertissements,repaired
resultats-minimes-championnats-de-france-2026-compil-podiums-07-2,fighter,Melyne BAVOUX Narbonne Savate Méditerrannée 4 2 5,,dropped: contains digits
resultats-minimes-championnats-de-france-2026-compil-podiums-08-1,fighter,Tireur Club Rencontres Points Avertissements,Rencontres Points Avertissements,repaired
resultats-minimes-championnats-de-france-2026-compil-podiums-08-2,fighter,Elise FRITSCH BF Saverne 2 2 0,,dropped: contains digits
resultats-minimes-championnats-de-france-2026-compil-podiums-09-1,fighter,Tireur Club Rencontres Points Avertissements,Rencontres Points Avertissements,repaired
resultats-minimes-championnats-de-france-2026-compil-podiums-09-2,fighter,Léo DERGAOUI Wattrelos Savate Club 2 6 0,,dropped: contains digits
resultats-minimes-championnats-de-france-2026-compil-podiums-10-1,fighter,Tireur Club Rencontres Points Avertissements,Rencontres Points Avertissements,repaired
resultats-minimes-championnats-de-france-2026-compil-podiums-10-2,fighter,Alphonse LE TALLEC Saint-Malo Boxe Française 4 6 0,,dropped: contains digits
resultats-minimes-championnats-de-france-2026-compil-podiums-11-1,fighter,Tireur Club Rencontres Points Avertissements,Rencontres Points Avertissements,repaired
resultats-minimes-championnats-de-france-2026-compil-podiums-11-2,fighter,Mael DELATTRE-BOURBON Sport Max Savate Boxe Française 4 12 0,,dropped: contains digits
resultats-minimes-championnats-de-france-2026-compil-podiums-12-1,fighter,Clément DEMORE VR Boxing Club 2 2 2,,dropped: contains digits
resultats-minimes-championnats-de-france-2026-compil-podiums-12-2,fighter,Yassine FRI Ecole Savate Agen 2 4 0,,dropped: contains digits
resultats-minimes-championnats-de-france-2026-compil-podiums-13-1,fighter,Imran ABDELAOUI One Boxe Strasbourg 4,,dropped: contains digits
resultats-minimes-championnats-de-france-2026-compil-podiums-13-2,fighter,Tireur Club Rencontres Points Avertissements,Rencontres Points Avertissements,repaired
resultats-minimes-championnats-de-france-2026-compil-podiums-14-1,fighter,Tireur Club Rencontres Points Avertissements,Rencontres Points Avertissements,repaired
resultats-minimes-championnats-de-france-2026-compil-podiums-14-2,fighter,Aydan BAUDELIN Millas Boxe 4 6 4,,dropped: contains digits
resultats-minimes-championnats-de-france-2026-compil-podiums-15-1,fighter,Tireur Club Rencontres Points Avertissements,Rencontres Points Avertissements,repaired
resultats-minimes-championnats-de-france-2026-compil-podiums-15-2,fighter,Tiziano ALLOUCHERY SBF Léo Lagrange Armentières 3 3 2,,dropped: contains digits
resultats-minimes-championnats-de-france-2026-compil-podiums-16-1,fighter,Tireur Club Rencontres Points Avertissements,Rencontres Points Avertissements,repaired
resultats-minimes-championnats-de-france-2026-compil-podiums-16-2,fighter,Melvin CLAVE Toulouse Multi-Boxe 3 9 1,,dropped: contains digits
resultats-minimes-championnats-de-france-2026-compil-podiums-17-1,fighter,Tireur Club Rencontres Points Avertissements,Rencontres Points Avertissements,repaired
resultats-minimes-championnats-de-france-2026-compil-podiums-17-2,fighter,Kays CHAFAI Savate Boxing Club 4 10 1,,dropped: contains digits
resultats-minimes-championnats-de-france-2026-compil-podiums-18-1,fighter,Tireur Club Rencontres Points Avertissements,Rencontres Points Avertissements,repaired
resultats-minimes-championnats-de-france-2026-compil-podiums-18-2,fighter,Youenn BEUCHET DOLIVET ASS Nantaise BF 3 5 3,,dropped: contains digits
resultats-minimes-championnats-de-france-2026-compil-podiums-19-1,fighter,Tireur Club Rencontres Points Avertissements,Rencontres Points Avertissements,repaired
resultats-minimes-championnats-de-france-2026-compil-podiums-19-2,fighter,Naim BOURKOUK B.F.S. Boxe Française Savate Strasbourg 3 7 3,,dropped: contains digits
resultats-minimes-championnats-de-france-2026-compil-podiums-20-1,fighter,Tireur Club Rencontres Points Avertissements,Rencontres Points Avertissements,repaired
resultats-minimes-championnats-de-france-2026-compil-podiums-20-2,fighter,Mathis KOUABENA Fitboxing Breteuil 1 -1 0,,dropped: contains digits
resultats-minimes-championnats-de-france-2026-compil-podiums-21-1,fighter,Tireur Club Rencontres Points Avertissements,Rencontres Points Avertissements,repaired
resultats-minimes-championnats-de-france-2026-compil-podiums-21-2,fighter,Mohamed ALILOU US Fontenay 2 6 1,,dropped: contains digits
results-of-the-junior-savate-assaut-championships-2019-2019-002,fighter,Odhran Doyle,Odhran Coyle,repaired
r-sultats-des-championnats-de-france-jeunes-narbonne-2020-p014,club,SAVAT O POING,SAVAT OPOING,repaired
r-sultats-des-championnats-de-france-jeunes-narbonne-2020-p042,club,U S CRETEIL,USCRETEIL,repaired
r-sultats-des-finales-des-championnats-de-france-jeunes-mini-p009,club,SAVAT O POING,SAVAT OPOING,repaired
r-sultats-des-finales-des-championnats-de-france-jeunes-mini-p025,club,S SAVATITUDE,SSAVATITUDE,repaired
r-sultats-des-finales-des-championnats-de-france-jeunes-mini-p029,club,SAVAT O POING,SAVAT OPOING,repaired
r-sultats-des-finales-des-championnats-de-france-jeunes-mini-p039,club,SAVAT O POING,SAVAT OPOING,repaired
r-sultats-des-finales-des-championnats-de-france-jeunes-mini-p059,club,S B C QUARTIER FRANCAIS,SBCQUARTIER FRANCAIS,repaired
r-sultats-des-finales-du-championnat-de-france-juniors-2020-p006,club,S SAVATITUDE,SSAVATITUDE,repaired
savate-association-india-savate-french-boxing-in-india-002,fighter,Nepal | 1–3 May 2026,,dropped: contains digits
savate-association-india-savate-french-boxing-in-india-004,fighter,Nepal | 1–3 May 2026,,dropped: contains digits
savate-tokyo-open-2011-2011-003,fighter,野崎,,dropped: too short to be a name
savate-tokyo-open-2011-2011-004,fighter,橋本,,dropped: too short to be a name
savate-tokyo-open-2012-2012-003,fighter,山崎,,dropped: too short to be a name
savate-tokyo-open-2012-2012-005,fighter,三本,,dropped: too short to be a name
savate-tokyo-open-2012-2012-006,fighter,橋本,,dropped: too short to be a name
savate-tokyo-open-2012-2012-007,fighter,濱崎,,dropped: too short to be a name
savate-tokyo-open-2012-2012-009,fighter,平田,,dropped: too short to be a name
savate-tokyo-open-2013-2013-001,fighter,野崎,,dropped: too short to be a name
savate-tokyo-open-2013-2013-002,fighter,三本,,dropped: too short to be a name
savate-tokyo-open-2013-2013-005,fighter,星野,,dropped: too short to be a name
savate-tokyo-open-2014-2014-002,fighter,船山,,dropped: too short to be a name
savate-tokyo-open-2014-2014-003,fighter,三本,,dropped: too short to be a name
savate-tokyo-open-2014-2014-005,fighter,橋本,,dropped: too short to be a name
savate-tokyo-open-2014-2014-008,fighter,橘,,dropped: too short to be a name
savate-tokyo-open-2014-2014-009,fighter,中澤,,dropped: too short to be a name
savate-tokyo-open-2014-2014-010,fighter,伊藤,,dropped: too short to be a name
savate-tokyo-open-2019-2019-001,fighter,三本,,dropped: too short to be a name
savate-tokyo-open-2019-2019-002,fighter,永井,,dropped: too short to be a name
savate-tokyo-open-2019-2019-003,fighter,岡本,,dropped: too short to be a name
savate-tokyo-open-2019-2019-004,fighter,北川,,dropped: too short to be a name
savate-tokyo-open-2019-2019-006,fighter,塩谷,,dropped: too short to be a name
savate-tokyo-open-2019-2019-008,fighter,酒向,,dropped: too short to be a name
savate-tokyo-open-2019-2019-010,fighter,浜崎,,dropped: too short to be a name
savate-tokyo-open-2019-2019-012,fighter,山崎,,dropped: too short to be a name
savate-tokyo-open-2019-2019-014,fighter,橋本,,dropped: too short to be a name
savate-tokyo-open-2019-2019-017,fighter,袁,,dropped: too short to be a name
savate-tokyo-open-2019-2019-018,fighter,田中,,dropped: too short to be a name
savate-tokyo-open-2021-2021-001,fighter,岡本,,dropped: too short to be a name
savate-tokyo-open-2021-2021-002,fighter,伊藤,,dropped: too short to be a name
savate-tokyo-open-2021-2021-003,fighter,井沼,,dropped: too short to be a name
savate-tokyo-open-2021-2021-004,fighter,塩谷,,dropped: too short to be a name
savate-tokyo-open-2021-2021-006,fighter,大坪,,dropped: too short to be a name
savate-tokyo-open-2021-2021-007,fighter,家城,,dropped: too short to be a name
savate-tokyo-open-2022-2022-001,fighter,伊藤,,dropped: too short to be a name
savate-tokyo-open-2022-2022-006,fighter,近藤,,dropped: too short to be a name
savate-tokyo-open-2022-2022-007,fighter,満枝,,dropped: too short to be a name
savate-tokyo-open-2022-2022-009,fighter,南澤,,dropped: too short to be a name
savate-tokyo-open-2022-2022-010,fighter,上原,,dropped: too short to be a name
savate-tokyo-open-2022-2022-012,fighter,安齋,,dropped: too short to be a name
savate-tokyo-open-2023-2023-003,fighter,瀬下,,dropped: too short to be a name
savate-tokyo-open-2023-2023-005,fighter,大坪,,dropped: too short to be a name
savate-tokyo-open-2023-2023-006,fighter,田中,,dropped: too short to be a name
savate-tokyo-open-2023-2023-009,fighter,小嶌,,dropped: too short to be a name
savate-tokyo-open-2023-2023-013,fighter,満枝,,dropped: too short to be a name
savate-tokyo-open-2023-2023-015,fighter,橋本,,dropped: too short to be a name
savate-resultats-2006-2006-p0004,club,AS SPORTIVE U CASA,AS SPORTIVE UCASA,repaired
wcjunior-pdf-0001,fighter,– Rinat MAMAEV (Russie),Rinat MAMAEV,repaired
wcjunior-pdf-0001,country,Russie,Russia,resolved
wcjunior-pdf-0002,fighter,– Boris RODRIGUEZ,Boris RODRIGUEZ,repaired
wcjunior-pdf-0002,country,(France),France,resolved
wcjunior-pdf-0003,fighter,– Mykola KARAI (Ukraine),Mykola KARAI,repaired
wcjunior-pdf-0003,country,& Leonardo CAPUTI (Italie),Italy,resolved
wcjunior-pdf-0004,fighter,– Adrien SCHEFFLER (France),Adrien SCHEFFLER,repaired
wcjunior-pdf-0005,fighter,– Sergei SHCHERBACHENKO,Sergei SHCHERBACHENKO,repaired
wcjunior-pdf-0006,fighter,– Luka HUNIC (Croatie) &,,"dropped: reads as fixture text, not a name"
wcjunior-pdf-0007,fighter,– Adrian PETENCHEA Adrian,Adrian PETENCHEA Adrian,repaired
wcjunior-pdf-0008,fighter,– Bekkhan SADAEV,Bekkhan SADAEV,repaired
wcjunior-pdf-0009,fighter,– GARCÍA PERERIRA (Espagne),GARCÍA PERERIRA,repaired
wcjunior-pdf-0009,country,& Brian FILS (Mauritius),Mauritius,resolved
wcjunior-pdf-0010,fighter,– Charles DENIS (France),Charles DENIS,repaired
wcjunior-pdf-0011,fighter,– Nikolai IARANTCEV,Nikolai IARANTCEV,repaired
wcjunior-pdf-0012,fighter,– Luka LANTA (Croatie) &,,"dropped: reads as fixture text, not a name"
wcjunior-pdf-0013,fighter,– Jurica SKORANEC (Croatie),Jurica SKORANEC,repaired
wcjunior-pdf-0013,country,Croatie,Croatia,resolved
wcjunior-pdf-0014,fighter,– Kevin ANDREZE,Kevin ANDREZE,repaired
wcjunior-pdf-0014,country,(France),France,resolved
wcjunior-pdf-0015,fighter,– Valentin KOLYBENKO (Ukraine),Valentin KOLYBENKO,repaired
wcjunior-pdf-0015,country,& SUN Shuo (Chine),China,resolved
wcjunior-pdf-0016,fighter,– Massimo BITTO (France),Massimo BITTO,repaired
wcjunior-pdf-0017,fighter,– Maks HNEZDILOV,Maks HNEZDILOV,repaired
wcjunior-pdf-0017,country,(Ukranie),Ukraine,resolved
wcjunior-pdf-0018,fighter,– Adrien VERGNE (France),Adrien VERGNE,repaired
wcjunior-pdf-0019,fighter,- Alberto LOUREIRO,Alberto LOUREIRO,repaired
wcjunior-pdf-0020,fighter,– Jean-Eudes DESMAISON,Jean-Eudes DESMAISON,repaired
wcjunior-pdf-0020,country,(France),France,resolved
wcjunior-pdf-0021,fighter,– Aleksandr SLIUNCHENKO,Aleksandr SLIUNCHENKO,repaired
wcjunior-pdf-0022,fighter,– Hortense Adriano SPEVILLE,Hortense Adriano SPEVILLE,repaired
wcjunior-pdf-0022,country,(Mauritius),Mauritius,resolved
wcsenior-pdf-0001,fighter,– Jerry BART (France),Jerry BART,repaired
wcsenior-pdf-0002,fighter,– YUAN Peng (Chine),YUAN Peng,repaired
wcsenior-pdf-0002,country,Chine,China,resolved
wcsenior-pdf-0003,fighter,– Antonio HORVATIC (Croatie) & Geraldo,,"dropped: reads as fixture text, not a name"
wcsenior-pdf-0004,fighter,– Jonathan BONNET (France),Jonathan BONNET,repaired
wcsenior-pdf-0005,fighter,– Narek BABADZHANIAN (Russie),Narek BABADZHANIAN,repaired
wcsenior-pdf-0005,country,Russie,Russia,resolved
wcsenior-pdf-0006,fighter,– TENG Lige (Chine) & Manuel GARCÍA,,"dropped: reads as fixture text, not a name"
wcsenior-pdf-0007,fighter,– Aziz ABDELAOUI (France),Aziz ABDELAOUI,repaired
wcsenior-pdf-0008,fighter,– Andoni IGLESIAS (Espagne),Andoni IGLESIAS,repaired
wcsenior-pdf-0008,country,Espagne,Spain,resolved
wcsenior-pdf-0009,fighter,– Ivan SECHI (Italie) & Dimitry PRUDOV,,"dropped: reads as fixture text, not a name"
wcsenior-pdf-0010,fighter,– Ludovic NASSIBOU (France),Ludovic NASSIBOU,repaired
wcsenior-pdf-0011,fighter,– Artur ZAKIRKO (Ukraine),Artur ZAKIRKO,repaired
wcsenior-pdf-0012,fighter,– Ivan MURATKIN (Russie) & Damjan MARKOVIC,,"dropped: reads as fixture text, not a name"
wcsenior-pdf-0013,fighter,– Redouane DERRAS (France),Redouane DERRAS,repaired
wcsenior-pdf-0014,fighter,– Antun VILICIC (Croatie),Antun VILICIC,repaired
wcsenior-pdf-0014,country,Croatie,Croatia,resolved
wcsenior-pdf-0015,fighter,– XU Yong (Chine) & Marouane AATIFI,,"dropped: reads as fixture text, not a name"
wcsenior-pdf-0016,fighter,– Dylan COLIN (France),Dylan COLIN,repaired
wcsenior-pdf-0017,fighter,– AliReza JADIDI (Iran),AliReza JADIDI,repaired
wcsenior-pdf-0018,fighter,– LIU Bing (Chine),LIU Bing,repaired
wcsenior-pdf-0018,country,Chine,China,resolved
wcsenior-pdf-0019,fighter,– Herbert DANOIS (France),Herbert DANOIS,repaired
wcsenior-pdf-0020,fighter,– Milos GOLIC (Montenegro),Milos GOLIC,repaired
wcsenior-pdf-0021,fighter,– Silvio HORVAT (Croatie) & Alain VAN,,"dropped: reads as fixture text, not a name"
wcsenior-pdf-0022,fighter,– Bastien COLIN (France),Bastien COLIN,repaired
wcsenior-pdf-0023,fighter,– Giuseppe MONGIARDINO (Italie),Giuseppe MONGIARDINO,repaired
wcsenior-pdf-0023,country,Italie,Italy,resolved
wcsenior-pdf-0024,fighter,– Nino VLADUSIC (Croatie) & Jovan IKIC,,"dropped: reads as fixture text, not a name"
wcwomen-pdf-0001,fighter,– Chloé NANDI (France),Chloé NANDI,repaired
wcwomen-pdf-0002,fighter,– Elisa PICOLLO (Italie),Elisa PICOLLO,repaired
wcwomen-pdf-0002,country,Italie,Italy,resolved
wcwomen-pdf-0003,fighter,– Rebecca MANDEFU (Belgique),Rebecca MANDEFU,repaired
wcwomen-pdf-0003,country,& Elena MITROFAN (Roumanie),Romania,resolved
wcwomen-pdf-0004,fighter,– Cynthia GONZALEZ (Cuba),Cynthia GONZALEZ,repaired
wcwomen-pdf-0005,fighter,– Adeline ROBIN (France),Adeline ROBIN,repaired
wcwomen-pdf-0006,fighter,– Anatasiia KONOVALCHUK (Ukraine),Anatasiia KONOVALCHUK,repaired
wcwomen-pdf-0006,country,& Mariko HARA (Japon),Japan,resolved
wcwomen-pdf-0007,fighter,– Jacqueline BEROUD (France),Jacqueline BEROUD,repaired
wcwomen-pdf-0008,fighter,– Anna VOLOBUEVA (Russie),Anna VOLOBUEVA,repaired
wcwomen-pdf-0008,country,Russie,Russia,resolved
wcwomen-pdf-0009,fighter,– Jovana MILOVANOVIC (Serbie),Jovana MILOVANOVIC,repaired
wcwomen-pdf-0009,country,& LI Xiaoxiao (Chine),China,resolved
wcwomen-pdf-0010,fighter,– Marion MONTANARI,Marion MONTANARI,repaired
wcwomen-pdf-0010,country,(France),France,resolved
wcwomen-pdf-0011,fighter,– Rimma GOLUBEVA,Rimma GOLUBEVA,repaired
wcwomen-pdf-0012,fighter,– Veronica PARISI (Italie) & Vida,,"dropped: reads as fixture text, not a name"
wcwomen-pdf-0013,fighter,– Cyrielle GIRODIAS (France),Cyrielle GIRODIAS,repaired
wcwomen-pdf-0014,fighter,– YUAN Xuetao (Chine),YUAN Xuetao,repaired
wcwomen-pdf-0014,country,Chine,China,resolved
wcwomen-pdf-0015,fighter,– Teodora MANIC (Serbie) &,,"dropped: reads as fixture text, not a name"
wcwomen-pdf-0016,fighter,– Kanelle LEGER (France),Kanelle LEGER,repaired
wcwomen-pdf-0017,fighter,– Serena BURGIO,Serena BURGIO,repaired
wcwomen-pdf-0018,fighter,– Morgan ALEXANDER (Great,Morgan ALEXANDER (Great,repaired
wcwomen-pdf-0018,country,Britain),Britain),unresolved: kept verbatim
wcwomen-pdf-0019,fighter,– Nives RADIC (Croatie),Nives RADIC,repaired
wcwomen-pdf-0019,country,Croatie,Croatia,resolved
wcwomen-pdf-0020,fighter,– Sharone CLAIR (Mauritius),Sharone CLAIR,repaired
wcwomen-pdf-0021,fighter,– Wided YOUNSI (Tunisie),Wided YOUNSI,repaired
wcwomen-pdf-0021,country,Tunisie,Tunisia,resolved
wcwomen-pdf-0022,fighter,– Karine Sandrine,Karine Sandrine,repaired
wcwomen-pdf-0022,country,BERRY (Mauritius),Mauritius,resolved
combatruma-pdf-0012,fighter,Vukašin Vakirević-„Goran Ostojić“ Beog.,Vukašin Vakirević-„Goran Ostojić“ Beog,repaired
combatruma-pdf-0021,country,„Vojvodina“ Novi Sad,„Vojvodina“ Novi Sad,unresolved: kept verbatim
combatruma-pdf-0026,fighter,Vuk Jovanović-„Goran Ostojić“ Beog.,Vuk Jovanović-„Goran Ostojić“ Beog,repaired
combatruma-pdf-0028,fighter,Igor Bantić-„Goran Ostojić“ Beog.,Igor Bantić-„Goran Ostojić“ Beog,repaired
combatruma-pdf-0036,country,„Vojvodina“ Novi Sad,„Vojvodina“ Novi Sad,unresolved: kept verbatim
combatruma-pdf-0040,fighter,KBS “Voždovac” Beograd 5 8 1 32,,dropped: contains digits
combatruma-pdf-0041,fighter,SK “Goran Ostojić” Beograd 2 3 2 14,,dropped: contains digits
combatruma-pdf-0042,fighter,"SK ""Vojvodina"" N.Sad 3 1 0 11",,dropped: contains digits
combatruma-pdf-0043,fighter,KBS “Novi Sad” N.Sad 3 0 0 9,,dropped: contains digits
combatruma-pdf-0044,fighter,"Savate boks klub ""Ruma” 1 2 0 7",,dropped: contains digits
combatruma-pdf-0045,fighter,SK “Banat” Zrenjanin 1 1 1 6,,dropped: contains digits
combatruma-pdf-0046,fighter,KBS “Grocka” Beograd 0 2 0 4,,dropped: contains digits
combatruma-pdf-0047,fighter,SK “Petros” Beograd 1 0 0 3,,dropped: contains digits
combatruma-pdf-0048,fighter,SBK “Beograd” Beograd 1 0 0 3,,dropped: contains digits
combatruma-pdf-0049,fighter,BK “Ringfajter” Kanjiža 0 1 0 2,,dropped: contains digits
combatruma-pdf-0050,fighter,SUBS “Avala Tima” Beograd 0 0 0 0,,dropped: contains digits
combatruma-pdf-0051,fighter,BK “Gard” Vršac 0 0 0 0,,dropped: contains digits
kupsrbije-2019-0023,fighter,Filip Đukić,Filip Čukić,repaired
pool-g1-r1-sc-pdf-0004,fighter,Ienaro Valerio NES. - SSD. A RL.,Ienaro Valerio NES. - SSD. ARL,repaired
pool-g1-r1-sc-pdf-0008,fighter,Lunardi Edoardo NES. - SSD. A RL.,Lunardi Edoardo NES. - SSD. ARL,repaired
pool-g1-t1-sdt-pdf-0004,fighter,Defedilta Daniele NES. - SSD. A RL.,Defedilta Daniele NES. - SSD. ARL,repaired
pool-g1-t1-sdt-pdf-0005,fighter,Odescalchi Alberto Societa' Ginnastica Andrea Doria ASD.,Odescalchi Alberto Societa' Ginnastica Andrea Doria ASD,repaired
pool-g1-t1-sdt-pdf-0006,fighter,Criniti Samuele Societa' Ginnastica Andrea Doria ASD.,Criniti Samuele Societa' Ginnastica Andrea Doria ASD,repaired
pool-g1-t1-sdt-pdf-0007,fighter,Lo Presti Mirko Societa' Ginnastica Andrea Doria ASD.,Lo Presti Mirko Societa' Ginnastica Andrea Doria ASD,repaired
pool-g1-t1-sdt-pdf-0015,fighter,Mazzini Pietro Societa' Ginnastica Andrea Doria ASD.,Mazzini Pietro Societa' Ginnastica Andrea Doria ASD,repaired
pool-g1-t1-sdt-pdf-0021,fighter,Ricci Emma Societa' Ginnastica Andrea Doria ASD.,Ricci Emma Societa' Ginnastica Andrea Doria ASD,repaired
pool-g1-t1-sdt-pdf-0023,fighter,Criniti Samuele Societa' Ginnastica Andrea Doria ASD.,Criniti Samuele Societa' Ginnastica Andrea Doria ASD,repaired
pool-g1-t1-sdt-pdf-0024,fighter,Lo Presti Mirko Societa' Ginnastica Andrea Doria ASD.,Lo Presti Mirko Societa' Ginnastica Andrea Doria ASD,repaired
pool-g1-t1-sdt-pdf-0027,fighter,Mazzini Pietro Societa' Ginnastica Andrea Doria ASD.,Mazzini Pietro Societa' Ginnastica Andrea Doria ASD,repaired
resultats-savate-2005-p0008,club,C R SPORT U LILLE,CRSPORT ULILLE,repaired
resultats-savate-2005-p0029,club,I.F.I ROUEN,I.F.IROUEN,repaired
resultats-savate-2005-p0050,club,AS U CASA / STAPS,AS UCASA / STAPS,repaired
savate-bf-resultats-2008-2008-p0001,club,CR SPORT U DE PARIS,CR SPORT UDE PARIS,repaired
savate-bf-resultats-2008-2008-p0044,club,AS U DIJON,AS UDIJON,repaired
savate-tableaux-masculins-cfu-2015-pdf-2015-0004,club,U NANTES,UNANTES,repaired
finales-finales-2023-p009,fighter,1/2F JANOLI Léa SBF DE CLUSES,,dropped: contains digits
finales-finales-2023-p024,fighter,1/2F CARDARELLI Vittorio AS EVRY SBF,,dropped: contains digits
finales-finales-2023-p025,club,SAVAT O POING,SAVAT OPOING,repaired
finales-finales-2023-p030,fighter,Finale DELARIVE Matthieu BAC9savate,,dropped: contains digits
